date,open,close,high,low,volume
1997-05-16,4.02,4.12,4.28,3.86,248475
1997-05-19,4.1,4.3,4.35,4.08,64489
1997-05-20,4.28,4.3,4.35,4.25,42213
1997-05-21,4.28,4.31,4.42,4.27,34399
1997-05-22,4.07,4.23,4.41,4.07,33486
1997-05-23,4.28,4.4,4.47,4.28,22253
1997-05-26,4.44,4.46,4.56,4.33,17712
1997-05-27,4.52,4.46,4.52,4.41,11558
1997-05-28,4.44,4.39,4.45,4.38,9673
1997-05-29,4.39,4.4,4.51,4.37,11205
1997-05-30,4.4,4.5,4.5,4.38,8636
1997-06-02,4.53,4.56,4.59,4.46,14682
1997-06-03,4.57,4.52,4.57,4.49,8835
1997-06-04,4.5,4.52,4.54,4.47,10786
1997-06-05,4.53,4.63,4.7,4.53,15875
1997-06-06,4.44,4.43,4.58,4.4,12468
1997-06-09,4.46,4.38,4.48,4.32,7014
1997-06-10,4.37,4.22,4.41,4.19,4499
1997-06-11,4.22,4.17,4.25,3.97,6780
1997-06-12,4.16,4.24,4.24,4.12,6413
1997-06-13,4.12,4.35,4.36,4.12,6436
1997-06-16,4.36,4.35,4.39,4.29,6238
1997-06-17,4.33,4.28,4.33,4.28,2258
1997-06-18,4.36,4.29,4.36,4.27,2629
1997-06-19,4.3,4.25,4.33,4.25,2929
1997-06-20,4.24,4.37,4.4,4.24,3526
1997-06-23,4.39,4.33,4.49,4.31,4428
1997-06-24,4.35,4.37,4.41,4.33,1657
1997-06-25,4.39,4.45,4.55,4.37,18868
1997-06-26,4.49,4.42,4.49,4.4,2767
1997-06-27,4.42,4.34,4.46,4.29,4542
1997-07-02,4.35,4.35,4.4,4.15,2705
1997-07-03,4.31,4.25,4.31,4.19,2043
1997-07-04,4.23,4.26,4.36,4.18,1732
1997-07-07,4.25,4.23,4.31,4.1,2192
1997-07-08,4.21,4.25,4.25,4.15,1561
1997-07-09,4.24,4.33,4.36,4.21,11939
1997-07-10,4.35,4.27,4.35,4.26,2194
1997-07-11,4.24,4.4,4.41,4.24,12544
1997-07-14,4.47,4.44,4.49,4.41,4251
1997-07-15,4.44,4.65,4.65,4.4,19705
1997-07-16,4.71,4.76,4.96,4.68,20080
1997-07-17,4.65,4.7,4.81,4.65,6053
1997-07-18,4.7,4.75,4.75,4.6,5517
1997-07-21,4.81,4.64,4.81,4.63,3881
1997-07-22,4.72,4.75,4.75,4.62,5961
1997-07-23,4.8,4.98,4.99,4.74,22345
1997-07-24,5.13,4.75,5.14,4.7,35766
1997-07-25,4.69,4.72,4.74,4.63,11325
1997-07-28,4.72,4.6,4.72,4.57,2610
1997-07-29,4.6,4.64,4.68,4.55,8757
1997-07-30,4.63,4.68,4.7,4.6,9081
1997-07-31,4.67,4.77,4.79,4.63,16151
1997-08-01,4.78,4.75,4.8,4.7,12484
1997-08-04,4.71,4.72,4.76,4.66,9801
1997-08-05,4.7,4.71,4.74,4.65,3098
1997-08-06,4.77,4.77,4.84,4.67,16237
1997-08-07,4.76,4.76,4.8,4.7,2307
1997-08-08,4.77,4.76,4.79,4.7,2100
1997-08-11,4.76,4.62,4.76,4.57,1778
1997-08-12,4.62,4.48,4.62,4.44,2122
1997-08-13,4.47,4.36,4.51,4.35,2746
1997-08-14,4.37,4.51,4.53,4.37,1517
1997-08-15,4.51,4.49,4.51,4.44,1202
1997-08-18,4.46,4.47,4.52,4.43,1462
1997-08-19,4.47,4.45,4.52,4.44,1793
1997-08-20,4.15,4.49,4.49,4.15,1605
1997-08-21,4.49,4.49,4.5,4.46,866
1997-08-22,4.48,4.56,4.61,4.48,1871
1997-08-25,4.6,4.57,4.6,4.49,2173
1997-08-26,4.65,4.63,4.69,4.6,3950
1997-08-27,4.63,4.69,4.72,4.63,5363
1997-08-28,4.71,4.65,4.74,4.63,3124
1997-08-29,4.65,4.63,4.65,4.58,4765
1997-09-01,4.67,4.66,4.77,4.61,5451
1997-09-02,4.62,4.64,4.7,4.6,4948
1997-09-03,4.66,4.64,4.68,4.62,4862
1997-09-04,4.7,4.7,4.73,4.64,9427
1997-09-05,4.71,4.68,4.74,4.68,9212
1997-09-08,4.68,4.62,4.7,4.6,6323
1997-09-09,4.63,4.55,4.65,4.55,4720
1997-09-10,4.55,4.48,4.61,4.46,7349
1997-09-11,4.49,4.53,4.6,4.49,8886
1997-09-12,4.57,4.41,4.58,4.36,7975
1997-09-15,4.41,4.33,4.42,4.33,2805
1997-09-16,4.34,4.34,4.38,4.32,2159
1997-09-17,4.34,4.37,4.38,4.33,1563
1997-09-18,4.38,4.42,4.48,4.38,3443
1997-09-19,4.43,4.41,4.44,4.4,1615
1997-09-22,4.42,4.22,4.42,4.19,3762
1997-09-23,4.23,4.06,4.23,4.03,3571
1997-09-24,4.1,4.17,4.23,4.1,10353
1997-09-25,4.23,4.17,4.27,4.15,3054
1997-09-26,4.17,4.15,4.19,4.1,2415
1997-09-29,4.19,4.26,4.27,4.13,6791
1997-09-30,4.23,4.28,4.36,4.21,10528
1997-10-06,4.36,4.23,4.36,4.21,2475
1997-10-07,4.22,4.25,4.25,4.2,1236
1997-10-08,4.24,4.3,4.32,4.24,3286
1997-10-09,4.3,4.23,4.3,4.21,1879
1997-10-10,4.23,4.24,4.25,4.21,1333
1997-10-13,4.25,4.22,4.27,4.21,1548
1997-10-14,4.21,4.23,4.23,4.2,1139
1997-10-15,4.23,4.27,4.32,4.22,1603
1997-10-16,4.29,4.42,4.43,4.24,12651
1997-10-17,4.48,4.53,4.57,4.42,14992
1997-10-20,4.55,4.59,4.65,4.53,14449
1997-10-21,4.61,4.68,4.71,4.56,16371
1997-10-22,4.68,4.67,4.74,4.57,23139
1997-10-23,4.61,4.64,4.67,4.61,10446
1997-10-24,4.63,4.61,4.65,4.55,6794
1997-10-27,4.74,4.72,4.76,4.68,13093
1997-10-28,4.72,4.59,4.77,4.57,8980
1997-10-29,4.59,4.65,4.65,4.53,9441
1997-10-30,4.66,4.82,4.91,4.59,39192
1997-10-31,4.78,4.96,5.02,4.71,50395
1997-11-03,5.03,5.08,5.16,4.99,62632
1997-11-04,5.02,5.06,5.12,4.97,16826
1997-11-05,5.03,5.07,5.08,4.97,8562
1997-11-06,5.07,4.99,5.11,4.97,17962
1997-11-07,4.99,5.01,5.06,4.9,11203
1997-11-10,5.0,4.99,5.1,4.95,13213
1997-11-11,4.99,4.91,5.01,4.86,7709
1997-11-12,4.89,4.89,5.01,4.89,5266
1997-11-13,4.9,4.92,4.95,4.8,6751
1997-11-14,4.93,4.8,4.95,4.8,15368
1997-11-17,4.7,4.85,4.89,4.7,34465
1997-11-18,4.82,4.8,4.85,4.78,8696
1997-11-19,4.8,4.79,4.83,4.78,3722
1997-11-20,4.8,4.74,4.81,4.74,5796
1997-11-21,4.74,4.62,4.74,4.59,8833
1997-11-24,4.61,4.53,4.61,4.51,6890
1997-11-25,4.51,4.59,4.61,4.48,3492
1997-11-26,4.59,4.62,4.64,4.57,2615
1997-11-27,4.61,4.53,4.61,4.51,4791
1997-11-28,4.53,4.61,4.61,4.52,3388
1997-12-01,4.63,4.57,4.63,4.55,2190
1997-12-02,4.55,4.59,4.61,4.55,1765
1997-12-03,4.57,4.7,4.7,4.55,4271
1997-12-04,4.69,4.78,4.79,4.68,12245
1997-12-05,4.78,4.73,4.79,4.72,8958
1997-12-08,4.74,4.69,4.75,4.65,3431
1997-12-09,4.69,4.7,4.78,4.67,4752
1997-12-10,4.74,4.68,4.74,4.66,6589
1997-12-11,4.68,4.69,4.71,4.65,4416
1997-12-12,4.7,4.65,4.72,4.61,17300
1997-12-15,4.65,4.65,4.65,4.57,14067
1997-12-16,4.65,4.68,4.77,4.65,26401
1997-12-17,4.68,4.59,4.69,4.56,15289
1997-12-18,4.57,4.55,4.58,4.5,18276
1997-12-19,4.53,4.59,4.6,4.52,6234
1997-12-22,4.59,4.54,4.59,4.48,15201
1997-12-23,4.57,4.64,4.68,4.55,19563
1997-12-24,4.63,4.63,4.71,4.61,9134
1997-12-25,4.62,4.6,4.64,4.57,8271
1997-12-26,4.63,4.59,4.64,4.55,11530
1997-12-29,4.57,4.53,4.58,4.51,12721
1997-12-30,4.53,4.51,4.57,4.49,5723
1997-12-31,4.53,4.58,4.6,4.5,6781
1998-01-05,4.57,4.68,4.72,4.52,19000
1998-01-06,4.69,4.96,5.01,4.69,62922
1998-01-07,4.96,4.91,4.97,4.85,38528
1998-01-08,4.91,4.92,5.03,4.88,29377
1998-01-09,4.92,4.9,4.97,4.85,30324
1998-01-12,4.91,4.91,5.08,4.91,61818
1998-01-13,4.87,4.64,4.89,4.56,45223
1998-01-14,4.66,4.67,4.76,4.59,39674
1998-01-15,4.7,4.83,4.84,4.7,18827
1998-01-16,4.81,4.76,4.88,4.74,11725
1998-01-19,4.76,4.76,4.87,4.74,8101
1998-01-20,4.74,4.67,4.8,4.63,7316
1998-01-21,4.66,4.62,4.68,4.6,9231
1998-01-22,4.61,4.65,4.68,4.59,7221
1998-01-23,4.68,4.68,4.73,4.67,5196
1998-02-09,4.83,4.68,4.83,4.67,7884
1998-02-10,4.71,4.6,4.71,4.59,11382
1998-02-11,4.61,4.63,4.67,4.6,4030
1998-02-12,4.62,4.61,4.67,4.6,5687
1998-02-13,4.63,4.6,4.63,4.58,5914
1998-02-16,4.59,4.54,4.59,4.53,8859
1998-02-17,4.54,4.53,4.59,4.51,6232
1998-02-18,4.55,4.54,4.57,4.51,5368
1998-02-19,4.54,4.53,4.59,4.51,4179
1998-02-20,4.54,4.57,4.62,4.52,5354
1998-02-23,4.56,4.43,4.56,4.42,10898
1998-02-24,4.42,4.39,4.47,4.39,7702
1998-02-25,4.39,4.3,4.42,4.29,7124
1998-02-26,4.26,4.31,4.36,4.25,6241
1998-02-27,4.34,4.35,4.4,4.31,4870
1998-03-02,4.31,4.24,4.31,4.22,7259
1998-03-03,4.24,4.25,4.28,4.2,5864
1998-03-04,4.26,4.24,4.26,4.21,3445
1998-03-05,4.27,4.34,4.36,4.25,5675
1998-03-06,4.34,4.28,4.34,4.25,3789
1998-03-09,4.28,4.23,4.29,4.22,5981
1998-03-10,4.0,4.04,4.11,3.95,18700
1998-03-11,4.05,4.08,4.15,4.04,8429
1998-03-12,4.07,4.05,4.12,4.04,3316
1998-03-13,4.05,4.04,4.08,4.03,4206
1998-03-16,4.04,4.05,4.07,3.99,6670
1998-03-17,4.07,4.1,4.13,4.02,7512
1998-03-18,4.1,4.06,4.11,4.06,4083
1998-03-19,4.09,4.06,4.09,4.04,2874
1998-03-20,4.05,4.04,4.07,4.04,2512
1998-03-23,4.04,4.05,4.09,4.03,3749
1998-03-24,4.06,4.09,4.11,4.05,2592
1998-03-25,4.14,4.05,4.15,4.04,5701
1998-03-26,4.05,4.02,4.08,4.02,5392
1998-03-27,4.04,4.09,4.11,4.0,8653
1998-03-30,4.09,4.19,4.21,4.06,11527
1998-03-31,4.19,4.1,4.21,4.09,7278
1998-04-01,4.15,4.34,4.37,4.11,26053
1998-04-02,4.36,4.3,4.38,4.28,18418
1998-04-03,4.3,4.28,4.31,4.23,8499
1998-04-06,4.29,4.25,4.34,4.23,10282
1998-04-07,4.25,4.24,4.29,4.23,7610
1998-04-08,4.25,4.27,4.38,4.23,12113
1998-04-09,4.3,4.26,4.3,4.24,9951
1998-04-13,4.29,4.36,4.41,4.29,16290
1998-04-14,4.36,4.32,4.38,4.3,7082
1998-04-15,4.31,4.27,4.32,4.27,6241
1998-04-16,4.28,4.24,4.31,4.23,9170
1998-04-17,4.23,4.15,4.24,4.15,7429
1998-04-20,4.15,4.11,4.17,4.07,6593
1998-04-21,4.08,4.17,4.2,4.08,5211
1998-04-22,4.19,4.25,4.25,4.16,5866
1998-04-23,4.27,4.25,4.3,4.21,8586
1998-04-24,4.21,4.35,4.36,4.18,21313
1998-04-27,4.39,4.32,4.43,4.28,13840
1998-04-28,4.32,4.38,4.39,4.32,13054
1998-04-29,4.36,4.41,4.42,4.31,12572
1998-04-30,4.36,4.47,4.49,4.35,23214
1998-05-04,4.47,4.46,4.51,4.42,23649
1998-05-05,4.46,4.5,4.56,4.45,17941
1998-05-06,4.5,4.51,4.56,4.44,19103
1998-05-07,4.5,4.4,4.5,4.35,12246
1998-05-08,4.38,4.4,4.4,4.34,10176
1998-05-11,4.4,4.41,4.42,4.35,14583
1998-05-12,4.4,4.4,4.42,4.34,8222
1998-05-13,4.42,4.41,4.43,4.34,10976
1998-05-14,4.4,4.47,4.49,4.37,18107
1998-05-15,4.49,4.53,4.59,4.49,26021
1998-05-18,4.55,4.49,4.6,4.47,11620
1998-05-19,4.48,4.46,4.54,4.46,9277
1998-05-20,4.45,4.46,4.5,4.4,7016
1998-05-21,4.46,4.45,4.47,4.38,7649
1998-05-22,4.42,4.43,4.5,4.41,6586
1998-05-25,4.43,4.36,4.44,4.35,11353
1998-05-26,4.38,4.5,4.51,4.38,14276
1998-05-27,4.49,4.46,4.57,4.45,11068
1998-05-28,4.46,4.41,4.47,4.39,6348
1998-05-29,4.42,4.43,4.46,4.38,10602
1998-06-01,4.45,4.57,4.58,4.45,28920
1998-06-02,4.53,4.54,4.6,4.51,14535
1998-06-03,4.53,4.62,4.64,4.49,33400
1998-06-04,4.63,4.66,4.7,4.62,32234
1998-06-05,4.65,4.57,4.67,4.54,18979
1998-06-08,4.57,4.66,4.69,4.57,21926
1998-06-09,4.66,4.6,4.66,4.53,19990
1998-06-10,4.57,4.64,4.65,4.54,20800
1998-06-11,4.61,4.56,4.64,4.53,7483
1998-06-12,4.62,4.62,4.63,4.56,12666
1998-06-15,4.66,4.57,4.67,4.51,8976
1998-06-16,4.57,4.49,4.57,4.42,8029
1998-06-17,4.51,4.52,4.53,4.42,5969
1998-06-18,4.51,4.61,4.62,4.51,14971
1998-06-19,4.61,4.57,4.62,4.53,7899
1998-06-22,4.59,4.68,4.69,4.58,21614
1998-06-23,4.66,4.71,4.74,4.62,23915
1998-06-24,4.69,4.7,4.72,4.66,12219
1998-06-25,4.69,4.51,4.7,4.49,31456
1998-06-26,4.49,4.39,4.5,4.34,50213
1998-06-29,4.37,4.26,4.37,4.23,14650
1998-06-30,4.28,4.27,4.31,4.26,8059
1998-07-01,4.34,4.16,4.36,4.16,11368
1998-07-02,4.16,4.22,4.23,4.15,7316
1998-07-03,4.26,4.2,4.28,4.19,6649
1998-07-06,4.23,4.14,4.23,4.13,4688
1998-07-07,4.14,4.12,4.15,4.1,5714
1998-07-08,4.13,4.15,4.17,4.13,4176
1998-07-09,4.16,4.16,4.19,4.15,2969
1998-07-10,4.16,4.19,4.23,4.13,4708
1998-07-13,4.19,4.25,4.28,4.19,5460
1998-07-14,4.25,4.17,4.27,4.16,5846
1998-07-15,4.17,4.12,4.17,4.1,5891
1998-07-16,4.13,4.09,4.18,4.07,4838
1998-07-17,4.1,4.04,4.1,4.0,7562
1998-07-20,4.03,4.04,4.07,3.97,4285
1998-07-21,4.04,4.1,4.11,4.04,2913
1998-07-22,4.05,4.13,4.13,4.02,6288
1998-07-23,4.13,4.2,4.21,4.12,21801
1998-07-24,4.19,4.17,4.21,4.15,4326
1998-07-27,4.18,4.17,4.19,4.12,4467
1998-07-28,4.17,4.15,4.18,4.11,5287
1998-07-29,4.17,4.16,4.17,4.13,3545
1998-07-30,4.16,4.15,4.21,4.14,5819
1998-07-31,4.17,4.18,4.23,4.15,9840
1998-08-03,4.2,4.16,4.22,4.16,2871
1998-08-04,4.19,4.13,4.19,4.11,2849
1998-08-05,4.12,4.13,4.14,4.09,2615
1998-08-06,4.15,4.09,4.15,4.08,2710
1998-08-07,4.09,4.05,4.09,4.04,4679
1998-08-10,4.03,4.0,4.04,3.99,4034
1998-08-11,4.01,3.95,4.02,3.92,3422
1998-08-12,3.95,3.86,3.95,3.81,4510
1998-08-13,3.89,3.9,3.94,3.85,2366
1998-08-14,3.9,3.85,3.9,3.81,4364
1998-08-17,3.76,3.6,3.76,3.6,4667
1998-08-18,3.53,3.66,3.66,3.49,5070
1998-08-19,3.57,3.76,3.79,3.56,5288
1998-08-20,3.76,3.77,3.77,3.7,4093
1998-08-21,3.74,3.76,3.77,3.7,4144
1998-08-24,3.75,3.77,3.8,3.72,3248
1998-08-25,3.72,3.76,3.77,3.7,3386
1998-08-26,3.66,3.71,3.76,3.66,2498
1998-08-27,3.69,3.77,3.82,3.69,7142
1998-08-28,3.79,3.78,3.85,3.77,7616
1998-08-31,3.8,3.81,3.83,3.66,6532
1998-09-01,3.79,3.85,3.89,3.77,6529
1998-09-02,3.87,3.83,3.89,3.81,4410
1998-09-03,3.84,3.84,3.88,3.83,3142
1998-09-04,3.82,3.84,3.87,3.82,3100
1998-09-07,3.83,3.88,3.88,3.79,7141
1998-09-08,3.85,3.85,3.91,3.85,3479
1998-09-09,3.82,3.86,3.87,3.82,2825
1998-09-10,3.88,3.94,3.97,3.87,12337
1998-09-11,3.94,3.95,3.97,3.91,7112
1998-09-14,3.94,4.02,4.02,3.9,8755
1998-09-15,4.02,4.03,4.06,3.96,12257
1998-09-16,4.0,4.02,4.04,3.98,4710
1998-09-17,4.02,4.07,4.13,4.0,18554
1998-09-18,4.04,3.97,4.06,3.88,5195
1998-09-21,3.97,4.01,4.02,3.93,5468
1998-09-22,4.02,4.02,4.03,3.97,2342
1998-09-23,4.01,3.98,4.02,3.96,1666
1998-09-24,3.96,3.88,3.97,3.87,3546
1998-09-25,3.88,3.96,3.96,3.87,5866
1998-09-28,3.93,3.9,3.94,3.86,3384
1998-09-29,3.87,3.94,3.94,3.87,1578
1998-09-30,3.89,3.96,3.98,3.89,4403
1998-10-05,3.98,3.93,3.98,3.93,869
1998-10-06,3.93,3.89,3.95,3.88,1550
1998-10-07,3.88,3.86,3.9,3.86,1824
1998-10-08,3.93,3.92,3.95,3.89,1969
1998-10-09,3.9,3.91,3.94,3.88,3698
1998-10-12,3.93,3.94,3.96,3.86,4213
1998-10-13,3.95,3.92,3.96,3.9,2188
1998-10-14,3.91,3.88,3.92,3.86,3401
1998-10-15,3.88,3.93,3.94,3.87,4290
1998-10-16,3.93,3.94,3.99,3.93,4489
1998-10-19,3.92,3.91,4.0,3.89,2943
1998-10-20,3.91,3.89,3.92,3.87,2243
1998-10-21,3.89,3.81,3.89,3.81,7026
1998-10-22,3.78,3.83,3.83,3.77,4506
1998-10-23,3.82,3.8,3.84,3.8,2567
1998-10-26,3.77,3.74,3.78,3.69,7377
1998-10-27,3.73,3.68,3.73,3.64,6443
1998-10-28,3.68,3.73,3.73,3.68,4960
1998-10-29,3.74,3.72,3.76,3.7,2704
1998-10-30,3.73,3.73,3.75,3.71,3346
1998-11-02,3.73,3.74,3.75,3.67,3087
1998-11-03,3.75,3.81,3.83,3.72,5727
1998-11-04,3.83,3.77,3.83,3.76,2013
1998-11-05,3.77,3.77,3.79,3.75,2901
1998-11-06,3.81,3.8,3.84,3.77,6655
1998-11-09,3.81,3.85,3.85,3.81,5667
1998-11-10,3.86,3.88,3.91,3.83,5472
1998-11-11,3.85,3.86,3.89,3.83,3796
1998-11-12,3.85,3.81,3.87,3.78,4526
1998-11-13,3.81,3.79,3.82,3.77,2803
1998-11-16,3.8,3.79,3.81,3.76,3645
1998-11-17,3.8,3.85,3.87,3.8,3838
1998-11-18,3.85,3.79,3.85,3.79,2552
1998-11-19,3.79,3.78,3.81,3.77,2368
1998-11-20,3.77,3.77,3.79,3.77,2551
1998-11-23,3.78,3.77,3.8,3.76,2059
1998-11-24,3.77,3.81,3.83,3.77,3433
1998-11-25,3.83,3.77,3.83,3.77,1789
1998-11-26,3.77,3.77,3.83,3.77,1974
1998-11-27,3.79,3.75,3.79,3.75,2547
1998-11-30,3.75,3.72,3.75,3.7,1893
1998-12-01,3.72,3.71,3.76,3.7,1846
1998-12-02,3.72,3.7,3.72,3.68,1937
1998-12-03,3.7,3.7,3.72,3.69,1308
1998-12-04,3.74,3.71,3.74,3.69,1746
1998-12-07,3.75,3.71,3.76,3.7,989
1998-12-08,3.72,3.73,3.74,3.71,784
1998-12-09,3.73,3.73,3.73,3.72,665
1998-12-10,3.72,3.68,3.74,3.68,1232
1998-12-11,3.68,3.69,3.69,3.66,1986
1998-12-14,3.67,3.66,3.69,3.66,895
1998-12-15,3.65,3.63,3.65,3.61,1657
1998-12-16,3.73,3.65,3.73,3.64,546
1998-12-17,3.63,3.59,3.64,3.59,1897
1998-12-18,3.59,3.62,3.62,3.56,2156
1998-12-21,3.58,3.59,3.62,3.58,410
1998-12-22,3.6,3.64,3.64,3.58,1445
1998-12-23,3.64,3.6,3.64,3.6,921
1998-12-24,3.62,3.61,3.62,3.58,1721
1998-12-25,3.61,3.6,3.63,3.59,854
1998-12-28,3.6,3.56,3.61,3.55,1688
1998-12-29,3.57,3.53,3.6,3.53,1068
1998-12-30,3.53,3.5,3.54,3.47,4098
1998-12-31,3.53,3.58,3.58,3.51,2715
1999-01-04,3.54,3.5,3.56,3.5,743
1999-01-05,3.51,3.47,3.51,3.45,1204
1999-01-06,3.47,3.48,3.54,3.47,1137
1999-01-07,3.28,3.46,3.54,3.28,2829
1999-01-08,3.46,3.51,3.52,3.46,3432
1999-01-11,3.53,3.51,3.53,3.47,1697
1999-01-12,3.47,3.48,3.51,3.47,1927
1999-01-13,3.48,3.58,3.62,3.47,17492
1999-01-14,3.56,3.61,3.65,3.56,11562
1999-01-15,3.58,3.57,3.62,3.56,6048
1999-01-18,3.55,3.65,3.65,3.55,6823
1999-01-19,3.65,3.65,3.66,3.61,5732
1999-01-20,3.61,3.59,3.65,3.58,5523
1999-01-21,3.59,3.62,3.63,3.57,1764
1999-01-22,3.62,3.58,3.62,3.58,2350
1999-01-25,3.58,3.59,3.65,3.58,2791
1999-01-26,3.58,3.55,3.61,3.55,2170
1999-01-27,3.55,3.54,3.58,3.52,2312
1999-01-28,3.54,3.52,3.57,3.51,1665
1999-01-29,3.53,3.51,3.53,3.5,1603
1999-02-01,3.51,3.46,3.51,3.45,3643
1999-02-02,3.5,3.52,3.55,3.47,1582
1999-02-03,3.5,3.49,3.54,3.48,1482
1999-02-04,3.47,3.43,3.48,3.43,2243
1999-02-05,3.43,3.37,3.43,3.37,2105
1999-02-08,3.36,3.32,3.37,3.32,1397
1999-02-09,3.32,3.36,3.38,3.32,1550
1999-03-01,3.36,3.36,3.37,3.33,1113
1999-03-02,3.35,3.35,3.37,3.32,711
1999-03-03,3.36,3.41,3.43,3.35,2723
1999-03-04,3.42,3.41,3.46,3.41,2572
1999-03-05,3.4,3.39,3.43,3.37,1685
1999-03-08,3.39,3.41,3.43,3.36,2059
1999-03-09,3.41,3.41,3.44,3.39,1917
1999-03-10,3.42,3.39,3.43,3.38,1716
1999-03-11,3.39,3.42,3.45,3.39,3286
1999-03-12,3.41,3.41,3.42,3.39,2310
1999-03-15,3.43,3.46,3.5,3.4,4466
1999-03-16,3.46,3.44,3.46,3.43,1639
1999-03-17,3.44,3.45,3.49,3.44,2131
1999-03-18,3.44,3.38,3.44,3.38,2603
1999-03-19,3.38,3.42,3.42,3.38,1893
1999-03-22,3.43,3.39,3.43,3.39,2918
1999-03-23,3.39,3.42,3.42,3.39,1784
1999-03-24,3.41,3.42,3.43,3.41,1822
1999-03-25,3.42,3.39,3.42,3.39,1793
1999-03-26,3.38,3.37,3.39,3.36,2193
1999-03-29,3.36,3.37,3.38,3.34,2011
1999-03-30,3.38,3.33,3.38,3.33,1863
1999-03-31,3.34,3.35,3.38,3.34,2165
1999-04-01,3.36,3.37,3.38,3.35,1851
1999-04-02,3.38,3.44,3.45,3.38,6691
1999-04-05,3.43,3.47,3.48,3.43,8042
1999-04-06,3.49,3.45,3.51,3.45,3895
1999-04-07,3.45,3.47,3.48,3.41,6573
1999-04-08,3.46,3.43,3.47,3.43,1557
1999-04-09,3.44,3.43,3.44,3.42,2548
1999-04-12,3.42,3.37,3.42,3.37,2572
1999-04-13,3.38,3.36,3.39,3.36,1916
1999-04-14,3.36,3.36,3.37,3.35,1392
1999-04-15,3.37,3.34,3.37,3.33,2690
1999-04-16,3.34,3.34,3.35,3.33,1371
1999-04-19,3.38,3.38,3.47,3.33,2148
1999-04-20,3.37,3.37,3.41,3.37,939
1999-04-21,3.39,3.32,3.4,3.32,1279
1999-04-22,3.3,3.32,3.37,3.29,2411
1999-04-23,3.32,3.33,3.35,3.3,1548
1999-04-26,3.33,3.24,3.35,3.24,2458
1999-04-27,3.23,3.17,3.24,3.17,2493
1999-04-28,3.17,3.18,3.22,3.17,1197
1999-04-29,3.17,3.2,3.21,3.17,1243
1999-04-30,3.21,3.25,3.28,3.21,1930
1999-05-04,3.22,3.21,3.24,3.21,420
1999-05-05,3.21,3.22,3.23,3.2,567
1999-05-06,3.22,3.26,3.28,3.22,1191
1999-05-07,3.24,3.23,3.28,3.22,661
1999-05-10,3.21,3.14,3.21,3.13,2108
1999-05-11,3.14,3.14,3.17,3.13,1564
1999-05-12,3.2,3.15,3.2,3.14,845
1999-05-13,3.15,3.13,3.15,3.13,1172
1999-05-14,3.13,3.05,3.13,3.05,2310
1999-05-18,3.06,3.01,3.07,3.01,1377
1999-05-19,3.0,3.11,3.13,3.0,2995
1999-05-20,3.12,3.18,3.21,3.11,4309
1999-05-21,3.17,3.21,3.26,3.17,4892
1999-05-24,3.21,3.24,3.26,3.16,5588
1999-05-25,3.25,3.24,3.36,3.22,15106
1999-05-26,3.24,3.26,3.28,3.22,5878
1999-05-27,3.26,3.45,3.45,3.26,24374
1999-05-28,3.47,3.38,3.49,3.35,10190
1999-05-31,3.36,3.39,3.41,3.34,9383
1999-06-01,3.38,3.39,3.39,3.34,5805
1999-06-02,3.41,3.31,3.41,3.28,4879
1999-06-03,3.29,3.23,3.29,3.22,5395
1999-06-04,3.23,3.25,3.28,3.22,4188
1999-06-07,3.25,3.3,3.32,3.24,4790
1999-06-08,3.34,3.3,3.35,3.28,6265
1999-06-09,3.3,3.38,3.38,3.28,8548
1999-06-10,3.41,3.5,3.57,3.39,31825
1999-06-11,3.47,3.54,3.6,3.47,26690
1999-06-14,3.55,3.59,3.62,3.51,13165
1999-06-15,3.6,3.44,3.66,3.41,21038
1999-06-16,3.41,3.62,3.64,3.41,27856
1999-06-17,3.65,3.7,3.75,3.6,35793
1999-06-18,3.7,3.74,3.8,3.65,29962
1999-06-21,3.71,3.92,3.96,3.71,46102
1999-06-22,3.94,3.93,3.94,3.82,24374
1999-06-23,3.91,3.94,3.98,3.87,27906
1999-06-24,3.94,4.02,4.04,3.94,35390
1999-06-25,4.04,4.06,4.28,3.97,66622
1999-06-28,4.13,4.13,4.19,4.09,33816
1999-06-29,4.15,4.1,4.2,4.01,29359
1999-06-30,4.12,3.88,4.12,3.85,24342
1999-07-01,3.87,3.63,3.87,3.63,17154
1999-07-02,3.65,3.76,3.78,3.6,17651
1999-07-05,3.77,3.68,3.79,3.66,7140
1999-07-06,3.66,3.62,3.7,3.59,7566
1999-07-07,3.63,3.72,3.73,3.63,10228
1999-07-08,3.73,3.73,3.76,3.67,6466
1999-07-09,3.73,3.81,3.83,3.73,12402
1999-07-12,3.82,3.83,3.89,3.78,10908
1999-07-13,3.81,3.71,3.83,3.69,4701
1999-07-14,3.73,3.76,3.77,3.69,3526
1999-07-15,3.76,3.72,3.77,3.71,3183
1999-07-16,3.72,3.65,3.75,3.64,4554
1999-07-19,3.62,3.51,3.62,3.51,5569
1999-07-20,3.51,3.68,3.68,3.49,5701
1999-07-21,3.68,3.75,3.77,3.62,8513
1999-07-22,3.74,3.62,3.74,3.62,4971
1999-07-23,3.62,3.67,3.69,3.6,8414
1999-07-26,3.67,3.65,3.69,3.65,3284
1999-07-27,3.66,3.62,3.67,3.61,2100
1999-07-28,3.6,3.62,3.63,3.6,2764
1999-07-29,3.63,3.68,3.71,3.63,4412
1999-07-30,3.68,3.69,3.69,3.64,1377
1999-08-02,3.68,3.72,3.74,3.64,5596
1999-08-03,3.75,3.74,3.76,3.7,6134
1999-08-04,3.74,3.72,3.76,3.71,5176
1999-08-05,3.72,3.68,3.73,3.67,5168
1999-08-06,3.68,3.65,3.68,3.6,4915
1999-08-09,3.65,3.65,3.66,3.61,4003
1999-08-10,3.65,3.66,3.67,3.63,4370
1999-08-11,3.7,3.74,3.78,3.69,14263
1999-08-12,3.76,3.7,3.79,3.7,8341
1999-08-13,3.71,3.79,3.8,3.71,22423
1999-08-16,3.79,3.73,3.85,3.72,29730
1999-08-17,3.73,3.7,3.79,3.69,36647
1999-08-18,3.73,3.64,3.79,3.61,7300
1999-08-19,3.68,3.75,3.77,3.65,7474
1999-08-20,3.77,3.75,3.79,3.73,5734
1999-08-23,3.77,3.78,3.78,3.72,5707
1999-08-24,3.78,3.81,3.82,3.78,5455
1999-08-25,3.81,3.74,3.82,3.73,4336
1999-08-26,3.76,3.74,3.76,3.72,3554
1999-08-27,3.74,3.74,3.77,3.73,4068
1999-08-30,3.73,3.73,3.76,3.72,5766
1999-08-31,3.73,3.75,3.78,3.72,5938
1999-09-01,3.75,3.74,3.78,3.73,2775
1999-09-02,3.74,3.77,3.77,3.73,3034
1999-09-03,3.77,3.71,3.77,3.69,2554
1999-09-06,3.68,3.65,3.73,3.63,1733
1999-09-07,3.65,3.66,3.7,3.64,1780
1999-09-08,3.68,3.68,3.68,3.65,1292
1999-09-09,3.73,3.85,3.87,3.7,7740
1999-09-10,3.88,3.8,3.89,3.8,7641
1999-09-13,3.82,3.8,3.84,3.76,5355
1999-09-14,3.8,3.84,3.88,3.8,6558
1999-09-15,3.85,3.81,3.87,3.8,3750
1999-09-16,3.8,3.78,3.82,3.77,3312
1999-09-17,3.75,3.77,3.79,3.73,6384
1999-09-20,3.77,3.72,3.78,3.72,3233
1999-09-21,3.72,3.73,3.79,3.72,1816
1999-09-22,3.73,3.72,3.75,3.71,1911
1999-09-23,3.72,3.69,3.74,3.68,2619
1999-09-24,3.74,3.7,3.74,3.69,2066
1999-09-27,3.75,3.71,3.75,3.7,2055
1999-09-28,3.73,3.73,3.73,3.71,1830
1999-09-29,3.85,3.73,3.85,3.72,4688
1999-09-30,3.74,3.73,3.77,3.7,2477
1999-10-08,3.74,3.64,3.74,3.64,1435
1999-10-11,3.63,3.65,3.67,3.61,1967
1999-10-12,3.68,3.67,3.7,3.63,1386
1999-10-13,3.74,3.71,3.74,3.68,3994
1999-10-14,3.72,3.72,3.75,3.68,2749
1999-10-15,3.75,3.76,3.79,3.72,4515
1999-10-18,3.76,3.68,3.78,3.67,2896
1999-10-19,3.68,3.65,3.69,3.62,1963
1999-10-20,3.62,3.67,3.68,3.62,1433
1999-10-21,3.65,3.6,3.65,3.54,3613
1999-10-22,3.56,3.61,3.68,3.56,2275
1999-10-25,3.61,3.6,3.63,3.58,3175
1999-10-26,3.61,3.62,3.63,3.58,1647
1999-10-27,3.68,3.68,3.72,3.65,3314
1999-10-28,3.49,3.79,3.82,3.49,20913
1999-10-29,3.79,3.88,3.92,3.75,40140
1999-11-01,3.9,3.89,4.02,3.89,58103
1999-11-02,3.89,3.91,3.96,3.86,33011
1999-11-03,3.91,3.93,3.95,3.89,26291
1999-11-04,3.93,3.88,3.94,3.84,15916
1999-11-05,3.87,3.93,3.97,3.85,23799
1999-11-08,3.95,4.02,4.05,3.95,24985
1999-11-09,4.02,4.01,4.04,3.96,13375
1999-11-10,4.02,3.92,4.02,3.91,11495
1999-11-11,3.92,3.93,3.95,3.88,9562
1999-11-12,3.94,3.92,3.95,3.9,5501
1999-11-15,3.93,4.03,4.04,3.92,13204
1999-11-16,4.05,3.93,4.07,3.9,10247
1999-11-17,3.93,4.0,4.0,3.92,7918
1999-11-18,4.01,4.06,4.11,3.98,25532
1999-11-19,4.06,4.04,4.07,4.01,8211
1999-11-22,4.04,4.03,4.05,3.99,5771
1999-11-23,4.03,4.07,4.11,4.0,8344
1999-11-24,4.07,4.09,4.1,4.04,7065
1999-11-25,4.14,4.06,4.14,4.04,9730
1999-11-26,4.05,4.01,4.07,4.0,10331
1999-11-29,4.0,4.03,4.06,3.99,6852
1999-11-30,4.02,4.02,4.03,3.94,10577
1999-12-01,3.98,4.0,4.01,3.96,4159
1999-12-02,3.98,3.94,4.0,3.93,5978
1999-12-03,3.93,3.94,3.97,3.93,3402
1999-12-06,3.94,3.95,3.96,3.86,6993
1999-12-07,3.94,3.98,4.0,3.89,5548
1999-12-08,4.0,3.99,4.02,3.95,2841
1999-12-09,3.98,3.95,3.98,3.93,2251
1999-12-10,3.93,3.93,3.96,3.93,1945
1999-12-13,3.93,3.88,3.95,3.87,3377
1999-12-14,3.88,3.93,3.93,3.82,6074
1999-12-15,3.93,3.98,4.03,3.88,11789
1999-12-16,3.98,4.01,4.03,3.95,6741
1999-12-17,4.03,4.04,4.09,3.99,9382
1999-12-21,4.05,4.02,4.08,3.98,11743
1999-12-22,4.02,3.94,4.02,3.93,6796
1999-12-23,3.93,3.92,3.96,3.89,4194
1999-12-24,3.85,3.96,3.98,3.85,6256
1999-12-27,3.95,3.91,3.98,3.9,2734
1999-12-28,3.93,3.86,3.96,3.85,3579
1999-12-29,3.89,3.85,3.93,3.85,3081
1999-12-30,3.85,3.86,3.9,3.85,1500
2000-01-04,3.86,3.93,3.96,3.86,3300
2000-01-05,3.93,3.95,4.0,3.91,10845
2000-01-06,3.93,4.02,4.02,3.92,12921
2000-01-07,4.09,4.24,4.26,4.05,54956
2000-01-10,4.27,4.22,4.32,4.15,40584
2000-01-11,4.22,4.26,4.39,4.13,69197
2000-01-12,4.3,4.33,4.59,4.3,83310
2000-01-13,4.33,4.12,4.36,4.1,36716
2000-01-14,4.11,4.0,4.19,4.0,22393
2000-01-17,4.0,4.13,4.14,4.0,12707
2000-01-18,4.22,4.11,4.22,4.06,10119
2000-01-19,4.1,4.22,4.25,4.1,17566
2000-01-20,4.27,4.28,4.32,4.21,16803
2000-01-21,4.27,4.34,4.46,4.18,37468
2000-01-24,4.39,4.46,4.51,4.35,45962
2000-01-25,4.47,4.3,4.53,4.25,27046
2000-01-26,4.3,4.28,4.35,4.24,13018
2000-01-27,4.35,4.4,4.42,4.28,23194
2000-01-28,4.41,4.37,4.53,4.35,35815
2000-02-14,4.49,4.71,4.71,4.45,49898
2000-02-15,4.79,4.68,5.08,4.62,83506
2000-02-16,4.64,4.79,4.88,4.62,58233
2000-02-17,4.91,4.41,5.06,4.41,74499
2000-02-18,4.32,4.47,4.49,4.22,25480
2000-02-21,4.47,4.32,4.49,4.3,29186
2000-02-22,4.3,4.21,4.39,4.19,23403
2000-02-23,4.2,4.1,4.25,4.1,18322
2000-02-24,4.1,4.22,4.24,4.1,10829
2000-02-25,4.2,4.18,4.25,4.15,10565
2000-02-28,4.18,4.29,4.33,4.18,19526
2000-02-29,4.32,4.23,4.35,4.17,22006
2000-03-01,4.23,4.18,4.29,4.15,17750
2000-03-02,4.17,4.16,4.18,4.1,20561
2000-03-03,4.17,4.24,4.25,4.13,22125
2000-03-06,4.26,4.1,4.26,4.07,18801
2000-03-07,4.07,4.02,4.09,3.97,12565
2000-03-08,4.02,4.1,4.1,4.0,9789
2000-03-09,4.1,4.05,4.11,4.02,10158
2000-03-10,4.05,4.03,4.09,4.0,9849
2000-03-13,4.02,4.01,4.06,4.0,8719
2000-03-14,4.0,3.94,4.01,3.88,15373
2000-03-15,3.98,3.98,4.07,3.97,6234
2000-03-16,3.98,3.95,4.04,3.93,9484
2000-03-17,3.93,3.98,4.05,3.93,7216
2000-03-20,3.98,4.2,4.28,3.93,83910
2000-03-21,4.18,4.22,4.26,4.12,28382
2000-03-22,4.22,4.23,4.29,4.2,21419
2000-03-23,4.22,4.25,4.27,4.17,16741
2000-03-24,4.27,4.13,4.29,4.12,18596
2000-03-27,4.13,4.19,4.23,4.13,14478
2000-03-28,4.29,4.23,4.32,4.2,12157
2000-03-29,4.27,4.2,4.27,4.14,12750
2000-03-30,4.2,4.37,4.44,4.2,42287
2000-03-31,4.37,4.29,4.38,4.27,17031
2000-04-03,4.32,4.44,4.47,4.3,40575
2000-04-04,4.42,4.35,4.42,4.33,18637
2000-04-05,4.35,4.33,4.41,4.27,17049
2000-04-06,4.37,4.38,4.46,4.33,15105
2000-04-07,4.4,4.36,4.42,4.34,16043
2000-04-10,4.37,4.31,4.39,4.3,18320
2000-04-11,4.32,4.28,4.32,4.25,12628
2000-04-12,4.27,4.3,4.33,4.25,10225
2000-04-13,4.31,4.29,4.31,4.27,9428
2000-04-14,4.3,4.36,4.37,4.25,15136
2000-04-17,4.37,4.42,4.46,4.36,49740
2000-04-18,4.42,4.44,4.46,4.35,21338
2000-04-19,4.44,4.49,4.5,4.4,30129
2000-04-20,4.49,4.52,4.61,4.47,48982
2000-04-21,4.52,4.42,4.56,4.41,13430
2000-04-24,4.44,4.46,4.59,4.43,21097
2000-04-25,4.46,4.41,4.51,4.38,13044
2000-04-26,4.42,4.37,4.46,4.36,9970
2000-04-27,4.39,4.29,4.39,4.28,13662
2000-04-28,4.29,4.36,4.36,4.26,12012
2000-05-09,4.33,4.22,4.35,4.2,7847
2000-05-10,4.22,4.11,4.22,4.1,11024
2000-05-11,4.09,4.05,4.14,4.05,7083
2000-05-12,4.05,4.12,4.12,4.05,5834
2000-05-15,4.1,4.14,4.16,4.09,6464
2000-05-16,4.17,4.12,4.17,4.09,5794
2000-05-17,4.14,4.14,4.19,4.12,5166
2000-05-18,4.14,4.17,4.17,4.1,5754
2000-05-19,4.17,4.18,4.19,4.12,8821
2000-05-22,4.21,4.23,4.28,4.16,11851
2000-05-23,4.25,4.2,4.27,4.17,8661
2000-05-24,4.22,4.27,4.34,4.19,15910
2000-05-25,4.31,4.33,4.34,4.28,13586
2000-05-26,4.33,4.31,4.36,4.3,12220
2000-05-29,4.31,4.29,4.32,4.26,13189
2000-05-30,4.32,4.33,4.44,4.31,20112
2000-05-31,4.33,4.3,4.34,4.29,9396
2000-06-01,4.3,4.32,4.36,4.3,8904
2000-06-02,4.32,4.41,4.41,4.3,19567
2000-06-05,4.43,4.37,4.52,4.35,28363
2000-06-06,4.37,4.48,4.5,4.37,30586
2000-06-07,4.49,4.44,4.53,4.41,14146
2000-06-08,4.47,4.36,4.47,4.32,11883
2000-06-09,4.36,4.28,4.36,4.28,10342
2000-06-12,4.26,4.33,4.37,4.22,6237
2000-06-13,4.37,4.35,4.37,4.3,5382
2000-06-14,4.35,4.36,4.39,4.3,11362
2000-06-15,4.36,4.41,4.42,4.31,10243
2000-06-16,4.41,4.35,4.44,4.33,12697
2000-06-19,4.35,4.35,4.42,4.34,7245
2000-06-20,4.37,4.29,4.37,4.27,4495
2000-06-21,4.28,4.32,4.32,4.28,4924
2000-06-22,4.33,4.31,4.35,4.3,4596
2000-06-23,4.31,4.32,4.33,4.27,10518
2000-06-26,4.35,4.37,4.43,4.33,12250
2000-06-27,4.38,4.41,4.42,4.37,10691
2000-06-28,4.47,4.68,4.7,4.47,90214
2000-06-29,4.67,4.64,4.69,4.57,41509
2000-06-30,4.64,4.6,4.74,4.59,25930
2000-07-03,4.59,4.63,4.69,4.52,22464
2000-07-04,4.59,4.73,4.74,4.57,27015
2000-07-05,4.73,4.7,4.8,4.68,22481
2000-07-06,4.7,4.61,4.71,4.61,10275
2000-07-07,4.6,4.67,4.7,4.6,10545
2000-07-10,4.67,4.76,4.77,4.64,16106
2000-07-11,4.79,4.76,4.81,4.71,15115
2000-07-12,4.76,4.73,4.79,4.71,14840
2000-07-13,4.74,4.65,4.75,4.64,15894
2000-07-14,4.65,4.64,4.69,4.62,12147
2000-07-17,4.64,4.66,4.75,4.64,11699
2000-07-18,4.67,4.7,4.71,4.65,6300
2000-07-19,4.71,4.66,4.73,4.66,6420
2000-07-20,4.67,4.6,4.69,4.57,10803
2000-07-21,4.6,4.6,4.66,4.59,6647
2000-07-24,4.61,4.69,4.7,4.58,9641
2000-07-25,4.62,4.71,4.74,4.62,10433
2000-07-26,4.71,4.75,4.76,4.68,12790
2000-07-27,4.76,4.67,4.78,4.67,10053
2000-07-28,4.67,4.65,4.71,4.63,8584
2000-07-31,4.69,4.65,4.69,4.62,7265
2000-08-01,4.65,4.66,4.67,4.63,5475
2000-08-02,4.69,4.61,4.69,4.6,8481
2000-08-03,4.61,4.6,4.71,4.55,12039
2000-08-04,4.6,4.53,4.62,4.52,12227
2000-08-07,4.52,4.59,4.59,4.49,8303
2000-08-08,4.58,4.57,4.59,4.52,7286
2000-08-09,4.57,4.51,4.57,4.42,13678
2000-08-10,4.51,4.51,4.52,4.44,18403
2000-08-11,4.51,4.52,4.55,4.5,8863
2000-08-14,4.52,4.49,4.54,4.48,8136
2000-08-15,4.49,4.46,4.5,4.44,11557
2000-08-16,4.46,4.52,4.52,4.46,7589
2000-08-17,4.54,4.5,4.55,4.49,6435
2000-08-18,4.51,4.47,4.53,4.46,6375
2000-08-21,4.48,4.56,4.56,4.47,10853
2000-08-22,4.56,4.5,4.56,4.5,7632
2000-08-23,4.47,4.39,4.49,4.28,16453
2000-08-24,4.39,4.42,4.45,4.36,8802
2000-08-25,4.42,4.43,4.44,4.38,6661
2000-08-28,4.44,4.47,4.47,4.41,7154
2000-08-29,4.47,4.58,4.59,4.47,10861
2000-08-30,4.59,4.58,4.82,4.57,39698
2000-08-31,4.57,4.46,4.57,4.46,13359
2000-09-01,4.44,4.39,4.47,4.38,9723
2000-09-04,4.38,4.4,4.44,4.34,5967
2000-09-05,4.4,4.29,4.44,4.28,5170
2000-09-06,4.28,4.26,4.35,4.25,5007
2000-09-07,4.29,4.31,4.44,4.27,4974
2000-09-08,4.3,4.32,4.35,4.3,2226
2000-09-11,4.34,4.29,4.37,4.28,4084
2000-09-12,4.31,4.3,4.31,4.28,3146
2000-09-13,4.3,4.33,4.36,4.3,2687
2000-09-14,4.35,4.28,4.35,4.26,4016
2000-09-15,4.28,4.28,4.3,4.23,4236
2000-09-18,4.29,4.22,4.29,4.2,3215
2000-09-19,4.21,4.11,4.21,4.1,5277
2000-09-20,4.11,4.09,4.19,4.07,5230
2000-09-21,4.11,4.09,4.15,4.09,2827
2000-09-22,4.08,4.08,4.1,4.06,2025
2000-09-25,4.1,4.1,4.14,4.07,1600
2000-09-26,4.11,4.12,4.12,4.07,1360
2000-09-27,4.12,4.16,4.18,4.12,1593
2000-09-28,4.16,4.09,4.17,3.98,1808
2000-09-29,4.07,4.12,4.14,4.07,1209
2000-10-09,4.16,4.2,4.2,4.12,2180
2000-10-10,4.21,4.21,4.22,4.17,3543
2000-10-11,4.22,4.17,4.22,4.17,3222
2000-10-12,4.17,4.15,4.22,4.13,3006
2000-10-13,4.15,4.16,4.22,4.14,3193
2000-10-16,4.15,4.07,4.17,4.05,3154
2000-10-17,4.07,4.04,4.08,4.02,4453
2000-10-18,4.04,4.07,4.09,4.04,2849
2000-10-19,4.08,4.06,4.09,4.06,1922
2000-10-20,4.06,4.14,4.14,4.05,3280
2000-10-23,4.17,4.15,4.17,4.12,3555
2000-10-24,4.15,4.17,4.18,4.14,3752
2000-10-25,4.17,4.22,4.23,4.17,5893
2000-10-26,4.22,4.2,4.25,4.18,3870
2000-10-27,4.2,4.24,4.27,4.2,5717
2000-10-30,4.27,4.3,4.32,4.27,7797
2000-11-01,4.3,4.28,4.36,4.26,4214
2000-11-02,4.33,4.27,4.33,4.27,3851
2000-11-03,4.27,4.21,4.27,4.21,3331
2000-11-06,4.23,4.25,4.25,4.2,4508
2000-11-07,4.02,4.39,4.41,4.02,14269
2000-11-08,4.39,4.37,4.4,4.34,5225
2000-11-09,4.38,4.36,4.39,4.34,4996
2000-11-10,4.39,4.4,4.44,4.37,10195
2000-11-13,4.4,4.41,4.46,4.39,8591
2000-11-14,4.41,4.41,4.43,4.36,7897
2000-11-15,4.42,4.43,4.47,4.41,10864
2000-11-16,4.44,4.48,4.52,4.44,10451
2000-11-17,4.48,4.43,4.51,4.41,7718
2000-11-20,4.43,4.42,4.43,4.37,5695
2000-11-21,4.42,4.42,4.52,4.41,6921
2000-11-22,4.42,4.44,4.46,4.37,7264
2000-11-23,4.47,4.47,4.51,4.44,10061
2000-11-24,4.47,4.38,4.55,4.35,15123
2000-11-27,4.37,4.36,4.42,4.32,5635
2000-11-28,4.35,4.39,4.4,4.35,4493
2000-11-29,4.39,4.39,4.42,4.35,3544
2000-11-30,4.37,4.46,4.47,4.37,4492
2000-12-01,4.47,4.46,4.49,4.42,3702
2000-12-04,4.46,4.51,4.52,4.44,8612
2000-12-05,4.51,4.49,4.53,4.47,6814
2000-12-06,4.49,4.4,4.51,4.4,5406
2000-12-07,4.37,4.38,4.4,4.35,5151
2000-12-08,4.39,4.41,4.42,4.36,3846
2000-12-11,4.39,4.37,4.41,4.36,3685
2000-12-12,4.37,4.43,4.44,4.37,3287
2000-12-13,4.43,4.48,4.51,4.42,7225
2000-12-14,4.48,4.49,4.51,4.46,6098
2000-12-15,4.49,4.44,4.5,4.43,4682
2000-12-18,4.44,4.42,4.46,4.39,2451
2000-12-19,4.43,4.44,4.45,4.42,4342
2000-12-20,4.44,4.51,4.57,4.44,15837
2000-12-21,4.52,4.51,4.59,4.51,21812
2000-12-22,4.53,4.51,4.58,4.51,14918
2000-12-25,4.55,4.68,4.68,4.53,21127
2000-12-26,4.68,4.63,4.71,4.59,16092
2000-12-27,4.67,4.56,4.67,4.55,10135
2000-12-28,4.55,4.59,4.62,4.54,6160
2000-12-29,4.59,4.57,4.61,4.55,6239
2001-01-02,4.57,4.64,4.66,4.57,7730
2001-01-03,4.66,4.69,4.7,4.64,15877
2001-01-04,4.7,4.66,4.71,4.65,9695
2001-01-05,4.66,4.73,4.74,4.66,14292
2001-01-08,4.74,4.7,4.75,4.64,12295
2001-01-09,4.67,4.65,4.73,4.63,9455
2001-01-10,4.65,4.7,4.72,4.65,7029
2001-01-11,4.71,4.63,4.71,4.63,9235
2001-01-12,4.63,4.58,4.63,4.56,8813
2001-01-15,4.58,4.44,4.58,4.44,9949
2001-01-16,4.44,4.48,4.52,4.42,6082
2001-01-17,4.47,4.52,4.53,4.45,4356
2001-01-18,4.52,4.47,4.53,4.47,4699
2001-01-19,4.46,4.51,4.52,4.46,4340
2001-02-05,4.52,4.42,4.59,4.4,4632
2001-02-06,4.39,4.42,4.42,4.35,3746
2001-02-07,4.42,4.47,4.49,4.37,4926
2001-02-08,4.46,4.42,4.55,4.41,7389
2001-02-09,4.42,4.54,4.55,4.42,8492
2001-02-12,4.54,4.55,4.56,4.47,3910
2001-02-13,4.57,4.54,4.6,4.53,5183
2001-02-14,4.53,4.54,4.56,4.52,3189
2001-02-15,4.54,4.44,4.55,4.43,5281
2001-02-16,4.44,4.48,4.52,4.36,6977
2001-02-19,4.51,4.51,4.52,4.42,3916
2001-02-20,4.48,4.54,4.56,4.48,8065
2001-02-21,4.54,4.49,4.55,4.47,6212
2001-02-22,4.49,4.6,4.6,4.47,12383
2001-02-23,4.6,4.66,4.68,4.47,24449
2001-02-26,4.68,4.67,4.69,4.63,16872
2001-02-27,4.68,4.67,4.69,4.62,7251
2001-02-28,4.68,4.7,4.73,4.62,17667
2001-03-01,4.72,4.69,4.72,4.66,7233
2001-03-02,4.7,4.66,4.71,4.63,10305
2001-03-05,4.67,4.67,4.69,4.63,7659
2001-03-06,4.68,4.75,4.75,4.64,19099
2001-03-07,4.75,4.73,4.78,4.71,16990
2001-03-08,4.73,4.71,4.73,4.69,9919
2001-03-09,4.72,4.67,4.72,4.67,9331
2001-03-12,4.67,4.73,4.73,4.6,7790
2001-03-13,4.74,4.66,4.74,4.66,5318
2001-03-14,4.67,4.68,4.69,4.64,5494
2001-03-15,4.68,4.68,4.71,4.65,6801
2001-03-19,4.68,4.77,4.8,4.68,21689
2001-03-20,4.79,4.76,4.8,4.73,12541
2001-03-21,4.76,4.76,4.81,4.75,12960
2001-03-22,4.77,4.74,4.79,4.71,13404
2001-03-23,4.76,4.67,4.76,4.67,11400
2001-03-26,4.65,4.7,4.71,4.65,8056
2001-03-27,4.71,4.74,4.79,4.71,8080
2001-03-28,4.76,4.76,4.78,4.71,7330
2001-03-29,4.76,4.83,4.85,4.71,28229
2001-03-30,4.83,4.86,4.87,4.82,17916
2001-04-02,4.88,4.86,4.9,4.85,14220
2001-04-03,4.84,4.84,4.86,4.78,10410
2001-04-04,4.84,4.74,4.85,4.72,12187
2001-04-05,4.72,4.77,4.77,4.71,8721
2001-04-06,4.81,4.76,4.81,4.75,5221
2001-04-09,4.76,4.76,4.78,4.72,6390
2001-04-10,4.78,4.79,4.8,4.74,5014
2001-04-11,4.79,4.75,4.79,4.74,6405
2001-04-12,4.74,4.79,4.79,4.73,9176
2001-04-13,4.79,4.87,4.88,4.77,17247
2001-04-16,4.89,4.86,4.89,4.82,13971
2001-04-17,4.87,4.83,4.89,4.81,8488
2001-04-18,4.84,4.8,4.86,4.79,7331
2001-04-19,4.8,4.79,4.81,4.76,5887
2001-04-20,4.79,4.73,4.8,4.73,11031
2001-04-23,4.74,4.72,4.76,4.64,11075
2001-04-24,4.74,4.71,4.75,4.71,5310
2001-04-25,4.73,4.68,4.77,4.66,6214
2001-04-26,4.69,4.59,4.73,4.58,8520
2001-04-27,4.59,4.63,4.66,4.59,5104
2001-04-30,4.64,4.67,4.67,4.6,3925
2001-05-08,4.66,4.68,4.7,4.65,2237
2001-05-09,4.68,4.64,4.7,4.63,4143
2001-05-10,4.64,4.68,4.68,4.59,3443
2001-05-11,4.68,4.64,4.68,4.63,6417
2001-05-14,4.64,4.71,4.73,4.64,5295
2001-05-15,4.71,4.74,4.76,4.71,6432
2001-05-16,4.75,4.76,4.78,4.73,7329
2001-05-17,4.76,4.73,4.76,4.72,6790
2001-05-18,4.73,4.74,4.76,4.71,5660
2001-05-21,4.74,4.74,4.76,4.71,6851
2001-05-22,4.74,4.69,4.75,4.69,5294
2001-05-23,4.69,4.64,4.7,4.62,7706
2001-05-24,4.64,4.65,4.69,4.64,4955
2001-05-25,4.65,4.62,4.66,4.61,6044
2001-05-28,4.62,4.63,4.65,4.59,3739
2001-05-29,4.62,4.67,4.68,4.61,2471
2001-05-30,4.68,4.71,4.73,4.68,4327
2001-05-31,4.73,4.69,4.73,4.69,4448
2001-06-01,4.7,4.67,4.7,4.66,4582
2001-06-04,4.67,4.76,4.76,4.66,6925
2001-06-05,4.76,4.76,4.78,4.73,6850
2001-06-06,4.76,4.76,4.76,4.72,5120
2001-06-07,4.76,4.76,4.81,4.75,6571
2001-06-08,4.76,4.72,4.76,4.72,3548
2001-06-11,4.72,4.76,4.81,4.72,8827
2001-06-12,4.79,4.8,4.81,4.78,5438
2001-06-13,4.8,4.87,4.89,4.8,18169
2001-06-14,4.87,4.77,4.87,4.77,7769
2001-06-15,4.76,4.8,4.84,4.73,9279
2001-06-18,4.79,4.73,4.81,4.73,7599
2001-06-19,4.72,4.75,4.78,4.72,4581
2001-06-20,4.76,4.74,4.78,4.74,2812
2001-06-21,4.74,4.79,4.81,4.74,4383
2001-06-22,4.8,4.8,4.81,4.77,3615
2001-06-25,4.81,4.86,4.87,4.81,7767
2001-06-26,4.88,4.85,4.88,4.84,6065
2001-06-27,4.86,4.83,4.88,4.81,4475
2001-06-28,4.84,4.81,4.84,4.79,4658
2001-06-29,4.81,4.86,4.86,4.8,6780
2001-07-02,4.87,4.84,4.89,4.83,7012
2001-07-03,4.84,4.84,4.86,4.81,3219
2001-07-04,4.84,4.89,4.93,4.84,16054
2001-07-05,4.89,4.9,4.95,4.87,23480
2001-07-06,4.91,4.85,4.91,4.85,6080
2001-07-09,4.87,4.85,4.88,4.83,3363
2001-07-10,4.85,4.91,4.92,4.85,6843
2001-07-11,4.93,4.9,4.97,4.89,10399
2001-07-12,4.9,4.89,4.92,4.85,5025
2001-07-13,4.91,4.94,4.99,4.91,12476
2001-07-16,4.99,4.97,5.05,4.95,22935
2001-07-17,4.97,5.01,5.01,4.94,8980
2001-07-18,4.93,4.83,4.98,4.79,17800
2001-07-19,4.83,4.76,4.83,4.74,14936
2001-07-20,4.76,4.79,4.83,4.76,14130
2001-07-23,4.8,4.86,4.87,4.78,10901
2001-07-24,4.84,4.8,4.84,4.79,5567
2001-07-25,4.74,4.63,4.74,4.62,12262
2001-07-26,4.63,4.65,4.69,4.6,9708
2001-07-27,4.65,4.63,4.68,4.63,8556
2001-07-30,4.61,4.44,4.62,4.42,15546
2001-07-31,4.37,4.3,4.51,4.27,5933
2001-08-01,4.3,4.37,4.44,4.3,10245
2001-08-02,4.39,4.4,4.43,4.32,3226
2001-08-03,4.42,4.45,4.49,4.39,6490
2001-08-06,4.43,4.32,4.44,4.28,2788
2001-08-07,4.31,4.4,4.43,4.31,1907
2001-08-08,4.4,4.37,4.42,4.34,2028
2001-08-09,4.37,4.4,4.4,4.34,5204
2001-08-10,4.4,4.51,4.52,4.4,24310
2001-08-13,4.51,4.5,4.53,4.45,14676
2001-08-14,4.5,4.38,4.5,4.36,8995
2001-08-15,4.39,4.39,4.42,4.36,19641
2001-08-16,4.41,4.41,4.46,4.39,3509
2001-08-17,4.4,4.39,4.4,4.32,3197
2001-08-20,4.38,4.37,4.4,4.33,3126
2001-08-21,4.4,4.4,4.45,4.35,2846
2001-08-22,4.39,4.31,4.4,4.29,4273
2001-08-23,4.28,4.3,4.32,4.21,3606
2001-08-24,4.31,4.25,4.34,4.24,2019
2001-08-27,4.24,4.09,4.25,4.09,4713
2001-08-28,4.07,4.17,4.17,4.05,2855
2001-08-29,4.19,4.18,4.28,4.11,2236
2001-08-30,4.27,4.21,4.27,4.17,767
2001-08-31,4.25,4.22,4.27,4.2,1188
2001-09-03,4.21,4.26,4.31,4.21,2818
2001-09-04,4.25,4.27,4.31,4.25,4776
2001-09-05,4.34,4.28,4.34,4.27,4943
2001-09-06,4.28,4.25,4.31,4.24,3133
2001-09-07,4.23,4.11,4.23,4.11,6425
2001-09-10,4.1,4.21,4.23,4.06,2000
2001-09-11,4.22,4.21,4.25,4.18,1648
2001-09-12,4.11,4.15,4.19,4.08,4644
2001-09-13,4.15,4.15,4.2,4.11,1406
2001-09-14,4.16,4.08,4.2,4.08,4638
2001-09-17,4.08,4.11,4.13,4.05,3690
2001-09-18,4.14,4.15,4.23,4.08,4467
2001-09-19,4.18,4.16,4.18,4.13,2380
2001-09-20,4.17,4.18,4.23,4.15,6355
2001-09-21,4.18,4.2,4.2,4.13,3673
2001-09-24,4.25,4.21,4.27,4.19,10494
2001-09-25,4.21,4.21,4.26,4.18,2897
2001-09-26,4.19,4.12,4.2,4.11,2098
2001-09-27,4.07,4.11,4.16,4.07,1618
2001-09-28,4.08,4.12,4.15,4.08,2444
2001-10-08,4.15,3.95,4.15,3.94,3082
2001-10-09,3.95,3.97,4.0,3.95,2928
2001-10-10,3.99,3.74,3.99,3.72,7503
2001-10-11,3.74,3.65,3.83,3.64,3405
2001-10-12,3.67,3.78,3.82,3.59,4562
2001-10-15,3.79,3.8,3.83,3.72,1508
2001-10-16,3.81,3.73,3.81,3.67,1367
2001-10-17,3.67,3.69,3.75,3.67,1570
2001-10-18,3.69,3.63,3.72,3.59,2238
2001-10-19,3.6,3.6,3.63,3.41,4685
2001-10-22,3.44,3.47,3.56,3.42,2878
2001-10-23,3.81,3.81,3.81,3.68,19597
2001-10-24,3.89,3.92,4.0,3.82,13485
2001-10-25,3.86,3.81,3.89,3.78,4893
2001-10-26,3.75,3.87,3.87,3.75,8201
2001-10-29,3.87,3.91,3.91,3.84,2551
2001-10-30,3.9,3.82,3.91,3.81,1320
2001-10-31,3.79,3.87,3.88,3.71,2243
2001-11-01,3.86,3.9,3.91,3.86,1868
2001-11-02,3.89,3.88,3.93,3.88,1083
2001-11-05,3.79,3.84,3.94,3.79,1184
2001-11-06,3.81,3.87,3.9,3.8,3060
2001-11-07,3.83,3.63,3.84,3.62,5126
2001-11-08,3.5,3.62,3.67,3.5,6985
2001-11-09,3.57,3.69,3.7,3.52,3065
2001-11-12,3.69,3.6,3.69,3.6,2243
2001-11-13,3.57,3.6,3.62,3.5,2660
2001-11-14,3.57,3.63,3.64,3.57,1335
2001-11-15,3.54,3.63,3.69,3.54,480
2001-11-16,3.95,3.7,3.95,3.7,7496
2001-11-19,3.71,3.74,3.74,3.69,7497
2001-11-20,3.74,3.95,4.0,3.74,1966
2001-11-21,3.95,3.92,3.97,3.87,6841
2001-11-22,3.93,3.99,3.99,3.91,3529
2001-11-23,3.99,3.95,4.0,3.93,2934
2001-11-26,3.95,3.92,3.95,3.89,1928
2001-11-27,3.92,3.95,3.96,3.91,1859
2001-11-28,3.96,3.97,4.0,3.96,2883
2001-11-29,3.97,3.96,3.98,3.92,2847
2001-11-30,3.95,3.98,3.99,3.95,2304
2001-12-03,3.99,4.05,4.1,3.99,5633
2001-12-04,4.05,4.07,4.09,4.02,4048
2001-12-06,4.02,4.02,4.04,3.97,3792
2001-12-07,4.02,4.02,4.08,4.0,1241
2001-12-10,4.01,4.03,4.04,3.96,1718
2001-12-11,3.99,4.06,4.09,3.98,3713
2001-12-12,4.04,4.1,4.11,4.03,3373
2001-12-13,4.09,4.03,4.13,3.99,7279
2001-12-14,4.02,3.96,4.05,3.95,3658
2001-12-17,3.95,3.95,3.99,3.92,2840
2001-12-18,3.95,4.0,4.0,3.92,1161
2001-12-19,4.06,3.98,4.06,3.97,1018
2001-12-20,3.94,3.85,3.94,3.84,9475
2001-12-21,3.79,3.89,3.89,3.79,11450
2001-12-24,3.92,3.79,3.92,3.78,9775
2001-12-25,3.8,3.86,3.87,3.8,9598
2001-12-26,3.86,3.89,3.89,3.84,1020
2001-12-27,3.89,3.89,3.92,3.83,13806
2001-12-28,3.88,3.9,3.92,3.84,994
2001-12-31,3.89,3.92,3.94,3.89,2178
2002-01-04,3.92,3.84,3.92,3.84,1691
2002-01-07,3.8,3.82,3.83,3.71,1713
2002-01-08,3.74,3.69,3.82,3.67,2023
2002-01-09,3.67,3.63,3.69,3.57,1996
2002-01-10,3.63,3.67,3.68,3.51,1354
2002-01-11,3.62,3.55,3.63,3.52,1305
2002-01-14,3.5,3.47,3.52,3.43,2226
2002-01-15,3.44,3.44,3.52,3.42,1982
2002-01-16,3.43,3.51,3.53,3.4,2652
2002-01-17,3.52,3.36,3.52,3.31,3865
2002-01-18,3.31,3.39,3.45,3.28,3900
2002-01-21,3.39,3.32,3.41,3.25,3401
2002-01-22,3.25,3.35,3.39,3.25,3182
2002-01-23,3.36,3.52,3.54,3.25,6170
2002-01-24,3.44,3.51,3.59,3.41,3410
2002-01-25,3.5,3.52,3.54,3.47,3042
2002-01-28,3.51,3.37,3.51,3.31,6217
2002-01-29,3.32,3.43,3.44,3.32,2070
2002-01-30,3.43,3.46,3.49,3.41,3452
2002-01-31,3.46,3.67,3.69,3.46,9449
2002-02-01,3.66,3.68,3.7,3.61,7112
2002-02-04,3.67,3.7,3.72,3.66,4860
2002-02-05,3.7,3.72,3.75,3.65,4535
2002-02-06,3.69,3.65,3.73,3.64,4312
2002-02-07,3.66,3.7,3.73,3.65,3424
2002-02-08,3.75,3.7,3.75,3.7,2192
2002-02-25,3.75,3.76,3.79,3.71,2244
2002-02-26,3.75,3.74,3.77,3.57,3480
2002-02-27,3.75,3.79,3.83,3.74,2359
2002-02-28,3.79,3.79,3.83,3.76,2353
2002-03-01,3.76,3.75,3.82,3.75,1970
2002-03-04,3.73,3.8,3.82,3.73,1856
2002-03-05,3.83,3.88,3.92,3.78,3796
2002-03-06,3.86,3.97,4.05,3.86,8432
2002-03-07,3.97,4.08,4.1,3.96,8781
2002-03-08,4.08,4.17,4.18,4.03,10995
2002-03-11,4.15,4.27,4.29,4.11,16196
2002-03-12,4.27,4.27,4.31,4.2,11225
2002-03-13,4.24,4.22,4.31,4.21,12454
2002-03-14,4.21,4.34,4.34,4.2,12111
2002-03-15,4.31,4.36,4.43,4.3,18025
2002-03-18,4.36,4.32,4.43,4.29,8395
2002-03-19,4.31,4.4,4.42,4.27,6888
2002-03-20,4.37,4.38,4.43,4.33,4137
2002-03-21,4.38,4.33,4.4,4.33,4051
2002-03-22,4.32,4.31,4.35,4.24,5189
2002-03-25,4.27,4.28,4.3,4.25,1935
2002-03-26,4.27,4.3,4.33,4.21,5103
2002-03-27,4.28,4.41,4.42,4.27,4687
2002-03-28,4.39,4.5,4.55,4.37,9981
2002-03-29,4.47,4.4,4.53,4.38,5329
2002-04-01,4.31,4.46,4.48,4.31,3521
2002-04-02,4.45,4.5,4.56,4.45,8940
2002-04-03,4.49,4.5,4.54,4.42,3518
2002-04-04,4.47,4.51,4.55,4.41,6409
2002-04-05,4.5,4.55,4.56,4.5,5063
2002-04-08,4.56,4.63,4.64,4.56,8775
2002-04-09,4.64,4.67,4.69,4.62,7260
2002-04-10,4.67,4.66,4.68,4.59,6512
2002-04-11,4.62,4.68,4.71,4.62,10440
2002-04-12,4.6,4.64,4.69,4.47,13237
2002-04-15,4.66,4.63,4.69,4.6,4046
2002-04-16,4.63,4.54,4.63,4.53,3872
2002-04-17,4.53,4.59,4.61,4.49,5286
2002-04-18,4.59,4.71,4.73,4.58,11883
2002-04-19,4.71,4.71,4.75,4.66,9401
2002-04-22,4.72,4.71,4.73,4.67,5349
2002-04-23,4.74,4.81,4.9,4.74,31121
2002-04-24,4.84,4.82,4.87,4.79,10606
2002-04-25,4.8,4.82,4.84,4.79,4689
2002-04-26,4.82,4.88,4.92,4.82,26395
2002-04-29,4.88,4.84,4.9,4.78,15994
2002-04-30,4.82,4.78,4.83,4.74,11318
2002-05-08,4.78,4.79,4.87,4.78,20125
2002-05-09,4.79,4.72,4.79,4.71,8768
2002-05-10,4.72,4.6,4.75,4.6,6218
2002-05-13,4.6,4.57,4.85,4.51,9323
2002-05-14,4.56,4.57,4.62,4.53,6518
2002-05-16,4.5,4.44,4.56,4.43,5326
2002-05-17,4.4,4.51,4.52,4.4,8326
2002-05-20,4.56,4.51,4.56,4.47,6625
2002-05-21,4.53,4.71,4.72,4.53,21462
2002-05-22,4.75,4.7,4.75,4.63,8200
2002-05-23,4.68,4.67,4.74,4.64,7118
2002-05-24,4.56,4.62,4.68,4.56,2678
2002-05-27,4.59,4.59,4.62,4.53,1725
2002-05-28,4.61,4.59,4.64,4.58,2278
2002-05-29,4.59,4.5,4.59,4.48,4048
2002-05-30,4.5,4.48,4.53,4.43,4703
2002-05-31,4.42,4.52,4.53,4.42,5971
2002-06-03,4.51,4.47,4.51,4.43,1869
2002-06-04,4.47,4.5,4.54,4.46,3374
2002-06-05,4.5,4.44,4.5,4.41,1534
2002-06-06,4.43,4.54,4.59,4.37,6673
2002-06-07,4.56,4.59,4.59,4.47,10046
2002-06-10,4.53,4.53,4.58,4.52,837
2002-06-11,4.56,4.55,4.56,4.47,2148
2002-06-12,4.54,4.47,4.55,4.47,893
2002-06-13,4.49,4.5,4.52,4.45,2802
2002-06-14,4.5,4.43,4.5,4.37,3206
2002-06-17,4.4,4.42,4.47,4.39,1186
2002-06-18,4.43,4.53,4.55,4.43,3805
2002-06-19,4.52,4.5,4.53,4.49,3470
2002-06-20,4.49,4.48,4.53,4.45,1219
2002-06-21,4.45,4.61,4.63,4.45,5720
2002-06-24,5.06,4.99,5.06,4.79,46874
2002-06-25,4.85,4.73,4.96,4.68,14348
2002-06-26,4.68,4.76,4.79,4.61,8526
2002-06-27,4.75,4.82,4.87,4.75,10915
2002-06-28,4.79,4.75,4.85,4.69,13558
2002-07-01,4.79,4.71,4.84,4.71,13986
2002-07-02,4.71,4.73,4.75,4.67,3977
2002-07-03,4.72,4.75,4.75,4.72,7259
2002-07-04,4.73,4.75,4.77,4.72,4622
2002-07-05,4.79,4.76,4.8,4.75,3145
2002-07-08,4.79,4.84,4.88,4.76,4879
2002-07-09,4.82,4.83,4.84,4.79,2866
2002-07-10,4.86,4.78,4.86,4.76,1602
2002-07-11,4.74,4.75,4.79,4.66,2107
2002-07-12,4.75,4.75,4.75,4.67,1676
2002-07-15,4.75,4.76,4.78,4.73,3657
2002-07-16,4.75,4.73,4.77,4.7,1582
2002-07-17,4.73,4.7,4.74,4.68,1675
2002-07-18,4.72,4.69,4.72,4.67,2414
2002-07-19,4.79,4.75,4.79,4.69,5022
2002-07-22,4.78,4.82,4.88,4.78,8654
2002-07-23,4.79,4.82,4.88,4.79,3511
2002-07-24,4.81,4.82,4.85,4.8,3145
2002-07-25,4.79,4.79,4.82,4.79,1103
2002-07-26,4.79,4.78,4.82,4.78,1226
2002-07-29,4.77,4.75,4.78,4.7,1635
2002-07-30,4.83,4.72,4.83,4.69,1552
2002-07-31,4.68,4.67,4.71,4.66,2320
2002-08-01,4.66,4.61,4.66,4.56,1206
2002-08-02,4.59,4.64,4.66,4.59,717
2002-08-05,4.68,4.63,4.68,4.59,1000
2002-08-06,4.59,4.66,4.67,4.59,1289
2002-08-07,4.66,4.64,4.66,4.61,636
2002-08-08,4.66,4.65,4.66,4.63,824
2002-08-09,4.68,4.64,4.68,4.6,983
2002-08-12,4.53,4.62,4.63,4.53,734
2002-08-13,4.62,4.62,4.67,4.6,1074
2002-08-14,4.62,4.65,4.66,4.59,1663
2002-08-15,4.59,4.66,4.66,4.59,1194
2002-08-16,4.63,4.73,4.74,4.59,3496
2002-08-19,4.73,4.73,4.76,4.66,2916
2002-08-20,4.73,4.73,4.75,4.7,2848
2002-08-21,4.73,4.7,4.76,4.66,2337
2002-08-22,4.7,4.66,4.72,4.65,2244
2002-08-23,4.63,4.66,4.68,4.63,2556
2002-08-26,4.66,4.66,4.69,4.63,1262
2002-08-27,4.66,4.63,4.66,4.61,1778
2002-08-28,4.63,4.63,4.63,4.59,1996
2002-08-29,4.64,4.61,4.64,4.58,2080
2002-08-30,4.59,4.6,4.61,4.59,1153
2002-09-02,4.65,4.64,4.65,4.59,1557
2002-09-03,4.61,4.64,4.65,4.59,1892
2002-09-04,4.65,4.64,4.65,4.59,1415
2002-09-05,4.64,4.63,4.64,4.56,1323
2002-09-06,4.61,4.57,4.61,4.53,1276
2002-09-09,4.57,4.51,4.57,4.49,913
2002-09-10,4.5,4.51,4.56,4.47,1222
2002-09-11,4.51,4.51,4.52,4.45,1721
2002-09-12,4.51,4.55,4.55,4.49,2153
2002-09-13,4.55,4.52,4.55,4.47,1132
2002-09-16,4.52,4.49,4.52,4.45,852
2002-09-17,4.49,4.5,4.51,4.45,745
2002-09-18,4.5,4.49,4.5,4.45,2188
2002-09-19,4.48,4.59,4.59,4.45,3532
2002-09-20,4.55,4.56,4.61,4.53,1780
2002-09-23,4.53,4.56,4.56,4.49,2855
2002-09-24,4.51,4.51,4.51,4.47,2907
2002-09-25,4.53,4.48,4.56,4.45,2770
2002-09-26,4.51,4.46,4.51,4.43,3585
2002-09-27,4.46,4.49,4.49,4.43,1940
2002-10-08,4.49,4.37,4.49,4.32,2509
2002-10-09,4.34,4.29,4.34,4.25,748
2002-10-10,4.27,4.31,4.32,4.25,920
2002-10-11,4.31,4.3,4.31,4.13,1207
2002-10-14,4.18,4.26,4.27,4.18,1250
2002-10-15,4.26,4.24,4.26,4.15,1080
2002-10-16,4.23,4.24,4.27,4.21,1684
2002-10-17,4.11,4.2,4.24,4.11,777
2002-10-18,4.19,4.2,4.26,4.13,1805
2002-10-21,4.07,4.18,4.2,4.07,2228
2002-10-22,4.18,4.22,4.24,4.15,2125
2002-10-23,4.24,4.21,4.26,4.15,710
2002-10-24,4.21,4.19,4.23,4.11,1196
2002-10-25,4.19,4.15,4.2,4.1,1799
2002-10-28,4.15,4.15,4.17,4.1,1193
2002-10-29,4.15,4.19,4.19,4.11,502
2002-10-30,4.18,4.19,4.21,4.13,1972
2002-10-31,4.19,4.19,4.22,4.17,1078
2002-11-01,4.19,4.17,4.19,4.16,874
2002-11-04,4.16,4.22,4.22,4.15,1154
2002-11-05,4.21,4.3,4.31,4.21,5286
2002-11-06,4.29,4.26,4.3,4.25,982
2002-11-07,4.26,4.29,4.3,4.26,1753
2002-11-08,4.29,4.26,4.35,4.19,1646
2002-11-11,4.26,4.28,4.34,4.24,2549
2002-11-12,4.27,4.21,4.27,4.11,1797
2002-11-13,4.21,4.24,4.24,4.15,1346
2002-11-14,4.24,4.17,4.26,4.15,636
2002-11-15,4.17,4.15,4.2,4.11,1403
2002-11-18,4.18,4.14,4.18,4.09,1861
2002-11-19,4.15,4.14,4.15,4.1,2169
2002-11-20,4.14,4.11,4.14,4.07,1345
2002-11-21,4.11,4.05,4.13,3.77,3679
2002-11-22,4.0,4.0,4.05,3.94,2193
2002-11-25,4.0,4.01,4.04,3.97,1251
2002-11-26,4.01,3.99,4.04,3.95,1518
2002-11-27,3.99,4.09,4.1,3.94,8254
2002-11-28,4.08,4.16,4.16,4.02,9120
2002-11-29,4.15,4.2,4.27,4.13,15152
2002-12-02,4.2,4.13,4.2,4.02,2912
2002-12-03,4.11,4.17,4.18,4.11,2841
2002-12-04,4.17,4.16,4.21,4.15,3882
2002-12-05,4.16,4.12,4.19,4.11,1155
2002-12-06,4.12,4.16,4.17,4.11,1673
2002-12-09,4.16,4.16,4.21,4.11,1153
2002-12-10,3.86,4.17,4.19,3.86,1598
2002-12-11,4.16,4.13,4.17,4.11,1260
2002-12-12,4.12,4.14,4.17,4.12,1231
2002-12-13,4.14,4.17,4.17,4.12,1328
2002-12-16,4.17,4.14,4.18,4.11,2234
2002-12-17,4.14,4.16,4.19,4.14,2890
2002-12-18,4.16,4.15,4.19,4.15,4208
2002-12-19,4.18,4.13,4.18,4.11,542
2002-12-20,4.13,4.11,4.13,4.05,1335
2002-12-23,4.11,4.05,4.11,4.02,1216
2002-12-24,4.02,4.05,4.14,4.02,559
2002-12-25,4.05,4.0,4.05,3.99,810
2002-12-26,3.99,4.03,4.08,3.95,2039
2002-12-27,4.01,4.04,4.04,3.95,926
2002-12-30,4.02,3.99,4.02,3.97,448
2002-12-31,4.0,4.01,4.11,4.0,2346
2003-01-02,4.01,3.99,4.03,3.95,1046
2003-01-03,3.99,4.0,4.03,3.97,1022
2003-01-06,4.0,4.01,4.02,3.96,805
2003-01-07,4.01,4.05,4.08,4.0,1701
2003-01-08,4.03,4.04,4.05,3.99,1268
2003-01-09,4.03,4.24,4.27,4.03,7485
2003-01-10,4.23,4.16,4.24,4.16,2468
2003-01-13,4.16,4.19,4.22,4.15,2775
2003-01-14,4.19,4.4,4.43,4.19,8514
2003-01-15,4.4,4.33,4.43,4.26,4661
2003-01-16,4.32,4.41,4.45,4.3,7171
2003-01-17,4.41,4.35,4.43,4.33,2258
2003-01-20,4.35,4.34,4.37,4.28,1847
2003-01-21,4.34,4.37,4.42,4.34,4587
2003-01-22,4.37,4.26,4.37,4.26,3034
2003-01-23,4.27,4.27,4.31,4.18,2915
2003-01-24,4.27,4.28,4.34,4.15,5962
2003-01-27,4.29,4.31,4.34,4.19,5650
2003-01-28,4.29,4.33,4.37,4.28,2744
2003-01-29,4.33,4.33,4.37,4.3,3499
2003-02-10,4.43,4.34,4.43,4.27,1047
2003-02-11,4.32,4.34,4.36,4.28,2304
2003-02-12,4.34,4.31,4.36,4.29,1197
2003-02-13,4.31,4.37,4.4,4.31,5870
2003-02-14,4.37,4.37,4.42,4.31,2002
2003-02-17,4.37,4.32,4.37,4.3,1351
2003-02-18,4.31,4.34,4.36,4.29,1571
2003-02-19,4.34,4.31,4.35,4.31,1181
2003-02-20,4.43,4.38,4.43,4.34,5272
2003-02-21,4.39,4.33,4.42,4.33,2692
2003-02-24,4.33,4.29,4.33,4.24,2546
2003-02-25,4.3,4.31,4.32,4.25,2404
2003-02-26,4.31,4.29,4.33,4.27,1167
2003-02-27,4.32,4.27,4.32,4.09,1991
2003-02-28,4.27,4.28,4.3,4.25,1320
2003-03-03,4.28,4.29,4.31,4.26,843
2003-03-04,4.29,4.29,4.33,4.29,415
2003-03-05,4.25,4.25,4.31,4.22,981
2003-03-06,4.25,4.23,4.3,4.17,1933
2003-03-07,4.29,4.23,4.29,4.18,344
2003-03-10,4.18,4.19,4.23,4.15,623
2003-03-11,4.19,4.19,4.19,4.13,716
2003-03-12,4.18,4.13,4.18,4.02,983
2003-03-13,4.12,4.09,4.12,4.07,1031
2003-03-14,4.09,4.13,4.16,4.08,464
2003-03-17,4.13,4.09,4.13,4.05,586
2003-03-18,4.09,4.09,4.14,4.05,1446
2003-03-19,4.09,4.09,4.12,4.02,545
2003-03-20,4.09,4.09,4.12,4.03,783
2003-03-21,4.09,4.1,4.11,4.04,368
2003-03-24,4.11,4.11,4.15,4.09,249
2003-03-25,4.11,4.1,4.16,4.04,494
2003-03-26,4.1,4.08,4.1,4.04,269
2003-03-27,4.08,4.11,4.13,4.03,986
2003-03-28,4.11,4.08,4.13,4.07,556
2003-03-31,4.08,4.14,4.15,4.03,4108
2003-04-01,4.47,4.25,4.47,4.11,8903
2003-04-02,4.25,4.19,4.27,4.02,1424
2003-04-03,4.17,4.14,4.17,4.08,1370
2003-04-04,4.09,4.16,4.18,4.09,2070
2003-04-07,4.15,4.14,4.18,4.1,1287
2003-04-08,4.14,4.1,4.16,4.08,970
2003-04-09,4.1,4.11,4.12,4.03,3159
2003-04-10,4.11,4.06,4.11,4.02,11671
2003-04-11,4.06,4.07,4.11,4.05,11696
2003-04-14,4.07,4.21,4.24,4.05,16679
2003-04-15,4.24,4.25,4.29,4.17,11376
2003-04-16,4.24,4.14,4.27,4.11,4502
2003-04-17,4.14,4.11,4.19,4.08,3056
2003-04-18,4.11,4.09,4.14,4.08,3149
2003-04-21,4.11,4.18,4.18,4.08,5596
2003-04-22,4.2,4.24,4.27,4.2,3606
2003-04-23,4.24,4.24,4.27,4.18,5280
2003-04-24,4.24,4.17,4.24,4.02,4457
2003-04-25,4.15,4.13,4.18,4.09,2198
2003-04-28,4.13,4.13,4.15,4.05,2611
2003-04-29,4.1,4.09,4.18,4.02,2100
2003-04-30,4.09,4.07,4.1,3.99,6070
2003-05-12,4.07,4.01,4.07,3.92,3232
2003-05-13,4.01,4.02,4.04,3.94,5513
2003-05-14,4.02,4.01,4.03,3.97,2781
2003-05-15,4.01,4.01,4.01,3.94,5488
2003-05-16,4.01,4.01,4.02,3.95,2211
2003-05-19,4.04,4.19,4.21,4.01,15896
2003-05-20,4.21,4.31,4.33,4.21,16922
2003-05-21,4.32,4.27,4.32,4.26,5443
2003-05-22,4.27,4.28,4.31,4.24,5335
2003-05-23,4.29,4.31,4.35,4.26,14902
2003-05-26,4.31,4.29,4.31,4.25,9650
2003-05-27,4.3,4.27,4.32,4.25,3746
2003-05-28,4.27,4.25,4.3,4.22,4915
2003-05-29,4.25,4.23,4.27,4.21,4588
2003-05-30,4.24,4.24,4.27,4.21,9072
2003-06-02,4.24,4.19,4.27,4.17,2608
2003-06-03,4.2,4.17,4.23,4.1,2196
2003-06-04,4.16,4.16,4.18,4.11,1819
2003-06-05,4.15,4.19,4.24,4.13,4400
2003-06-06,4.19,4.18,4.23,4.15,1593
2003-06-09,4.18,4.13,4.21,4.09,1408
2003-06-10,4.13,4.07,4.17,4.05,2383
2003-06-11,4.07,4.13,4.15,4.05,3067
2003-06-12,4.13,4.12,4.16,4.08,1057
2003-06-13,4.12,4.11,4.15,4.08,1036
2003-06-16,4.11,4.11,4.14,4.09,1456
2003-06-17,4.11,4.11,4.17,4.09,2686
2003-06-18,4.11,4.11,4.14,4.09,1002
2003-06-19,4.11,4.1,4.13,4.08,1132
2003-06-20,4.1,4.1,4.11,4.08,881
2003-06-23,4.1,4.08,4.13,4.07,651
2003-06-24,4.08,4.07,4.09,4.04,887
2003-06-25,4.07,4.06,4.08,4.04,1218
2003-06-27,4.06,4.07,4.1,4.05,1359
2003-06-30,4.07,4.03,4.08,4.03,1358
2003-07-01,4.03,4.04,4.08,4.03,1157
2003-07-02,4.03,4.06,4.06,3.99,3931
2003-07-03,4.05,4.05,4.06,4.03,3477
2003-07-04,4.05,4.02,4.05,3.95,7746
2003-07-07,4.02,4.04,4.05,3.99,4755
2003-07-08,4.04,4.07,4.08,4.04,2264
2003-07-09,4.07,4.05,4.09,4.03,2244
2003-07-10,4.05,4.03,4.05,3.99,3601
2003-07-11,4.03,4.03,4.04,3.99,1920
2003-07-14,4.02,4.02,4.02,3.98,1449
2003-07-15,4.02,4.01,4.02,3.98,726
2003-07-16,4.01,4.0,4.01,3.97,1373
2003-07-17,3.99,3.98,4.0,3.95,2719
2003-07-18,3.98,4.01,4.01,3.94,2625
2003-07-21,3.99,3.98,4.0,3.95,974
2003-07-22,3.99,3.98,4.0,3.94,1418
2003-07-23,3.97,3.99,4.01,3.96,5659
2003-07-24,3.99,4.03,4.03,3.97,6519
2003-07-25,4.03,4.02,4.04,3.99,4881
2003-07-28,4.02,3.98,4.02,3.95,1960
2003-07-29,3.98,3.97,3.99,3.94,3107
2003-07-30,3.97,3.96,3.99,3.94,806
2003-07-31,3.96,3.97,3.98,3.93,805
2003-08-01,3.97,3.97,3.99,3.92,827
2003-08-04,3.97,3.97,3.99,3.92,894
2003-08-05,3.96,3.96,3.97,3.92,1015
2003-08-06,3.96,3.96,3.96,3.9,1319
2003-08-07,3.95,3.95,3.95,3.86,571
2003-08-08,3.57,3.9,3.95,3.57,1049
2003-08-11,3.9,3.84,3.9,3.8,944
2003-08-12,3.82,3.6,3.82,3.59,6212
2003-08-13,3.59,3.5,3.59,3.46,10232
2003-08-14,3.42,3.46,3.5,3.42,4498
2003-08-15,3.46,3.42,3.49,3.39,4892
2003-08-18,3.41,3.42,3.46,3.25,18487
2003-08-19,3.34,3.42,3.43,3.3,8755
2003-08-20,3.42,3.42,3.42,3.36,3056
2003-08-21,3.41,3.41,3.43,3.38,2711
2003-08-22,3.38,3.37,3.41,3.35,3536
2003-08-25,3.37,3.14,3.37,3.12,11336
2003-08-26,3.12,3.12,3.18,3.07,7340
2003-08-27,3.13,2.84,3.13,2.84,39438
2003-08-28,2.58,2.7,2.77,2.58,68589
2003-08-29,2.64,2.57,2.67,2.48,63841
2003-09-01,2.57,2.63,2.64,2.56,46926
2003-09-02,2.63,2.59,2.66,2.59,31615
2003-09-03,2.59,2.6,2.61,2.55,17541
2003-09-04,2.6,2.72,2.79,2.6,64576
2003-09-05,2.7,2.68,2.71,2.64,27120
2003-09-08,2.68,2.63,2.69,2.61,13475
2003-09-09,2.64,2.64,2.69,2.62,16479
2003-09-10,2.65,2.62,2.66,2.59,21152
2003-09-11,2.61,2.54,2.61,2.53,17461
2003-09-12,2.54,2.52,2.54,2.49,14976
2003-09-15,2.52,2.5,2.54,2.49,7087
2003-09-16,2.5,2.56,2.57,2.49,13716
2003-09-17,2.57,2.52,2.57,2.51,8971
2003-09-18,2.52,2.51,2.53,2.49,8726
2003-09-19,2.5,2.43,2.52,2.36,25663
2003-09-22,2.42,2.37,2.42,2.35,23430
2003-09-23,2.38,2.41,2.41,2.36,14186
2003-09-24,2.41,2.44,2.44,2.41,15418
2003-09-25,2.44,2.39,2.44,2.37,11787
2003-09-26,2.38,2.36,2.38,2.35,4650
2003-09-29,2.36,2.32,2.38,2.29,8969
2003-09-30,2.32,2.36,2.37,2.29,8259
2003-10-08,2.36,2.37,2.37,2.3,5396
2003-10-09,2.35,2.34,2.38,2.34,3945
2003-10-10,2.34,2.4,2.41,2.33,11900
2003-10-13,2.4,2.38,2.41,2.37,6713
2003-10-14,2.38,2.33,2.38,2.33,5786
2003-10-15,2.34,2.33,2.36,2.33,5162
2003-10-16,2.32,2.27,2.33,2.25,5306
2003-10-17,2.27,2.28,2.29,2.24,4729
2003-10-20,2.28,2.24,2.28,2.24,4431
2003-10-21,2.24,2.23,2.25,2.21,3932
2003-10-22,2.24,2.27,2.29,2.23,5880
2003-10-23,2.27,2.12,2.27,2.07,60672
2003-10-24,2.11,2.2,2.22,2.07,109723
2003-10-27,2.18,2.16,2.18,2.1,57321
2003-10-28,2.15,2.14,2.16,2.11,14617
2003-10-29,2.13,2.05,2.14,2.02,22647
2003-10-30,2.05,2.09,2.13,2.04,21320
2003-10-31,2.08,2.18,2.21,2.08,32980
2003-11-03,2.17,2.19,2.21,2.16,18088
2003-11-04,2.2,2.22,2.24,2.17,37620
2003-11-05,2.19,2.26,2.27,2.19,32964
2003-11-06,2.26,2.19,2.28,2.18,22341
2003-11-07,2.18,2.19,2.21,2.15,18099
2003-11-10,2.19,2.23,2.23,2.16,12883
2003-11-11,2.22,2.22,2.24,2.19,9545
2003-11-12,2.22,2.17,2.22,2.17,14029
2003-11-13,2.16,2.18,2.21,2.16,9906
2003-11-14,2.19,2.2,2.21,2.17,6899
2003-11-17,2.21,2.3,2.32,2.2,43562
2003-11-18,2.31,2.32,2.35,2.26,38654
2003-11-19,2.3,2.36,2.37,2.29,37412
2003-11-20,2.36,2.46,2.47,2.33,49155
2003-11-21,2.45,2.38,2.49,2.37,33968
2003-11-24,2.38,2.47,2.51,2.37,28829
2003-11-25,2.47,2.49,2.55,2.44,39270
2003-11-26,2.5,2.48,2.51,2.46,21316
2003-11-27,2.48,2.39,2.48,2.39,24636
2003-11-28,2.39,2.45,2.51,2.39,22289
2003-12-01,2.44,2.49,2.49,2.42,20643
2003-12-02,2.5,2.45,2.51,2.43,17337
2003-12-03,2.45,2.42,2.47,2.4,16844
2003-12-04,2.42,2.44,2.46,2.42,12828
2003-12-05,2.44,2.54,2.58,2.44,47322
2003-12-08,2.54,2.5,2.59,2.5,26515
2003-12-09,2.5,2.53,2.54,2.48,11294
2003-12-10,2.54,2.54,2.55,2.49,15734
2003-12-11,2.54,2.59,2.62,2.54,30015
2003-12-12,2.59,2.64,2.66,2.57,37200
2003-12-15,2.64,2.62,2.67,2.61,18646
2003-12-16,2.62,2.57,2.62,2.54,21115
2003-12-17,2.57,2.55,2.59,2.54,14386
2003-12-18,2.54,2.46,2.55,2.44,26449
2003-12-19,2.46,2.29,2.48,2.26,35146
2003-12-22,2.28,2.36,2.38,2.19,25045
2003-12-23,2.35,2.4,2.4,2.25,18361
2003-12-24,2.37,2.38,2.4,2.35,11218
2003-12-25,2.37,2.34,2.38,2.3,14849
2003-12-26,2.32,2.34,2.36,2.32,7428
2003-12-29,2.32,2.27,2.32,2.27,12831
2003-12-30,2.28,2.28,2.31,2.27,6256
2003-12-31,2.28,2.28,2.31,2.27,6867
2004-01-02,2.28,2.31,2.33,2.28,5166
2004-01-05,2.28,2.31,2.32,2.26,15222
2004-01-06,2.31,2.26,2.31,2.25,12507
2004-01-07,2.26,2.25,2.29,2.2,25443
2004-01-08,2.25,2.3,2.31,2.22,15987
2004-01-09,2.32,2.35,2.4,2.3,44857
2004-01-12,2.37,2.37,2.4,2.32,16670
2004-01-13,2.38,2.44,2.44,2.36,40209
2004-01-14,2.44,2.42,2.46,2.41,16738
2004-01-15,2.42,2.37,2.43,2.37,13369
2004-01-16,2.37,2.4,2.42,2.36,17223
2004-01-29,2.41,2.48,2.49,2.39,14746
2004-01-30,2.48,2.47,2.52,2.45,20704
2004-02-02,2.48,2.56,2.57,2.47,30808
2004-02-03,2.56,2.63,2.64,2.53,35766
2004-02-04,2.64,2.66,2.66,2.61,41104
2004-02-05,2.67,2.83,2.86,2.64,70874
2004-02-06,2.82,2.74,2.82,2.74,39084
2004-02-09,2.73,2.78,2.79,2.71,27367
2004-02-10,2.79,2.79,2.85,2.77,30397
2004-02-11,2.79,2.89,2.89,2.75,54013
2004-02-12,2.91,2.86,2.99,2.86,82182
2004-02-13,2.85,2.74,2.85,2.74,46164
2004-02-16,2.74,2.79,2.8,2.73,24768
2004-02-17,2.79,2.83,2.84,2.79,26050
2004-02-18,2.84,2.84,2.85,2.79,24550
2004-02-19,2.84,2.9,2.91,2.82,34356
2004-02-20,2.91,2.9,2.92,2.85,24317
2004-02-23,2.91,2.8,2.92,2.78,19423
2004-02-24,2.78,2.77,2.8,2.72,24994
2004-02-25,2.77,2.76,2.82,2.75,24871
2004-02-26,2.76,2.67,2.76,2.64,18877
2004-02-27,2.67,2.72,2.74,2.67,12642
2004-03-01,2.73,2.76,2.76,2.68,10079
2004-03-02,2.75,2.73,2.76,2.7,14440
2004-03-03,2.73,2.71,2.8,2.7,18990
2004-03-04,2.71,2.72,2.73,2.67,11049
2004-03-05,2.72,2.7,2.74,2.69,9388
2004-03-08,2.69,2.58,2.69,2.58,13398
2004-03-09,2.58,2.53,2.62,2.53,10164
2004-03-10,2.53,2.59,2.6,2.53,7742
2004-03-11,2.59,2.62,2.63,2.58,10082
2004-03-12,2.62,2.62,2.62,2.59,7875
2004-03-15,2.61,2.66,2.67,2.6,12100
2004-03-16,2.66,2.7,2.7,2.64,14467
2004-03-17,2.7,2.66,2.7,2.65,12964
2004-03-18,2.66,2.61,2.67,2.61,14489
2004-03-19,2.62,2.7,2.71,2.62,13714
2004-03-22,2.71,2.76,2.77,2.68,18756
2004-03-23,2.76,2.75,2.76,2.71,11822
2004-03-24,2.75,2.73,2.76,2.71,13674
2004-03-25,2.7,2.71,2.75,2.69,8870
2004-03-26,2.71,2.7,2.73,2.68,7351
2004-03-29,2.7,2.68,2.7,2.65,12181
2004-03-30,2.65,2.74,2.75,2.65,10759
2004-03-31,2.76,2.81,2.82,2.76,39573
2004-04-01,2.81,2.82,2.84,2.78,19790
2004-04-02,2.82,2.86,2.87,2.8,24231
2004-04-05,2.86,2.85,2.88,2.84,17346
2004-04-06,2.85,2.9,2.92,2.85,19474
2004-04-07,2.91,3.01,3.03,2.89,49060
2004-04-08,2.98,3.07,3.1,2.96,69132
2004-04-09,3.06,3.0,3.09,2.95,51356
2004-04-12,2.98,2.96,3.05,2.94,33155
2004-04-13,2.96,2.98,3.01,2.95,25295
2004-04-14,2.98,2.9,3.05,2.89,37063
2004-04-15,2.67,2.78,2.88,2.67,47137
2004-04-16,2.77,2.74,2.8,2.69,14238
2004-04-19,2.75,2.75,2.8,2.72,6116
2004-04-20,2.76,2.76,2.8,2.73,3078
2004-04-21,2.8,2.74,2.8,2.72,7084
2004-04-22,2.74,2.75,2.78,2.72,4037
2004-04-23,2.75,2.65,2.75,2.65,9950
2004-04-26,2.65,2.6,2.67,2.59,5275
2004-04-27,2.6,2.63,2.7,2.6,10195
2004-04-28,2.64,2.65,2.7,2.59,10634
2004-04-29,2.64,2.65,2.71,2.61,10541
2004-04-30,2.65,2.67,2.7,2.61,10818
2004-05-10,2.68,2.71,2.73,2.66,8198
2004-05-11,2.71,2.73,2.74,2.63,8205
2004-05-12,2.74,2.83,2.83,2.71,14075
2004-05-13,2.83,2.81,2.83,2.79,9559
2004-05-14,2.79,2.78,2.82,2.77,12028
2004-05-17,2.77,2.76,2.84,2.74,6717
2004-05-19,2.82,2.85,2.89,2.77,15847
2004-05-20,2.85,2.81,2.87,2.8,9913
2004-05-21,2.8,2.77,2.81,2.74,5445
2004-05-24,2.77,2.75,2.81,2.72,7380
2004-05-25,2.74,2.67,2.74,2.66,5261
2004-05-26,2.66,2.64,2.68,2.62,4780
2004-05-27,2.64,2.7,2.7,2.64,2336
2004-05-28,2.71,2.65,2.71,2.64,2186
2004-05-31,2.66,2.66,2.66,2.58,10726
2004-06-01,2.65,2.72,2.76,2.64,18427
2004-06-02,2.71,2.74,2.76,2.69,16696
2004-06-03,2.72,2.64,2.72,2.64,5890
2004-06-04,2.65,2.65,2.67,2.63,2990
2004-06-07,2.7,2.61,2.7,2.59,3568
2004-06-08,2.59,2.49,2.61,2.48,8285
2004-06-09,2.49,2.44,2.5,2.42,6157
2004-06-10,2.42,2.45,2.48,2.42,4757
2004-06-11,2.46,2.45,2.51,2.42,2420
2004-06-14,2.48,2.41,2.48,2.4,3981
2004-06-15,2.41,2.46,2.46,2.39,2911
2004-06-16,2.42,2.43,2.48,2.41,2283
2004-06-17,2.43,2.35,2.43,2.35,2930
2004-06-18,2.35,2.3,2.35,2.29,3614
2004-06-21,2.3,2.36,2.44,2.3,1712
2004-06-22,2.37,2.37,2.39,2.32,1322
2004-06-23,2.37,2.34,2.37,2.3,1803
2004-06-24,2.34,2.32,2.36,2.3,2312
2004-06-25,2.33,2.31,2.34,2.3,2116
2004-06-28,2.29,2.25,2.32,2.25,1371
2004-06-29,2.28,2.29,2.32,2.25,1409
2004-06-30,2.31,2.26,2.32,2.25,1079
2004-07-01,2.27,2.32,2.34,2.27,3078
2004-07-02,2.33,2.33,2.33,2.29,3511
2004-07-05,2.34,2.33,2.34,2.29,2143
2004-07-06,2.4,2.35,2.4,2.33,1766
2004-07-07,2.34,2.25,2.35,2.22,14041
2004-07-08,2.24,2.21,2.24,2.16,16534
2004-07-09,2.2,2.2,2.21,2.18,8099
2004-07-12,2.18,2.18,2.2,2.17,4163
2004-07-13,2.19,2.16,2.19,2.15,6634
2004-07-14,2.17,2.07,2.17,2.06,24270
2004-07-15,2.09,2.09,2.1,2.05,20661
2004-07-16,2.09,2.17,2.17,2.09,26454
2004-07-19,2.17,2.2,2.22,2.16,15636
2004-07-20,2.2,2.17,2.2,2.16,6952
2004-07-21,2.16,2.18,2.18,2.15,5323
2004-07-22,2.19,2.11,2.21,2.1,7623
2004-07-23,2.1,2.14,2.14,2.08,4202
2004-07-26,2.13,2.09,2.13,2.09,7602
2004-07-27,2.09,2.11,2.12,2.09,4442
2004-07-28,2.11,2.14,2.15,2.09,4910
2004-07-29,2.16,2.21,2.21,2.13,9967
2004-07-30,2.22,2.17,2.22,2.16,8646
2004-08-02,2.17,2.18,2.19,2.14,4302
2004-08-03,2.16,2.17,2.19,2.16,3796
2004-08-04,2.17,2.22,2.24,2.17,14338
2004-08-05,2.22,2.19,2.23,2.19,6573
2004-08-06,2.19,2.22,2.23,2.18,4552
2004-08-09,2.21,2.23,2.23,2.19,4247
2004-08-10,2.23,2.22,2.23,2.21,3711
2004-08-11,2.22,2.18,2.22,2.17,3860
2004-08-12,2.17,2.14,2.18,2.14,5941
2004-08-13,2.13,2.23,2.23,2.13,10597
2004-08-16,2.24,2.28,2.28,2.21,16921
2004-08-17,2.27,2.26,2.28,2.23,9857
2004-08-18,2.26,2.26,2.3,2.25,8394
2004-08-19,2.25,2.25,2.27,2.23,5585
2004-08-20,2.24,2.26,2.27,2.23,4323
2004-08-23,2.25,2.25,2.28,2.24,8807
2004-08-24,2.25,2.23,2.27,2.07,17548
2004-08-25,2.22,2.24,2.42,2.21,12218
2004-08-26,2.25,2.25,2.27,2.21,4183
2004-08-27,2.26,2.24,2.26,2.22,5214
2004-08-30,2.22,2.29,2.29,2.22,5533
2004-08-31,2.32,2.33,2.38,2.29,15064
2004-09-01,2.32,2.3,2.33,2.29,6682
2004-09-02,2.29,2.33,2.34,2.26,7818
2004-09-03,2.32,2.33,2.36,2.32,5166
2004-09-06,2.31,2.29,2.32,2.29,2844
2004-09-07,2.3,2.3,2.3,2.27,2006
2004-09-08,2.3,2.28,2.31,2.27,2847
2004-09-09,2.28,2.24,2.28,2.24,5424
2004-09-10,2.23,2.21,2.23,2.17,5648
2004-09-13,2.2,2.19,2.21,2.18,4755
2004-09-14,2.19,2.25,2.27,2.19,5207
2004-09-15,2.25,2.34,2.4,2.24,11078
2004-09-16,2.35,2.34,2.37,2.31,7936
2004-09-17,2.34,2.42,2.42,2.33,16037
2004-09-20,2.43,2.49,2.49,2.41,19404
2004-09-21,2.5,2.46,2.52,2.45,15161
2004-09-22,2.45,2.38,2.49,2.37,12993
2004-09-23,2.38,2.46,2.46,2.37,9139
2004-09-24,2.44,2.49,2.58,2.44,27701
2004-09-27,2.53,2.5,2.57,2.48,14190
2004-09-28,2.51,2.58,2.6,2.49,16535
2004-09-29,2.59,2.57,2.6,2.53,13707
2004-09-30,2.56,2.53,2.57,2.51,11309
2004-10-08,2.53,2.58,2.59,2.44,9472
2004-10-11,2.58,2.5,2.59,2.5,11011
2004-10-12,2.49,2.45,2.49,2.43,9999
2004-10-13,2.45,2.48,2.49,2.43,6682
2004-10-14,2.47,2.37,2.47,2.37,11183
2004-10-15,2.37,2.32,2.37,2.31,4996
2004-10-18,2.32,2.35,2.38,2.31,2627
2004-10-19,2.37,2.34,2.45,2.34,2869
2004-10-20,2.34,2.36,2.37,2.32,2445
2004-10-21,2.36,2.41,2.41,2.35,5890
2004-10-22,2.42,2.45,2.46,2.38,6944
2004-10-25,2.49,2.37,2.49,2.37,5561
2004-10-26,2.35,2.43,2.43,2.34,3266
2004-10-27,2.42,2.46,2.47,2.4,9298
2004-10-28,2.47,2.44,2.51,2.44,8765
2004-10-29,2.38,2.37,2.42,2.35,4534
2004-11-01,2.35,2.36,2.41,2.35,1481
2004-11-02,2.35,2.34,2.36,2.32,1988
2004-11-03,2.35,2.41,2.41,2.33,3039
2004-11-04,2.39,2.33,2.42,2.32,2510
2004-11-05,2.34,2.26,2.35,2.24,5144
2004-11-08,2.25,2.25,2.26,2.22,4131
2004-11-09,2.25,2.26,2.27,2.22,2257
2004-11-10,2.26,2.36,2.36,2.25,6544
2004-11-11,2.35,2.33,2.38,2.33,6598
2004-11-12,2.31,2.34,2.34,2.31,2373
2004-11-15,2.34,2.34,2.35,2.32,2638
2004-11-16,2.34,2.32,2.34,2.32,2067
2004-11-17,2.33,2.29,2.33,2.29,3263
2004-11-18,2.28,2.31,2.33,2.28,3699
2004-11-19,2.31,2.37,2.38,2.31,6410
2004-11-22,2.38,2.41,2.42,2.36,6232
2004-11-23,2.41,2.39,2.42,2.36,4751
2004-11-24,2.39,2.35,2.39,2.35,2573
2004-11-25,2.35,2.34,2.36,2.32,2819
2004-11-26,2.34,2.36,2.38,2.34,1205
2004-11-29,2.36,2.3,2.36,2.29,1921
2004-11-30,2.3,2.29,2.31,2.28,2142
2004-12-01,2.3,2.26,2.3,2.26,2995
2004-12-02,2.26,2.29,2.29,2.24,2099
2004-12-03,2.29,2.29,2.3,2.28,1652
2004-12-06,2.29,2.3,2.32,2.28,2078
2004-12-07,2.3,2.27,2.3,2.27,1500
2004-12-08,2.29,2.31,2.31,2.26,2223
2004-12-09,2.31,2.32,2.33,2.29,2204
2004-12-10,2.31,2.27,2.32,2.27,2285
2004-12-13,2.27,2.22,2.27,2.22,7496
2004-12-14,2.22,2.22,2.23,2.17,8529
2004-12-15,2.21,2.19,2.22,2.18,2540
2004-12-16,2.17,2.16,2.19,2.16,8251
2004-12-17,2.16,2.15,2.18,2.13,5323
2004-12-20,2.13,2.11,2.15,2.11,5198
2004-12-21,2.11,2.12,2.15,2.09,5499
2004-12-22,2.12,2.17,2.19,2.09,4635
2004-12-23,2.17,2.11,2.17,2.11,1602
2004-12-24,2.12,2.13,2.17,2.09,2600
2004-12-27,2.13,2.13,2.14,2.12,1055
2004-12-28,2.13,2.16,2.17,2.13,1485
2004-12-29,2.14,2.13,2.17,2.13,1657
2004-12-30,2.13,2.17,2.18,2.13,3935
2004-12-31,2.16,2.18,2.2,2.15,18730
2005-01-04,2.16,2.17,2.18,2.14,1827
2005-01-05,2.17,2.19,2.19,2.15,3139
2005-01-06,2.18,2.19,2.19,2.17,2631
2005-01-07,2.19,2.2,2.21,2.17,3008
2005-01-10,2.2,2.25,2.26,2.19,5179
2005-01-11,2.25,2.27,2.27,2.24,6349
2005-01-12,2.24,2.33,2.33,2.24,10059
2005-01-13,2.32,2.31,2.33,2.29,4648
2005-01-14,2.29,2.25,2.33,2.25,3022
2005-01-17,2.23,2.22,2.25,2.2,3815
2005-01-18,2.23,2.24,2.25,2.19,2273
2005-01-19,2.24,2.22,2.25,2.21,1396
2005-01-20,2.21,2.19,2.21,2.18,2537
2005-01-21,2.18,2.24,2.24,2.18,4338
2005-01-24,2.3,2.26,2.3,2.24,3126
2005-01-25,2.25,2.25,2.25,2.22,1074
2005-01-26,2.23,2.24,2.25,2.22,1072
2005-01-27,2.22,2.13,2.23,2.12,5484
2005-01-28,2.13,2.1,2.15,2.08,7735
2005-01-31,2.1,2.08,2.11,2.07,3717
2005-02-01,2.08,1.97,2.12,1.97,5671
2005-02-02,1.97,2.04,2.05,1.97,6509
2005-02-03,2.05,2.03,2.06,2.01,7165
2005-02-04,2.02,2.09,2.11,2.02,11876
2005-02-16,2.09,2.09,2.12,2.09,3178
2005-02-17,2.09,2.08,2.09,2.07,1736
2005-02-18,2.07,2.1,2.11,2.07,2551
2005-02-21,2.1,2.13,2.14,2.09,1627
2005-02-22,2.14,2.15,2.16,2.12,5345
2005-02-23,2.15,2.15,2.16,2.13,4097
2005-02-24,2.14,2.13,2.14,2.11,4070
2005-02-25,2.12,2.14,2.16,2.12,3713
2005-02-28,2.13,2.11,2.14,2.11,3371
2005-03-01,2.11,2.11,2.13,2.1,1457
2005-03-02,2.11,2.1,2.14,2.1,2602
2005-03-03,2.08,2.09,2.1,2.07,2148
2005-03-04,2.09,2.08,2.1,2.07,3335
2005-03-07,2.06,2.12,2.14,2.06,2355
2005-03-08,2.12,2.15,2.15,2.12,3582
2005-03-09,2.15,2.17,2.18,2.14,6886
2005-03-10,2.16,2.11,2.17,2.1,5002
2005-03-11,2.11,2.12,2.14,2.1,2724
2005-03-14,2.15,2.23,2.25,2.15,26105
2005-03-15,2.24,2.24,2.29,2.23,23933
2005-03-16,2.23,2.28,2.3,2.19,15617
2005-03-17,2.28,2.21,2.3,2.2,11910
2005-03-18,2.21,2.16,2.22,2.14,6902
2005-03-21,2.16,2.2,2.22,2.16,6527
2005-03-22,2.19,2.25,2.25,2.18,10165
2005-03-23,2.23,2.34,2.34,2.2,28083
2005-03-24,2.34,2.33,2.34,2.24,12102
2005-03-25,2.33,2.3,2.34,2.29,6099
2005-03-28,2.3,2.35,2.36,2.28,7067
2005-03-29,2.34,2.22,2.36,2.21,16972
2005-03-30,2.21,2.25,2.28,2.18,12779
2005-03-31,2.27,2.25,2.27,2.18,5010
2005-04-01,2.25,2.3,2.34,2.19,9534
2005-04-04,2.28,2.23,2.28,2.23,5888
2005-04-05,2.23,2.25,2.28,2.22,4769
2005-04-06,2.25,2.28,2.29,2.2,16138
2005-04-07,2.28,2.35,2.41,2.28,40509
2005-04-08,2.35,2.41,2.43,2.34,20153
2005-04-11,2.37,2.35,2.38,2.3,33969
2005-04-12,2.33,2.32,2.35,2.31,14574
2005-04-13,2.34,2.37,2.44,2.34,67108
2005-04-14,2.37,2.33,2.4,2.32,18804
2005-04-15,2.31,2.28,2.32,2.27,18659
2005-04-18,2.28,2.29,2.3,2.27,11922
2005-04-19,2.29,2.22,2.29,2.19,20610
2005-04-20,2.21,2.19,2.22,2.15,9134
2005-04-21,2.18,2.22,2.23,2.16,11052
2005-04-22,2.21,2.25,2.27,2.18,15645
2005-04-25,2.25,2.26,2.3,2.23,15810
2005-04-26,2.26,2.26,2.29,2.25,11912
2005-04-27,2.27,2.31,2.33,2.25,18061
2005-04-28,2.35,2.36,2.41,2.3,33341
2005-04-29,2.36,2.34,2.37,2.32,18138
2005-05-09,2.33,2.21,2.35,2.19,16879
2005-05-10,2.21,2.28,2.28,2.21,8520
2005-05-11,2.27,2.32,2.34,2.27,13318
2005-05-13,2.28,2.32,2.34,2.25,9299
2005-05-16,2.32,2.32,2.34,2.29,6185
2005-05-17,2.32,2.4,2.42,2.32,29202
2005-05-18,2.4,2.38,2.42,2.34,20046
2005-05-19,2.38,2.42,2.44,2.36,19676
2005-05-20,2.42,2.43,2.47,2.41,23355
2005-05-23,2.42,2.38,2.43,2.37,14362
2005-05-24,2.37,2.45,2.47,2.37,18931
2005-05-25,2.44,2.42,2.49,2.4,20345
2005-05-26,2.42,2.36,2.43,2.34,19689
2005-05-27,2.35,2.26,2.37,2.24,28476
2005-05-30,2.26,2.33,2.33,2.25,11439
2005-05-31,2.33,2.35,2.36,2.31,16833
2005-06-01,2.34,2.33,2.38,2.29,14575
2005-06-02,2.33,2.29,2.33,2.27,12167
2005-06-03,2.28,2.25,2.28,2.16,20918
2005-06-06,2.25,2.29,2.3,2.19,9913
2005-06-07,2.29,2.31,2.35,2.29,16181
2005-06-08,2.31,2.5,2.51,2.31,40296
2005-06-09,2.5,2.48,2.56,2.45,44446
2005-06-10,2.48,2.43,2.48,2.42,26169
2005-06-13,2.44,2.47,2.5,2.43,19860
2005-06-14,2.46,2.4,2.5,2.39,15898
2005-06-15,2.38,2.4,2.41,2.37,8199
2005-06-16,2.41,2.44,2.45,2.37,14605
2005-06-17,2.44,2.44,2.46,2.4,11133
2005-06-20,2.45,2.51,2.54,2.42,33711
2005-06-21,2.51,2.5,2.54,2.47,14245
2005-06-22,2.5,2.5,2.53,2.47,10177
2005-06-23,2.48,2.45,2.52,2.44,12456
2005-06-24,2.43,2.49,2.49,2.42,9836
2005-06-27,2.54,2.56,2.62,2.53,30165
2005-06-28,2.55,2.61,2.61,2.52,30479
2005-06-29,2.62,2.59,2.62,2.58,15149
2005-06-30,2.58,2.53,2.61,2.53,18183
2005-07-01,2.52,2.56,2.63,2.51,31155
2005-07-04,2.56,2.55,2.6,2.5,27465
2005-07-05,2.53,2.46,2.54,2.46,25267
2005-07-06,2.46,2.48,2.51,2.46,10034
2005-07-07,2.47,2.51,2.52,2.47,11079
2005-07-08,2.51,2.5,2.51,2.46,10237
2005-07-11,2.51,2.52,2.57,2.5,14404
2005-07-12,2.52,2.61,2.61,2.5,26891
2005-07-13,2.61,2.57,2.61,2.56,15588
2005-07-14,2.57,2.57,2.6,2.53,13834
2005-07-15,2.57,2.56,2.59,2.53,10615
2005-07-18,2.54,2.57,2.6,2.53,13562
2005-07-19,2.57,2.58,2.6,2.55,9970
2005-07-20,2.58,2.63,2.63,2.56,27198
2005-07-21,2.63,2.6,2.63,2.56,16429
2005-07-22,2.6,2.61,2.63,2.58,23983
2005-07-25,2.6,2.56,2.6,2.55,18575
2005-07-26,2.56,2.6,2.62,2.56,21017
2005-07-27,2.61,2.58,2.61,2.56,26781
2005-07-28,2.46,2.51,2.54,2.46,55139
2005-07-29,2.5,2.49,2.5,2.46,17076
2005-08-01,2.49,2.49,2.51,2.47,19998
2005-08-02,2.49,2.45,2.5,2.42,39843
2005-08-03,2.45,2.5,2.5,2.45,39727
2005-08-04,2.5,2.45,2.5,2.44,16809
2005-08-05,2.44,2.47,2.48,2.43,20932
2005-08-08,2.48,2.53,2.54,2.48,32106
2005-08-09,2.52,2.53,2.54,2.5,17690
2005-08-10,2.53,2.5,2.54,2.47,22483
2005-08-11,2.49,2.5,2.51,2.45,38972
2005-08-12,2.49,2.45,2.51,2.45,24995
2005-08-15,2.45,2.48,2.49,2.44,15598
2005-08-16,2.48,2.43,2.49,2.42,23926
2005-08-17,2.42,2.45,2.46,2.39,18836
2005-08-18,2.45,2.34,2.45,2.34,30640
2005-08-19,2.34,2.35,2.37,2.33,15705
2005-08-22,2.36,2.41,2.42,2.36,20802
2005-08-23,2.42,2.43,2.44,2.41,18408
2005-08-24,2.42,2.42,2.43,2.39,14865
2005-08-25,2.41,2.41,2.42,2.39,9743
2005-08-26,2.41,2.37,2.41,2.35,11981
2005-08-29,2.37,2.35,2.37,2.34,7049
2005-08-30,2.34,2.38,2.38,2.34,7768
2005-08-31,2.39,2.39,2.41,2.36,9707
2005-09-01,2.39,2.42,2.42,2.37,15564
2005-09-02,2.42,2.42,2.42,2.4,13023
2005-09-05,2.42,2.42,2.43,2.41,11875
2005-09-06,2.42,2.37,2.43,2.35,16628
2005-09-07,2.37,2.45,2.46,2.36,20336
2005-09-08,2.46,2.48,2.5,2.45,38755
2005-09-09,2.5,2.45,2.51,2.44,20870
2005-09-12,2.45,2.53,2.53,2.45,44358
2005-09-13,2.54,2.75,2.75,2.53,129484
2005-09-14,2.87,2.85,2.98,2.81,157255
2005-09-15,2.86,2.87,2.98,2.84,96691
2005-09-16,2.86,2.8,2.86,2.78,47540
2005-09-19,2.8,2.84,2.88,2.8,60422
2005-09-20,2.85,2.79,2.85,2.75,52681
2005-09-21,2.78,2.79,2.83,2.77,36911
2005-09-22,2.79,2.69,2.79,2.68,36372
2005-09-23,2.67,2.7,2.73,2.67,23708
2005-09-26,2.7,2.71,2.75,2.69,15661
2005-09-27,2.72,2.65,2.74,2.63,17815
2005-09-28,2.65,2.64,2.67,2.63,11337
2005-09-29,2.65,2.7,2.7,2.65,17961
2005-09-30,2.71,2.67,2.71,2.65,14448
2005-10-10,2.67,2.69,2.74,2.66,12515
2005-10-11,2.7,2.75,2.77,2.69,26991
2005-10-12,2.75,2.74,2.76,2.7,24840
2005-10-13,2.73,2.64,2.73,2.64,28373
2005-10-14,2.64,2.65,2.66,2.63,12307
2005-10-17,2.65,2.67,2.67,2.63,9497
2005-10-18,2.67,2.58,2.68,2.54,30147
2005-10-19,2.57,2.54,2.59,2.53,17408
2005-10-20,2.54,2.58,2.58,2.5,21747
2005-10-21,2.57,2.57,2.58,2.52,14295
2005-10-24,2.58,2.57,2.59,2.49,11896
2005-10-25,2.56,2.5,2.56,2.49,11968
2005-10-26,2.5,2.47,2.53,2.46,15506
2005-10-27,2.47,2.49,2.51,2.47,9773
2005-10-28,2.5,2.43,2.51,2.35,15818
2005-10-31,2.43,2.45,2.46,2.41,10387
2005-11-01,2.46,2.48,2.49,2.44,8717
2005-11-02,2.49,2.48,2.5,2.46,10928
2005-11-03,2.47,2.43,2.47,2.42,9495
2005-11-04,2.43,2.44,2.46,2.42,5319
2005-11-07,2.45,2.44,2.45,2.4,7356
2005-11-08,2.45,2.46,2.48,2.41,8607
2005-11-09,2.46,2.46,2.5,2.45,9738
2005-11-10,2.45,2.38,2.48,2.37,10875
2005-11-11,2.39,2.41,2.41,2.37,5974
2005-11-14,2.38,2.39,2.41,2.36,4694
2005-11-15,2.4,2.43,2.47,2.4,12333
2005-11-16,2.43,2.46,2.46,2.39,5793
2005-11-17,2.45,2.47,2.5,2.45,12737
2005-11-18,2.46,2.52,2.52,2.43,21795
2005-11-21,2.52,2.51,2.53,2.5,12023
2005-11-22,2.5,2.47,2.52,2.47,7262
2005-11-23,2.47,2.5,2.51,2.47,4862
2005-11-24,2.49,2.5,2.54,2.49,9743
2005-11-25,2.51,2.49,2.51,2.48,3526
2005-11-28,2.52,2.47,2.52,2.46,4495
2005-11-29,2.47,2.44,2.47,2.42,5185
2005-11-30,2.45,2.45,2.46,2.38,7666
2005-12-01,2.44,2.43,2.46,2.41,5493
2005-12-02,2.42,2.41,2.43,2.4,5544
2005-12-05,2.39,2.29,2.4,2.26,17418
2005-12-06,2.29,2.27,2.3,2.26,6027
2005-12-07,2.29,2.28,2.3,2.26,6948
2005-12-09,2.32,2.31,2.32,2.26,15265
2005-12-12,2.31,2.36,2.36,2.29,15862
2005-12-13,2.36,2.34,2.36,2.33,6985
2005-12-14,2.34,2.36,2.36,2.33,7347
2005-12-15,2.37,2.34,2.37,2.34,6555
2005-12-16,2.35,2.36,2.38,2.34,5138
2005-12-19,2.35,2.36,2.37,2.33,4518
2005-12-20,2.35,2.35,2.35,2.34,3797
2005-12-21,2.34,2.35,2.37,2.34,5876
2005-12-22,2.34,2.33,2.35,2.32,7580
2005-12-23,2.31,2.35,2.35,2.31,10003
2005-12-26,2.35,2.37,2.38,2.35,13547
2005-12-27,2.38,2.41,2.41,2.36,13969
2005-12-28,2.4,2.4,2.41,2.39,6507
2005-12-29,2.4,2.43,2.44,2.4,12022
2005-12-30,2.43,2.41,2.43,2.39,10268
2006-01-04,2.4,2.45,2.46,2.38,12970
2006-01-05,2.45,2.51,2.54,2.44,22361
2006-01-06,2.52,2.59,2.59,2.49,27552
2006-01-09,2.59,2.59,2.64,2.55,20891
2006-01-10,2.59,2.58,2.59,2.54,8355
2006-01-11,2.58,2.62,2.63,2.57,16763
2006-01-12,2.61,2.66,2.67,2.58,16253
2006-01-13,2.67,2.62,2.67,2.61,16598
2006-01-16,2.6,2.58,2.61,2.57,13303
2006-01-17,2.58,2.57,2.58,2.55,10730
2006-01-18,2.58,2.65,2.65,2.58,14053
2006-01-19,2.64,2.63,2.67,2.59,11288
2006-01-20,2.67,2.81,2.85,2.67,40884
2006-02-13,2.86,2.73,2.88,2.71,22282
2006-02-14,2.74,2.78,2.79,2.71,29753
2006-02-15,2.79,2.74,2.82,2.72,26788
2006-02-16,2.74,2.7,2.75,2.63,41524
2006-03-13,2.09,2.03,2.09,2.02,39987
2006-03-14,2.03,2.05,2.08,2.01,18216
2006-03-15,2.05,2.2,2.22,2.05,57780
2006-03-16,2.18,2.21,2.25,2.17,43503
2006-03-17,2.22,2.19,2.22,2.16,23723
2006-03-20,2.2,2.2,2.21,2.17,21370
2006-03-21,2.19,2.29,2.3,2.19,46223
2006-03-22,2.29,2.31,2.31,2.25,31790
2006-03-23,2.3,2.28,2.31,2.26,32369
2006-03-24,2.29,2.24,2.31,2.23,28534
2006-03-27,2.22,2.26,2.26,2.21,14943
2006-03-28,2.26,2.22,2.26,2.22,23459
2006-03-29,2.22,2.23,2.25,2.2,25208
2006-03-30,2.23,2.24,2.27,2.22,25673
2006-03-31,2.23,2.29,2.31,2.21,42822
2006-04-03,2.3,2.36,2.37,2.3,41623
2006-04-04,2.37,2.46,2.53,2.37,95178
2006-04-05,2.45,2.47,2.51,2.42,40705
2006-04-06,2.45,2.49,2.56,2.43,52388
2006-04-07,2.49,2.49,2.53,2.45,38661
2006-04-10,2.49,2.54,2.58,2.49,56512
2006-04-11,2.54,2.48,2.54,2.47,44699
2006-04-12,2.47,2.46,2.5,2.42,36321
2006-04-13,2.45,2.37,2.47,2.36,35931
2006-04-14,2.36,2.42,2.42,2.34,27870
2006-04-17,2.4,2.43,2.48,2.35,32550
2006-04-18,2.44,2.58,2.59,2.42,74040
2006-04-19,2.57,2.56,2.57,2.51,33593
2006-04-20,2.56,2.56,2.59,2.52,58485
2006-04-21,2.54,2.61,2.64,2.54,60736
2006-04-24,2.61,2.52,2.66,2.51,46278
2006-04-25,2.52,2.38,2.52,2.34,51152
2006-04-26,2.37,2.5,2.53,2.37,58151
2006-04-27,2.5,2.61,2.64,2.5,87593
2006-04-28,2.6,2.64,2.75,2.53,90456
2006-05-08,2.66,2.7,2.77,2.62,65239
2006-05-09,2.7,2.88,2.94,2.65,115872
2006-05-10,2.9,2.81,2.9,2.8,64779
2006-05-11,2.81,2.78,2.94,2.76,73716
2006-05-12,2.76,2.86,2.9,2.7,72231
2006-05-16,3.04,3.0,3.11,2.92,164708
2006-05-17,3.01,3.23,3.26,3.0,187514
2006-05-18,3.12,3.08,3.2,3.0,74980
2006-05-19,3.09,3.24,3.31,3.08,52743
2006-05-22,3.24,3.11,3.31,3.05,89132
2006-05-23,3.08,2.84,3.08,2.84,74373
2006-05-24,2.86,2.89,2.96,2.77,43592
2006-05-25,2.86,2.91,2.93,2.79,23204
2006-05-26,2.88,2.94,2.96,2.85,34239
2006-05-29,2.94,3.05,3.1,2.9,57744
2006-05-30,3.05,3.03,3.15,2.99,53101
2006-05-31,3.02,2.97,3.06,2.9,54000
2006-06-01,2.96,3.08,3.09,2.93,57468
2006-06-02,3.08,2.98,3.09,2.96,44419
2006-06-05,2.99,2.92,3.01,2.83,58421
2006-06-06,2.9,2.96,3.01,2.88,45713
2006-06-07,2.92,2.7,2.96,2.7,60975
2006-06-08,2.7,2.67,2.7,2.55,45020
2006-06-09,2.68,2.61,2.69,2.57,25166
2006-06-12,2.67,2.67,2.68,2.58,20469
2006-06-13,2.67,2.68,2.75,2.64,27264
2006-06-14,2.66,2.67,2.68,2.61,14392
2006-06-15,2.67,2.73,2.75,2.66,38568
2006-06-16,2.74,2.78,2.83,2.74,39964
2006-06-19,2.78,2.9,2.94,2.73,41003
2006-06-20,2.91,3.01,3.12,2.9,64464
2006-06-21,3.01,3.02,3.13,2.99,51554
2006-06-22,3.03,3.06,3.09,2.96,44011
2006-06-23,3.05,3.13,3.16,3.0,84554
2006-06-26,3.13,3.21,3.24,3.11,67952
2006-06-27,3.22,3.24,3.41,3.21,94023
2006-06-28,3.24,3.36,3.41,3.22,83469
2006-06-29,3.36,3.38,3.42,3.33,70722
2006-06-30,3.39,3.3,3.39,3.23,68437
2006-07-03,3.28,3.37,3.38,3.22,51747
2006-07-04,3.38,3.36,3.4,3.3,50431
2006-07-05,3.36,3.6,3.65,3.32,134020
2006-07-06,3.57,3.65,3.69,3.54,67628
2006-07-07,3.62,3.59,3.66,3.51,49569
2006-07-10,3.57,3.52,3.59,3.45,29949
2006-07-11,3.47,3.55,3.58,3.47,32395
2006-07-12,3.54,3.34,3.55,3.33,93109
2006-07-13,3.32,3.16,3.38,3.15,72771
2006-07-14,3.14,3.15,3.21,3.11,37461
2006-07-17,3.17,3.23,3.24,3.12,29619
2006-07-18,3.22,3.23,3.26,3.18,19122
2006-07-19,3.21,3.11,3.24,3.09,29049
2006-07-20,3.11,3.11,3.13,3.07,21291
2006-07-21,3.09,3.16,3.2,3.09,18514
2006-07-24,3.12,3.31,3.33,3.09,47799
2006-07-25,3.32,3.31,3.34,3.26,27808
2006-07-26,3.29,3.26,3.3,3.2,30978
2006-07-27,3.25,3.18,3.25,3.16,20714
2006-07-28,3.12,3.19,3.25,3.11,24702
2006-07-31,3.19,2.96,3.19,2.94,37732
2006-08-01,2.96,2.9,3.01,2.83,32657
2006-08-02,2.9,2.92,2.93,2.85,13744
2006-08-03,2.91,2.89,2.95,2.86,12219
2006-08-04,2.89,2.92,2.98,2.88,31437
2006-08-07,2.88,2.88,2.92,2.82,18988
2006-08-08,2.88,3.01,3.01,2.86,32292
2006-08-09,3.01,3.01,3.04,2.95,20334
2006-08-10,2.99,3.02,3.04,2.96,38494
2006-08-11,3.02,3.02,3.05,2.99,31601
2006-08-14,3.0,2.94,3.04,2.9,16306
2006-08-15,2.91,2.95,2.96,2.91,10461
2006-08-16,2.93,2.97,2.98,2.92,13616
2006-08-17,2.96,2.94,2.96,2.89,10861
2006-08-18,2.92,2.91,2.94,2.9,4875
2006-08-21,2.83,2.89,2.9,2.78,10964
2006-08-22,2.86,2.91,2.92,2.85,13702
2006-08-23,2.9,2.86,2.91,2.86,14488
2006-08-24,2.84,2.88,2.88,2.83,13995
2006-08-25,2.9,2.94,2.95,2.87,22946
2006-08-28,2.94,3.04,3.05,2.93,29414
2006-08-29,3.05,3.09,3.13,3.03,37452
2006-08-30,3.07,3.09,3.1,3.03,19977
2006-08-31,3.09,3.16,3.17,3.07,27279
2006-09-01,3.16,3.12,3.17,3.08,31139
2006-09-04,3.06,3.11,3.13,3.06,18652
2006-09-05,3.11,3.13,3.15,3.05,26558
2006-09-06,3.13,3.16,3.17,3.09,20726
2006-09-07,3.15,3.15,3.17,3.11,12967
2006-09-08,3.13,3.18,3.2,3.13,29693
2006-09-11,3.19,3.21,3.22,3.17,15369
2006-09-12,3.21,3.21,3.22,3.17,22663
2006-09-13,3.18,3.14,3.18,3.12,19317
2006-09-14,3.11,3.11,3.12,3.07,19951
2006-09-15,3.09,3.11,3.12,3.09,10395
2006-09-18,3.11,3.12,3.14,3.09,7664
2006-09-19,3.12,3.12,3.14,3.1,9146
2006-09-20,3.12,3.13,3.13,3.08,14710
2006-09-21,3.12,3.11,3.13,3.05,19969
2006-09-22,3.11,3.07,3.11,3.05,12894
2006-09-25,3.06,3.02,3.06,2.98,13914
2006-09-26,3.0,3.05,3.06,2.99,6553
2006-09-27,3.05,2.99,3.05,2.96,14687
2006-09-28,2.99,3.03,3.04,2.99,9249
2006-09-29,3.05,3.08,3.09,3.03,8466
2006-10-09,3.08,3.34,3.34,3.08,52180
2006-10-10,3.32,3.34,3.36,3.27,32973
2006-10-11,3.34,3.31,3.36,3.25,21092
2006-10-12,3.3,3.41,3.42,3.28,51889
2006-10-13,3.38,3.38,3.41,3.34,36065
2006-10-16,3.37,3.27,3.37,3.25,22904
2006-10-17,3.26,3.26,3.31,3.22,11905
2006-10-18,3.26,3.29,3.31,3.25,11109
2006-10-19,3.29,3.2,3.29,3.18,28596
2006-10-20,3.21,3.24,3.24,3.18,16244
2006-10-23,3.22,3.13,3.22,3.1,15984
2006-10-24,3.14,3.17,3.18,3.12,13414
2006-10-25,3.18,3.2,3.27,3.17,20842
2006-10-27,3.17,3.1,3.19,3.08,24856
2006-10-30,3.09,3.06,3.12,3.02,12907
2006-10-31,3.06,3.15,3.15,3.06,11174
2006-11-01,3.18,3.15,3.18,3.12,6754
2006-11-02,3.15,3.18,3.23,3.13,13057
2006-11-03,3.18,3.23,3.27,3.17,18251
2006-11-06,3.25,3.29,3.3,3.22,19556
2006-11-07,3.29,3.18,3.29,3.16,12514
2006-11-08,3.16,3.19,3.2,3.11,10560
2006-11-09,3.19,3.25,3.26,3.15,17160
2006-11-10,3.25,3.3,3.39,3.22,51890
2006-11-13,3.31,3.27,3.39,3.2,31423
2006-11-14,3.26,3.31,3.32,3.18,21564
2006-11-15,3.3,3.41,3.42,3.25,79776
2006-11-16,3.44,3.5,3.56,3.41,119715
2006-11-17,3.5,3.77,3.81,3.48,224699
2006-11-20,3.73,3.72,3.81,3.68,62352
2006-11-21,3.71,3.89,3.99,3.66,85957
2006-11-22,3.87,3.88,4.01,3.83,44090
2006-11-23,3.84,3.8,3.89,3.7,63181
2006-11-24,3.79,3.95,3.96,3.74,40999
2006-11-27,3.93,3.95,3.99,3.82,29065
2006-11-28,3.94,4.07,4.11,3.88,36152
2006-11-29,4.0,4.27,4.31,3.96,52246
2006-11-30,4.27,4.27,4.35,4.22,34472
2006-12-01,4.25,4.29,4.36,4.24,30014
2006-12-04,4.27,4.34,4.43,4.21,39062
2006-12-05,4.33,4.25,4.36,4.2,44921
2006-12-06,4.24,4.37,4.41,4.15,60621
2006-12-07,4.34,4.41,4.46,4.31,33012
2006-12-08,4.37,4.41,4.62,4.31,47975
2006-12-11,4.37,4.68,4.69,4.34,36536
2006-12-12,4.68,4.69,4.74,4.56,33004
2006-12-13,4.69,4.64,4.69,4.59,16555
2006-12-14,4.63,4.85,4.92,4.63,34189
2006-12-15,4.85,5.01,5.13,4.85,35555
2006-12-18,5.03,5.2,5.26,4.92,39134
2006-12-19,5.2,5.67,5.68,5.16,79067
2006-12-20,5.65,5.52,5.65,5.48,48905
2006-12-21,5.52,5.24,5.56,5.13,59208
2006-12-22,5.17,5.24,5.45,5.14,34302
2006-12-25,5.22,5.3,5.43,5.22,24403
2006-12-26,5.31,5.22,5.37,5.01,19475
2006-12-27,5.2,5.54,5.55,5.19,47193
2006-12-28,5.52,5.46,5.65,5.44,24042
2006-12-29,5.38,5.67,5.77,5.38,47390
2007-01-04,5.67,5.82,6.0,5.67,42381
2007-01-05,5.75,5.91,5.92,5.66,37641
2007-01-08,5.92,6.28,6.39,5.92,24300
2007-01-09,6.36,6.81,6.82,6.21,31773
2007-01-10,6.77,6.93,7.02,6.61,30855
2007-01-11,7.3,7.58,7.58,7.16,117175
2007-01-12,7.48,7.98,8.3,7.43,64331
2007-01-15,8.44,8.3,8.73,8.05,89294
2007-01-16,8.25,8.18,8.3,7.83,83283
2007-01-17,8.18,8.42,8.83,8.06,51691
2007-01-18,8.37,8.44,8.62,7.99,41873
2007-01-19,8.37,8.43,8.63,8.09,40459
2007-01-22,8.42,8.47,8.61,8.27,64424
2007-01-23,8.54,8.23,8.54,7.72,49706
2007-01-24,8.18,8.33,8.38,7.9,40281
2007-01-25,8.12,8.12,8.28,7.96,26328
2007-01-26,8.11,8.89,8.89,7.99,66159
2007-01-29,9.37,9.74,9.74,9.21,76327
2007-01-30,9.84,9.44,9.94,9.3,35991
2007-01-31,9.4,8.8,9.75,8.54,47035
2007-02-01,8.64,8.97,8.97,8.46,40468
2007-02-02,8.99,8.46,9.23,8.21,29850
2007-02-05,8.66,9.1,9.23,8.5,36817
2007-02-06,9.02,9.07,9.24,8.6,17267
2007-02-07,9.11,9.16,9.19,8.99,22415
2007-02-08,9.23,9.14,9.23,8.96,25554
2007-02-09,9.14,9.01,9.19,8.76,37112
2007-02-12,9.08,9.08,9.09,8.86,19672
2007-02-13,9.09,9.45,9.72,9.08,79672
2007-02-14,9.32,9.72,9.82,9.32,76128
2007-02-15,9.94,9.63,10.04,9.53,56932
2007-02-16,9.71,9.5,9.75,9.49,44366
2007-02-26,9.5,9.08,9.5,8.92,37326
2007-02-27,9.05,8.51,9.05,8.22,54156
2007-02-28,8.6,8.56,8.72,8.16,42910
2007-03-01,8.57,8.46,8.76,8.28,29439
2007-03-02,8.44,8.64,8.67,8.44,61378
2007-03-05,8.76,8.24,8.76,8.01,39932
2007-03-06,8.18,8.13,8.26,7.94,41153
2007-03-07,8.14,8.34,8.39,8.14,23776
2007-03-08,8.28,8.31,8.37,8.09,38910
2007-03-09,8.37,8.65,8.82,8.34,48437
2007-03-12,8.67,8.92,8.92,8.67,68426
2007-03-13,9.07,8.69,9.11,8.58,34343
2007-03-14,8.67,8.07,8.67,8.05,82103
2007-03-15,8.0,8.18,8.31,7.96,36942
2007-03-16,8.12,7.95,8.18,7.9,55271
2007-03-19,7.76,7.93,8.18,7.74,37574
2007-03-20,7.99,7.98,8.08,7.87,26898
2007-03-21,7.91,8.2,8.28,7.91,38522
2007-03-22,8.22,8.58,8.85,8.22,72646
2007-03-23,8.44,8.3,8.6,8.19,37550
2007-03-26,8.31,8.3,8.44,8.06,61784
2007-03-27,8.3,8.37,8.38,8.22,41671
2007-03-28,8.39,8.51,8.6,8.12,45455
2007-03-29,8.51,8.48,8.63,8.23,49707
2007-03-30,8.44,8.42,8.63,8.34,28882
2007-04-02,8.46,8.8,8.89,8.46,75563
2007-04-03,8.8,8.97,9.24,8.78,52164
2007-04-04,8.97,8.86,9.07,8.75,36422
2007-04-05,8.88,8.68,8.88,8.59,50032
2007-04-06,8.62,8.65,8.86,8.57,36075
2007-04-09,8.7,9.13,9.15,8.7,79413
2007-04-10,8.89,8.47,9.08,8.36,169945
2007-04-11,8.51,8.22,8.6,8.06,202382
2007-04-12,8.22,8.44,8.5,8.22,117506
2007-04-13,8.45,8.76,8.95,8.26,206428
2007-04-16,8.96,9.4,9.56,8.95,183959
2007-04-17,9.41,9.21,9.5,8.93,129909
2007-04-18,9.21,9.21,9.37,9.03,75752
2007-04-19,9.21,8.51,9.21,8.34,100251
2007-04-20,8.45,8.78,8.91,8.45,65183
2007-04-24,9.11,8.75,9.24,8.75,121976
2007-04-25,8.73,8.55,8.73,8.38,71362
2007-04-26,8.56,8.62,8.66,8.43,68152
2007-04-27,8.62,8.39,8.62,8.37,68158
2007-04-30,8.28,8.49,8.57,8.25,72823
2007-05-08,8.56,8.75,8.84,8.48,97801
2007-05-09,8.75,8.47,8.75,8.27,86377
2007-05-10,8.46,8.43,8.53,8.3,63641
2007-05-11,8.41,8.32,8.41,8.25,58445
2007-05-14,8.28,8.41,8.54,8.18,70676
2007-05-15,8.4,8.11,8.47,8.08,59250
2007-05-16,8.09,8.34,8.38,8.03,54142
2007-05-17,8.44,8.56,8.6,8.35,89473
2007-05-18,8.57,8.66,8.92,8.57,125348
2007-05-21,8.42,8.95,9.08,8.38,113450
2007-05-22,9.01,8.89,9.15,8.76,117804
2007-05-23,8.99,9.49,9.53,8.92,185654
2007-05-24,9.56,9.33,9.56,9.08,139165
2007-05-25,9.27,9.89,10.04,9.21,170626
2007-05-28,10.56,10.83,10.83,10.56,73719
2007-05-29,11.87,11.38,11.87,11.37,256824
2007-05-30,10.29,10.28,11.16,10.28,186534
2007-05-31,10.08,10.73,10.84,9.33,210112
2007-06-01,10.56,10.37,11.26,10.2,153595
2007-06-04,10.49,9.38,10.5,9.38,101183
2007-06-05,9.02,9.5,9.56,8.48,128640
2007-06-06,9.66,9.49,9.71,9.08,82237
2007-06-07,9.5,10.14,10.3,9.5,99258
2007-06-08,10.04,10.08,10.35,9.74,86803
2007-06-11,10.08,10.33,10.49,10.01,85000
2007-06-12,10.48,10.67,10.83,9.92,108827
2007-06-13,10.84,10.68,11.05,10.65,97369
2007-06-14,10.56,10.34,10.74,10.3,81565
2007-06-15,10.27,10.48,10.58,10.17,55051
2007-06-18,10.78,10.61,10.92,10.58,72009
2007-06-19,10.65,10.42,10.65,10.36,55431
2007-06-20,10.42,10.09,10.75,9.95,65400
2007-06-21,10.0,10.04,10.2,9.79,60650
2007-06-22,10.06,9.44,10.26,9.14,74084
2007-06-25,9.46,8.77,9.56,8.67,78764
2007-06-26,8.67,9.14,9.21,8.63,53256
2007-06-27,9.21,9.27,9.33,9.07,46549
2007-06-28,9.27,8.7,9.27,8.7,48046
2007-06-29,8.55,8.35,8.76,8.31,48357
2007-07-02,8.5,8.34,8.5,8.02,32307
2007-07-03,8.49,8.56,8.57,8.33,28912
2007-07-04,8.6,8.61,8.92,8.54,37659
2007-07-05,8.56,8.01,8.56,8.01,35414
2007-07-06,7.96,8.31,8.36,7.57,51108
2007-07-09,8.35,8.55,8.73,8.18,58691
2007-07-11,8.44,8.24,8.44,8.06,43495
2007-07-12,8.34,8.25,8.39,8.18,18994
2007-07-13,8.31,8.48,8.5,8.08,27435
2007-07-16,8.5,8.21,8.52,8.18,22910
2007-07-17,8.18,8.29,8.34,8.02,21836
2007-07-18,8.35,8.3,8.67,8.26,53406
2007-07-19,8.26,8.11,8.26,8.03,34135
2007-07-20,8.1,8.27,8.36,8.02,50551
2007-07-23,8.32,8.63,8.67,8.22,72973
2007-07-24,8.64,8.55,8.79,8.54,63308
2007-07-25,8.55,8.63,8.65,8.46,56018
2007-07-26,8.68,8.87,8.99,8.68,72667
2007-07-27,8.9,9.03,9.11,8.75,55512
2007-07-30,9.03,9.05,9.17,8.99,59112
2007-07-31,9.05,9.84,9.85,8.83,110922
2007-08-01,9.84,9.1,9.88,9.08,90517
2007-08-02,9.15,9.22,9.39,8.89,63661
2007-08-03,9.26,9.22,9.43,9.08,68159
2007-08-06,9.27,9.33,9.46,9.09,68811
2007-08-07,9.33,9.09,9.33,9.08,63912
2007-08-08,9.08,9.29,9.46,9.0,87679
2007-08-09,9.34,9.21,9.46,9.15,43129
2007-08-10,9.3,8.89,9.43,8.83,58439
2007-08-13,8.84,8.49,8.85,8.18,72868
2007-08-14,8.47,8.67,8.73,8.46,35358
2007-08-15,8.69,8.52,8.79,8.41,37889
2007-08-16,8.57,8.55,8.61,8.34,34244
2007-08-17,8.57,8.56,8.73,8.47,28716
2007-08-20,8.7,8.84,8.91,8.65,46350
2007-08-21,8.89,8.82,8.89,8.7,39516
2007-08-22,8.75,9.0,9.15,8.67,54650
2007-08-23,9.02,9.06,9.3,9.02,43967
2007-08-24,9.08,8.97,9.17,8.83,43420
2007-08-27,9.02,8.77,9.08,8.67,54559
2007-08-28,8.76,8.8,8.92,8.5,43865
2007-08-29,8.82,8.61,8.84,8.57,34298
2007-08-30,8.66,8.89,8.91,8.59,47330
2007-08-31,8.89,8.94,9.11,8.89,47805
2007-09-03,9.0,9.17,9.29,8.94,67693
2007-09-04,9.18,8.99,9.26,8.95,44645
2007-09-05,8.99,9.29,9.3,8.87,64605
2007-09-06,9.35,9.27,9.59,9.22,87200
2007-09-07,9.15,9.14,9.39,8.92,66204
2007-09-10,9.05,9.47,9.61,8.81,88518
2007-09-11,9.54,8.93,9.77,8.83,74756
2007-09-12,8.92,9.18,9.27,8.83,48900
2007-09-13,9.31,9.14,9.35,9.02,33593
2007-09-14,9.16,9.5,9.75,8.99,81865
2007-09-17,9.52,10.03,10.12,9.47,141586
2007-09-18,10.1,9.89,10.1,9.72,65155
2007-09-19,9.89,9.5,10.0,9.48,43875
2007-09-20,9.5,9.46,9.69,9.33,44489
2007-09-21,9.46,9.57,9.69,9.22,45667
2007-09-24,9.57,9.28,9.63,9.27,34928
2007-09-25,9.27,9.25,9.52,9.16,25334
2007-09-26,9.25,9.59,9.75,9.25,60726
2007-09-27,9.63,9.72,9.87,9.47,47491
2007-09-28,9.79,9.9,10.14,9.75,76124
2007-10-09,9.92,10.42,10.52,9.59,106449
2007-10-10,10.36,10.09,10.42,10.08,71604
2007-10-11,10.11,9.78,10.28,9.77,67114
2007-10-12,9.79,9.42,9.97,8.99,62354
2007-10-15,9.47,9.31,9.61,9.27,63506
2007-10-16,9.3,9.62,9.84,9.2,44561
2007-10-17,9.62,9.46,9.72,9.18,40686
2007-10-18,9.33,8.92,9.43,8.89,38780
2007-10-19,9.05,8.74,9.13,8.68,38847
2007-10-22,8.67,8.62,8.94,8.51,28830
2007-10-23,8.82,8.94,9.15,8.67,21842
2007-10-24,9.03,8.63,9.07,8.6,26296
2007-10-25,8.6,7.86,8.6,7.85,46108
2007-10-26,7.81,7.8,7.96,7.59,21966
2007-10-29,7.86,7.61,8.0,7.44,38803
2007-10-30,7.71,7.8,7.82,7.43,49584
2007-10-31,7.85,8.17,8.29,7.74,48673
2007-11-01,8.15,7.71,8.16,7.7,32212
2007-11-02,7.7,7.49,7.7,7.42,25819
2007-11-05,7.5,7.52,7.74,7.46,23019
2007-11-06,7.56,7.66,7.7,7.52,14630
2007-11-07,7.69,7.54,7.73,7.45,16215
2007-11-08,7.54,7.21,7.64,7.2,18930
2007-11-09,7.16,6.84,7.16,6.65,25587
2007-11-12,6.74,6.33,6.85,6.22,36929
2007-11-13,6.36,6.41,6.53,6.26,36163
2007-11-14,6.45,6.61,6.63,6.39,34879
2007-11-15,6.58,6.49,6.71,6.48,27343
2007-11-16,6.47,6.59,6.66,6.34,27812
2007-11-19,6.6,6.81,6.86,6.6,35455
2007-11-20,6.82,6.93,7.03,6.75,33232
2007-11-21,7.0,6.85,7.11,6.85,27202
2007-11-22,6.81,6.41,6.81,6.38,20931
2007-11-23,6.4,6.58,6.58,6.28,12897
2007-11-26,6.59,6.53,6.74,6.51,13569
2007-11-27,6.53,6.47,6.58,6.44,10262
2007-11-28,6.47,6.57,6.65,6.44,15353
2007-11-29,6.61,6.77,6.82,6.53,26396
2007-11-30,6.73,6.71,6.82,6.65,20274
2007-12-03,6.71,6.79,6.84,6.49,13611
2007-12-04,6.82,6.9,6.99,6.79,20219
2007-12-05,6.92,6.93,6.97,6.84,17666
2007-12-06,6.94,6.8,7.0,6.79,19955
2007-12-07,6.83,6.93,6.96,6.7,26238
2007-12-10,6.88,7.17,7.22,6.84,41526
2007-12-11,7.18,7.51,7.69,7.18,66654
2007-12-12,7.51,7.41,7.7,7.4,51142
2007-12-13,7.42,7.34,7.61,7.32,42739
2007-12-14,7.25,7.75,7.83,7.23,50411
2007-12-17,7.8,8.18,8.25,7.8,106195
2007-12-18,8.18,8.18,8.32,7.99,47156
2007-12-19,8.18,8.22,8.33,8.06,44194
2007-12-20,8.23,8.3,8.47,8.22,40724
2007-12-21,8.27,8.33,8.4,8.15,43835
2007-12-24,8.42,8.81,8.88,8.42,60146
2007-12-25,8.85,8.93,8.96,8.7,41754
2007-12-26,8.95,9.07,9.24,8.89,42757
2007-12-27,9.15,9.01,9.15,8.92,53091
2007-12-28,8.99,9.06,9.13,8.7,34659
2008-01-02,9.09,9.37,9.4,9.09,34423
2008-01-03,9.34,9.25,9.53,9.11,30185
2008-01-04,9.15,9.09,9.25,9.06,35160
2008-01-07,9.1,9.16,9.4,8.95,37591
2008-01-08,9.1,9.38,9.47,9.08,63644
2008-01-09,9.52,9.86,9.96,9.43,68289
2008-01-10,9.9,10.02,10.23,9.79,56872
2008-01-11,10.02,10.06,10.14,9.88,40544
2008-01-14,10.13,10.23,10.33,10.04,38817
2008-01-15,10.3,10.24,10.3,10.09,30102
2008-01-16,10.2,10.17,10.43,9.95,55490
2008-01-17,10.11,9.92,10.35,9.33,49649
2008-01-18,9.79,9.91,10.06,9.56,33119
2008-01-21,9.92,9.55,10.03,9.48,32610
2008-01-22,9.47,9.17,9.63,8.7,43535
2008-01-23,9.18,10.04,10.04,9.08,56883
2008-01-24,10.08,10.6,10.72,9.86,87257
2008-01-25,10.58,10.4,10.65,10.27,50388
2008-01-28,10.33,9.83,10.7,9.79,40779
2008-01-29,10.01,9.82,10.08,9.63,26199
2008-01-30,10.04,9.77,10.14,9.49,23100
2008-01-31,9.77,9.13,9.79,9.11,29586
2008-02-01,9.11,8.86,9.37,8.48,38177
2008-02-04,9.14,9.7,9.7,9.14,32134
2008-02-05,9.82,10.05,10.13,9.7,40121
2008-02-13,9.79,9.93,10.14,9.79,15871
2008-02-14,9.93,9.95,10.17,9.88,14201
2008-02-15,9.92,10.01,10.06,9.66,17139
2008-02-18,10.02,10.15,10.33,10.02,20304
2008-02-19,10.15,10.26,10.27,10.06,24311
2008-02-20,10.3,10.14,10.35,10.11,23255
2008-02-21,10.08,10.33,10.37,9.89,24801
2008-02-22,10.33,10.25,10.62,10.01,43279
2008-02-25,10.3,10.02,10.42,9.91,23483
2008-02-26,10.28,10.0,10.39,9.47,25532
2008-02-27,9.98,10.26,10.33,9.79,20728
2008-02-28,10.23,10.16,10.39,10.15,14635
2008-02-29,10.14,10.34,10.38,10.04,24633
2008-03-03,10.34,10.75,10.85,10.24,68382
2008-03-04,10.8,10.75,10.97,10.6,44082
2008-03-05,10.75,10.63,10.89,10.36,24945
2008-03-06,10.57,10.62,10.75,10.36,27659
2008-03-07,10.62,10.57,10.74,10.37,17743
2008-03-10,10.57,10.31,10.57,10.27,15867
2008-03-11,10.36,10.43,10.46,10.11,12468
2008-03-12,10.57,10.68,10.85,10.5,40843
2008-03-13,10.62,10.66,10.9,10.04,40420
2008-03-14,10.62,10.51,10.75,10.27,20630
2008-03-17,10.27,9.51,10.35,9.51,41000
2008-03-18,9.1,8.67,9.62,8.61,40911
2008-03-19,9.01,9.06,9.22,8.68,32532
2008-03-20,8.91,9.66,9.79,8.5,29546
2008-03-21,9.66,9.89,9.92,9.5,22806
2008-03-24,9.96,9.87,10.1,9.66,26654
2008-03-25,9.79,10.01,10.06,9.63,15460
2008-03-26,10.01,10.3,10.56,10.01,36983
2008-03-27,10.27,9.85,10.3,9.5,28104
2008-03-28,9.72,9.94,9.98,9.4,23229
2008-03-31,9.71,9.64,9.94,9.62,11625
2008-04-01,9.47,9.27,9.84,8.76,26205
2008-04-02,9.31,9.1,9.43,8.95,19006
2008-04-03,9.05,9.46,9.47,8.73,15859
2008-04-07,9.24,9.89,9.92,9.19,33337
2008-04-08,9.75,9.94,10.04,9.75,23352
2008-04-09,9.94,9.76,10.29,9.75,39012
2008-04-10,9.4,9.78,9.82,9.3,25007
2008-04-11,9.98,9.63,10.04,9.56,13628
2008-04-14,9.46,9.26,9.47,9.03,20857
2008-04-15,9.21,9.42,9.44,9.05,12268
2008-04-16,9.31,9.53,9.55,9.16,10140
2008-04-18,9.18,9.22,9.39,9.03,12418
2008-04-21,9.79,9.31,9.84,9.18,14592
2008-04-22,9.11,9.21,9.31,8.77,19702
2008-04-23,9.15,9.48,9.55,9.02,11339
2008-04-24,10.33,10.37,10.37,9.94,53805
2008-04-25,10.44,10.73,11.15,10.24,74047
2008-04-28,10.4,10.43,10.68,10.3,52030
2008-04-29,10.45,10.49,10.63,10.3,39053
2008-04-30,10.36,10.69,10.8,10.36,55133
2008-05-05,10.81,11.7,11.7,10.61,101990
2008-05-06,11.84,12.1,12.74,11.74,194467
2008-05-07,11.94,11.46,12.28,11.38,93964
2008-05-08,11.33,11.55,11.63,10.92,100693
2008-05-09,11.67,11.12,11.67,11.04,89935
2008-05-12,10.82,11.15,11.45,10.74,143545
2008-05-13,10.75,10.6,11.02,10.37,110728
2008-05-14,10.5,10.76,10.89,10.46,89359
2008-05-15,10.86,11.0,11.25,10.76,121170
2008-05-16,11.01,11.09,11.21,10.79,80680
2008-05-19,11.09,11.52,11.53,11.0,108361
2008-05-20,11.54,11.42,11.85,11.33,174460
2008-05-21,11.5,11.68,11.83,11.33,120056
2008-05-22,11.77,11.33,11.8,11.23,91021
2008-05-23,11.14,10.92,11.3,10.7,57816
2008-05-26,10.81,10.73,10.97,10.71,39956
2008-05-27,10.73,10.73,10.92,10.56,33821
2008-05-28,10.76,10.93,11.02,10.58,35827
2008-05-29,11.07,10.59,11.07,10.56,35702
2008-05-30,10.57,10.31,10.79,10.3,32312
2008-06-02,10.29,10.55,10.77,10.27,31492
2008-06-03,10.57,10.66,10.73,10.4,20601
2008-06-04,10.68,10.59,10.68,10.39,12114
2008-06-05,10.6,10.48,10.6,10.38,14902
2008-06-06,10.48,10.37,10.54,10.18,19426
2008-06-10,9.79,9.39,10.02,9.39,44405
2008-06-11,9.29,9.13,9.33,8.77,42394
2008-06-12,9.13,9.03,9.17,8.45,48092
2008-06-13,9.02,8.99,9.08,8.71,32749
2008-06-16,8.99,8.96,9.24,8.71,23198
2008-06-17,9.02,8.12,9.03,8.12,33816
2008-06-18,7.75,8.37,8.52,7.36,140370
2008-06-19,8.13,7.59,8.13,7.59,54916
2008-06-20,7.26,7.18,7.84,6.88,138313
2008-06-23,6.89,6.7,7.12,6.65,59204
2008-06-24,6.7,6.86,6.93,6.66,61293
2008-06-25,6.92,7.49,7.49,6.81,105608
2008-06-26,7.41,7.81,8.08,7.33,112268
2008-06-27,7.43,7.24,7.68,7.09,100935
2008-06-30,7.22,7.38,7.47,6.98,57529
2008-07-01,7.42,7.36,7.47,7.25,35100
2008-07-02,7.41,7.43,7.55,7.28,39775
2008-07-03,7.26,7.69,7.81,7.13,89161
2008-07-04,7.75,7.66,7.8,7.53,51485
2008-07-07,7.83,8.14,8.25,7.82,106643
2008-07-08,8.06,8.39,8.4,8.06,111519
2008-07-09,8.45,8.4,8.76,8.34,241849
2008-07-10,8.22,8.06,8.38,8.04,131695
2008-07-11,7.95,8.3,8.43,7.88,89471
2008-07-14,8.25,8.31,8.44,8.17,49199
2008-07-15,8.34,8.11,8.41,8.02,62309
2008-07-16,8.15,7.82,8.19,7.75,75912
2008-07-17,7.99,7.76,8.09,7.72,41700
2008-07-18,7.88,8.21,8.3,7.76,54934
2008-07-21,8.22,8.54,8.59,8.13,83948
2008-07-22,8.54,8.47,8.61,8.41,50750
2008-07-23,8.71,8.35,8.77,8.25,88572
2008-07-24,8.33,8.42,8.54,8.23,65192
2008-07-25,8.29,8.38,8.51,8.2,44686
2008-07-28,8.4,8.4,8.49,8.38,40383
2008-07-29,8.27,8.26,8.41,8.25,22842
2008-07-30,8.37,8.14,8.45,8.13,27480
2008-07-31,8.14,7.79,8.24,7.75,61617
2008-08-01,7.68,7.78,7.86,7.58,47912
2008-08-04,7.74,7.67,7.94,7.58,17748
2008-08-05,7.64,7.4,7.86,7.32,27723
2008-08-06,7.41,7.24,7.52,7.07,32339
2008-08-07,7.25,7.29,7.3,7.07,21300
2008-08-08,7.32,6.71,7.32,6.62,31113
2008-08-11,6.72,6.09,6.76,6.09,40774
2008-08-12,6.0,5.86,6.12,5.79,41723
2008-08-13,5.89,5.86,6.02,5.38,52902
2008-08-14,5.67,5.83,5.93,5.64,31002
2008-08-15,5.79,5.86,5.97,5.75,27005
2008-08-18,5.92,5.34,5.93,5.33,34436
2008-08-19,5.32,5.27,5.33,5.12,54921
2008-08-20,5.21,5.75,5.75,5.07,64501
2008-08-21,5.57,5.96,6.02,5.56,98029
2008-08-22,5.93,5.98,6.14,5.74,73227
2008-08-25,5.93,5.78,6.06,5.74,45038
2008-08-26,5.68,5.29,5.68,5.26,46335
2008-08-27,5.22,5.26,5.4,5.13,25676
2008-08-28,5.26,5.44,5.5,5.23,35529
2008-08-29,5.47,5.59,5.67,5.47,46059
2008-09-01,5.58,5.32,5.58,5.28,28032
2008-09-02,5.28,5.25,5.36,5.15,25514
2008-09-03,5.25,5.25,5.31,5.16,18392
2008-09-04,5.27,5.36,5.44,5.27,24159
2008-09-05,5.17,5.21,5.33,5.12,25246
2008-09-08,5.26,5.1,5.26,5.09,29247
2008-09-09,5.15,5.16,5.21,5.09,13234
2008-09-10,5.08,5.06,5.19,4.83,34188
2008-09-11,5.05,4.9,5.05,4.86,21063
2008-09-12,4.9,4.96,5.03,4.85,16463
2008-09-16,4.96,5.02,5.12,4.85,35989
2008-09-17,5.0,5.02,5.14,4.97,29684
2008-09-18,4.94,4.9,5.07,4.66,54553
2008-09-19,5.34,5.34,5.34,5.25,37978
2008-09-22,5.68,5.57,5.82,5.36,100981
2008-09-23,5.26,5.07,5.45,5.07,59012
2008-09-24,4.89,5.02,5.06,4.84,53011
2008-09-25,4.99,5.07,5.2,4.99,65783
2008-09-26,5.09,4.96,5.11,4.79,66362
2008-10-06,4.91,5.15,5.24,4.8,102864
2008-10-07,4.97,4.97,5.01,4.85,48189
2008-10-08,4.87,4.83,4.93,4.74,43367
2008-10-09,4.94,4.8,4.96,4.75,32766
2008-10-10,4.6,4.37,4.6,4.37,46726
2008-10-13,4.25,4.27,4.35,3.99,70299
2008-10-14,4.4,4.1,4.44,4.07,57584
2008-10-15,4.04,4.02,4.1,3.99,25428
2008-10-16,3.88,3.67,3.91,3.67,59043
2008-10-17,3.68,3.69,3.75,3.63,37358
2008-10-20,3.67,3.84,3.85,3.66,84251
2008-10-21,3.84,3.84,3.94,3.81,95779
2008-10-22,3.83,3.84,3.99,3.74,81024
2008-10-23,3.65,3.75,3.78,3.61,57096
2008-10-24,3.72,3.73,3.87,3.67,48525
2008-10-27,3.68,3.47,3.68,3.46,50364
2008-10-28,3.39,3.58,3.61,3.38,52057
2008-10-29,3.64,3.5,3.68,3.5,51193
2008-10-30,3.52,3.54,3.6,3.48,31653
2008-10-31,3.57,3.59,3.65,3.53,47692
2008-11-03,3.59,3.57,3.62,3.54,22408
2008-11-04,3.56,3.48,3.58,3.39,28567
2008-11-05,3.53,3.56,3.62,3.5,46922
2008-11-06,3.53,3.57,3.58,3.46,25926
2008-11-07,3.5,3.61,3.64,3.49,41624
2008-11-10,3.66,3.83,3.85,3.64,84745
2008-11-11,3.79,3.71,3.88,3.7,77868
2008-11-12,3.69,3.77,3.79,3.68,44496
2008-11-13,3.72,3.99,4.01,3.7,118450
2008-11-14,4.03,4.34,4.34,3.99,225386
2008-11-17,4.34,4.42,4.49,4.26,207942
2008-11-18,4.38,4.03,4.39,4.03,136604
2008-11-19,4.0,4.28,4.33,3.94,131220
2008-11-20,4.15,4.28,4.4,4.09,141110
2008-11-21,4.17,4.18,4.31,3.99,103515
2008-11-24,4.2,4.19,4.29,4.15,106204
2008-11-25,4.25,4.08,4.28,3.99,73264
2008-11-26,4.12,4.07,4.15,4.0,34708
2008-11-27,4.35,4.1,4.35,4.09,112557
2008-11-28,4.08,4.09,4.18,4.02,52795
2008-12-01,4.05,4.23,4.24,4.02,78753
2008-12-02,4.12,4.41,4.44,4.1,142555
2008-12-03,4.48,4.54,4.6,4.44,165482
2008-12-04,4.57,4.48,4.69,4.47,173575
2008-12-05,4.46,4.65,4.65,4.46,109956
2008-12-08,4.67,4.84,4.94,4.67,152199
2008-12-09,4.86,4.67,4.87,4.66,107177
2008-12-10,4.64,4.74,4.76,4.55,96299
2008-12-11,4.73,4.63,4.77,4.61,87621
2008-12-12,4.6,4.36,4.6,4.3,84789
2008-12-15,4.44,4.41,4.45,4.29,51613
2008-12-16,4.37,4.44,4.46,4.28,47599
2008-12-17,4.47,4.5,4.58,4.43,69809
2008-12-18,4.5,4.6,4.6,4.47,55866
2008-12-19,4.61,4.78,4.86,4.58,144590
2008-12-22,4.79,4.81,4.86,4.68,102893
2008-12-23,4.82,4.54,4.82,4.51,102068
2008-12-24,4.49,4.62,4.81,4.35,104133
2008-12-25,4.63,4.51,4.7,4.45,53215
2008-12-26,4.49,4.37,4.55,4.35,53062
2008-12-29,4.34,4.31,4.39,4.21,40362
2008-12-30,4.31,4.25,4.41,4.24,42335
2008-12-31,4.28,4.2,4.28,4.2,29147
2009-01-05,4.27,4.39,4.4,4.24,41315
2009-01-06,4.39,4.51,4.53,4.35,61714
2009-01-07,4.52,4.57,4.57,4.47,62859
2009-01-08,4.49,4.41,4.55,4.35,52157
2009-01-09,4.4,4.55,4.58,4.4,49092
2009-01-12,4.54,4.62,4.67,4.51,74625
2009-01-13,4.56,4.49,4.6,4.45,45834
2009-01-14,4.48,4.64,4.67,4.46,64602
2009-01-15,4.6,4.61,4.68,4.53,93844
2009-01-16,4.65,4.92,4.96,4.65,200569
2009-01-19,4.96,4.87,5.03,4.79,185408
2009-01-20,4.86,4.92,4.99,4.81,130490
2009-01-21,4.87,4.78,4.88,4.71,101673
2009-01-22,4.81,4.81,4.89,4.77,62808
2009-01-23,4.81,4.7,4.87,4.69,62241
2009-02-02,4.73,4.73,4.75,4.6,60087
2009-02-03,4.71,4.86,4.9,4.7,117043
2009-02-04,4.89,4.99,5.02,4.84,152548
2009-02-05,4.99,4.86,5.06,4.82,143331
2009-02-06,4.89,5.19,5.22,4.87,208041
2009-02-09,5.26,5.32,5.41,5.16,291864
2009-02-10,5.26,5.5,5.56,5.2,199343
2009-02-11,5.4,5.45,5.79,5.37,243196
2009-02-12,5.47,5.33,5.52,5.18,158123
2009-02-13,5.33,5.43,5.46,5.27,176106
2009-02-16,5.47,5.74,5.75,5.47,243147
2009-02-17,5.69,5.61,5.87,5.55,215426
2009-02-18,5.48,5.34,5.58,5.33,142512
2009-02-19,5.4,5.66,5.68,5.29,164971
2009-02-20,5.73,5.82,5.87,5.62,240275
2009-02-23,5.76,5.94,6.03,5.68,195881
2009-02-24,5.87,5.44,5.92,5.41,219156
2009-02-25,5.53,5.43,5.55,5.28,116783
2009-02-26,5.44,4.96,5.58,4.94,118073
2009-02-27,4.97,4.73,5.01,4.67,100238
2009-03-02,4.71,4.79,4.83,4.7,58055
2009-03-03,4.68,4.83,4.93,4.58,91811
2009-03-04,4.82,5.06,5.11,4.82,117081
2009-03-05,5.1,5.03,5.12,4.94,131995
2009-03-06,4.94,5.16,5.18,4.9,125935
2009-03-09,5.16,5.06,5.21,5.01,111894
2009-03-10,5.1,5.16,5.18,4.93,85959
2009-03-11,5.27,5.05,5.3,5.02,122721
2009-03-12,5.01,4.89,5.01,4.74,103787
2009-03-13,4.89,4.81,4.98,4.81,60930
2009-03-16,4.8,4.85,4.86,4.73,44343
2009-03-17,4.85,5.02,5.04,4.83,78306
2009-03-18,5.07,5.33,5.34,5.03,180044
2009-03-19,5.44,5.38,5.48,5.3,236586
2009-03-20,5.39,5.33,5.41,5.24,121191
2009-03-23,5.3,5.4,5.47,5.3,140424
2009-03-24,5.47,5.41,5.5,5.38,126832
2009-03-25,5.4,5.26,5.41,5.26,100840
2009-03-26,5.26,5.37,5.37,5.21,67413
2009-03-27,5.4,5.44,5.47,5.33,107667
2009-03-30,5.44,5.52,5.54,5.42,111914
2009-03-31,5.38,5.63,5.7,5.34,171284
2009-04-01,5.64,5.62,5.71,5.56,145004
2009-04-02,5.63,5.61,5.78,5.59,145044
2009-04-03,5.64,5.54,5.68,5.5,104995
2009-04-07,5.55,5.6,5.63,5.5,62249
2009-04-08,5.61,5.36,5.65,5.35,117027
2009-04-09,5.38,5.46,5.46,5.33,75912
2009-04-10,5.49,5.62,5.64,5.44,109036
2009-04-13,5.68,5.76,5.76,5.6,158217
2009-04-14,5.74,5.92,5.99,5.67,192200
2009-04-16,6.05,5.93,6.21,5.86,198190
2009-04-17,5.96,5.99,6.13,5.92,174547
2009-04-20,6.07,6.37,6.48,6.02,208659
2009-04-21,6.2,6.32,6.5,6.15,156423
2009-04-22,6.3,5.83,6.4,5.77,228341
2009-04-23,5.81,6.06,6.12,5.81,171121
2009-04-24,6.12,6.19,6.35,5.99,185212
2009-04-27,6.18,5.89,6.18,5.84,115456
2009-04-28,5.9,5.8,5.98,5.74,94502
2009-04-29,5.85,5.92,5.99,5.8,67076
2009-04-30,5.86,5.85,5.94,5.74,120843
2009-05-04,5.85,6.02,6.03,5.83,152355
2009-05-05,6.03,6.06,6.11,5.98,137876
2009-05-06,6.07,6.3,6.32,6.03,232259
2009-05-07,6.32,6.26,6.37,6.09,240972
2009-05-08,6.25,6.19,6.37,6.13,182487
2009-05-11,6.19,6.09,6.32,6.06,221294
2009-05-12,6.08,6.12,6.13,5.94,139953
2009-05-13,6.11,6.06,6.12,6.01,115637
2009-05-14,6.03,5.99,6.06,5.96,100583
2009-05-18,5.99,6.09,6.16,5.91,132200
2009-05-19,6.11,6.04,6.14,6.03,106134
2009-05-20,6.05,5.97,6.07,5.95,96803
2009-05-21,5.96,5.83,6.02,5.83,117965
2009-05-22,5.83,5.9,5.91,5.81,61828
2009-05-25,5.83,5.79,5.83,5.65,92284
2009-05-26,5.82,5.86,5.89,5.79,86211
2009-05-27,5.87,5.85,5.9,5.82,50032
2009-06-01,5.86,5.98,6.05,5.83,122374
2009-06-02,6.01,6.12,6.16,5.94,223188
2009-06-03,6.13,6.09,6.2,6.05,181376
2009-06-04,6.06,5.98,6.09,5.93,143823
2009-06-05,5.99,6.06,6.21,5.87,243382
2009-06-08,6.04,5.95,6.06,5.91,127612
2009-06-09,5.94,6.09,6.13,5.91,178199
2009-06-10,6.11,6.09,6.16,6.05,149445
2009-06-11,6.13,6.29,6.36,6.09,421280
2009-06-12,6.27,6.1,6.4,6.06,214086
2009-06-15,6.08,6.33,6.36,6.04,208839
2009-06-16,6.25,6.56,6.68,6.23,352603
2009-06-17,6.56,6.49,6.66,6.39,251585
2009-06-18,6.49,6.59,6.67,6.41,252917
2009-06-19,6.59,6.44,6.59,6.42,182008
2009-06-22,6.46,6.28,6.49,6.25,152562
2009-06-23,6.23,6.26,6.35,6.19,83898
2009-06-24,6.26,6.29,6.3,6.18,100305
2009-06-25,6.29,6.24,6.33,6.2,107706
2009-06-26,6.25,6.22,6.28,6.18,77532
2009-06-29,6.21,6.31,6.38,6.19,135302
2009-06-30,6.33,6.21,6.35,6.19,96890
2009-07-01,6.19,6.24,6.36,6.18,95828
2009-07-02,6.25,6.29,6.3,6.19,140464
2009-07-03,6.25,6.33,6.36,6.21,163043
2009-07-06,6.36,6.32,6.38,6.24,140459
2009-07-07,6.33,6.44,6.56,6.26,291787
2009-07-08,6.4,6.42,6.44,6.31,141639
2009-07-09,6.42,7.0,7.0,6.42,436035
2009-07-10,7.06,7.18,7.53,6.87,602571
2009-07-13,7.17,7.11,7.39,7.06,323529
2009-07-14,7.12,7.16,7.19,7.03,212739
2009-07-15,7.18,7.1,7.18,7.04,206193
2009-07-16,7.1,7.06,7.24,6.93,225743
2009-07-17,7.02,7.03,7.09,6.95,126091
2009-07-20,7.03,7.16,7.21,7.01,223855
2009-07-21,7.17,7.23,7.53,7.1,339540
2009-07-22,7.19,7.16,7.19,7.03,235858
2009-07-23,7.15,7.06,7.18,6.96,229623
2009-07-24,7.09,6.93,7.09,6.81,166942
2009-07-27,6.93,7.03,7.07,6.86,147041
2009-07-28,7.07,7.27,7.29,7.0,273133
2009-07-29,7.26,6.79,7.26,6.6,214269
2009-07-30,6.79,6.71,6.91,6.48,159151
2009-07-31,6.79,6.9,6.93,6.72,122068
2009-08-03,6.94,7.13,7.29,6.94,222237
2009-08-04,7.15,7.04,7.16,6.91,162360
2009-08-05,7.05,7.69,7.69,7.05,585140
2009-08-06,7.81,7.56,7.82,7.39,532272
2009-08-07,7.43,7.2,7.59,7.16,249532
2009-08-10,7.29,7.34,7.45,7.17,158743
2009-08-11,7.39,7.56,7.66,7.21,244048
2009-08-12,7.62,7.49,7.94,7.48,437468
2009-08-13,7.54,7.29,7.62,7.15,190803
2009-08-14,7.29,6.83,7.36,6.71,198820
2009-08-17,6.75,6.63,6.98,6.62,170052
2009-08-18,6.63,6.86,6.86,6.56,114465
2009-08-19,6.86,6.6,6.9,6.52,120365
2009-08-20,6.6,6.79,6.79,6.4,112146
2009-08-21,6.8,7.03,7.04,6.71,167417
2009-08-24,6.98,7.01,7.06,6.86,133810
2009-08-25,6.98,6.78,6.98,6.53,140839
2009-08-26,6.71,6.88,6.99,6.64,103364
2009-08-27,6.83,7.17,7.36,6.81,233738
2009-08-28,7.1,7.17,7.4,7.09,243044
2009-08-31,7.09,6.66,7.09,6.59,162378
2009-09-01,6.63,6.79,6.89,6.61,89305
2009-09-02,6.73,6.72,6.85,6.59,77615
2009-09-03,6.74,6.96,7.02,6.67,119856
2009-09-04,6.94,7.28,7.31,6.88,209859
2009-09-07,7.47,7.53,7.76,7.29,386469
2009-09-08,7.4,7.53,7.73,7.33,268922
2009-09-09,7.59,7.55,7.63,7.31,221447
2009-09-10,7.53,7.36,7.53,7.31,156555
2009-09-14,7.4,7.53,7.63,7.39,267203
2009-09-15,7.53,7.59,7.69,7.38,222327
2009-09-16,7.56,7.73,7.79,7.48,279295
2009-09-17,7.73,7.74,7.8,7.64,221260
2009-09-18,7.75,7.41,7.83,7.33,254605
2009-09-21,7.38,7.5,7.52,7.17,130935
2009-09-22,7.46,7.37,7.66,7.33,145243
2009-09-23,7.38,7.13,7.46,7.06,119833
2009-09-24,7.09,7.03,7.25,6.83,85901
2009-09-25,6.99,7.09,7.13,6.96,51276
2009-09-28,7.09,6.93,7.28,6.9,61857
2009-09-29,6.94,6.83,7.01,6.71,67731
2009-09-30,6.9,6.8,6.97,6.75,66373
2009-10-09,6.92,7.07,7.08,6.89,66825
2009-10-12,7.07,7.06,7.16,7.01,66583
2009-10-13,7.02,7.15,7.17,6.96,71426
2009-10-14,7.19,7.16,7.24,7.07,149432
2009-10-15,7.17,7.07,7.22,7.02,85543
2009-10-16,7.07,7.04,7.13,6.92,68569
2009-10-19,7.02,7.18,7.19,6.99,104504
2009-10-20,7.21,7.43,7.44,7.14,199729
2009-10-21,7.36,7.25,7.38,7.23,131637
2009-10-22,7.22,7.34,7.4,7.19,118158
2009-10-23,7.34,7.32,7.41,7.27,138591
2009-10-26,7.32,7.19,7.32,7.16,109743
2009-10-27,7.15,6.93,7.15,6.93,114724
2009-10-28,6.93,7.02,7.03,6.92,53417
2009-10-29,6.97,6.89,6.99,6.86,62246
2009-10-30,6.97,6.95,7.03,6.91,56318
2009-11-02,6.88,7.15,7.16,6.83,89653
2009-11-03,7.13,7.26,7.31,7.09,135567
2009-11-04,7.24,7.33,7.4,7.18,145667
2009-11-05,7.34,7.33,7.36,7.18,114151
2009-11-06,7.36,7.4,7.46,7.3,196441
2009-11-09,7.43,7.31,7.43,7.24,130126
2009-11-10,7.34,7.37,7.46,7.27,172807
2009-11-11,7.4,7.47,7.53,7.27,191969
2009-11-12,7.48,7.65,7.79,7.44,375462
2009-11-13,7.62,7.67,7.76,7.51,219831
2009-11-16,7.73,7.7,7.89,7.66,278628
2009-11-17,7.69,7.63,7.71,7.55,205807
2009-11-18,7.63,7.69,7.76,7.59,162650
2009-11-19,7.73,7.78,7.79,7.57,201792
2009-11-20,7.85,7.99,8.17,7.72,370898
2009-11-23,8.03,8.42,8.44,7.96,355467
2009-11-24,8.46,8.03,8.63,7.83,441737
2009-11-25,7.98,8.72,8.77,7.89,499707
2009-11-26,8.63,8.4,8.9,8.33,451979
2009-11-27,8.27,8.08,8.37,7.98,259355
2009-11-30,8.19,8.63,8.63,8.17,295094
2009-12-01,8.59,8.8,8.89,8.46,348705
2009-12-02,8.79,8.7,8.86,8.58,240541
2009-12-03,8.71,8.79,8.86,8.55,231874
2009-12-04,8.72,8.36,8.72,8.22,332732
2009-12-07,8.42,8.43,8.58,8.29,162681
2009-12-08,8.53,8.33,8.53,8.23,135720
2009-12-09,8.27,8.23,8.37,8.16,125402
2009-12-10,8.23,8.42,8.43,8.23,127254
2009-12-11,8.42,8.33,8.47,8.23,137014
2009-12-14,8.3,8.22,8.33,8.07,106396
2009-12-15,8.19,8.29,8.31,8.15,76717
2009-12-16,8.27,8.14,8.27,8.09,83419
2009-12-17,8.17,7.85,8.18,7.83,112119
2009-12-18,7.75,7.66,7.82,7.59,92375
2009-12-21,7.59,7.89,7.9,7.59,69749
2009-12-22,7.87,7.63,7.87,7.6,78711
2009-12-23,7.66,7.76,7.79,7.63,58296
2009-12-24,7.77,8.03,8.11,7.7,151173
2009-12-25,8.02,8.03,8.09,7.9,87790
2009-12-28,8.0,8.09,8.15,8.0,74479
2009-12-29,8.13,8.14,8.21,8.0,86588
2009-12-30,8.11,8.0,8.13,7.93,100412
2009-12-31,7.95,8.06,8.14,7.95,100594
2010-01-04,8.13,8.18,8.29,8.03,153862
2010-01-05,8.21,8.26,8.31,8.1,114939
2010-01-06,8.29,8.2,8.39,8.19,122324
2010-01-07,8.16,7.95,8.19,7.91,114842
2010-01-08,7.93,8.0,8.06,7.84,66087
2010-01-11,8.03,7.95,8.06,7.86,78739
2010-01-12,7.93,8.16,8.22,7.91,97554
2010-01-13,8.02,8.16,8.23,7.95,130705
2010-01-14,8.19,8.44,8.48,8.19,227787
2010-01-15,8.48,8.37,8.5,8.29,135767
2010-01-18,8.37,8.41,8.44,8.33,120890
2010-01-19,8.4,8.33,8.43,8.28,120271
2010-01-20,8.33,8.06,8.4,7.98,120347
2010-01-21,8.05,8.14,8.22,8.03,67616
2010-01-22,8.09,7.88,8.09,7.68,91536
2010-01-25,7.84,7.82,7.93,7.77,41312
2010-01-26,7.83,7.64,7.88,7.59,53837
2010-01-27,7.61,7.48,7.67,7.41,60385
2010-01-28,7.48,7.57,7.59,7.46,42078
2010-01-29,7.55,7.69,7.86,7.52,72886
2010-02-01,7.67,7.87,7.94,7.59,93796
2010-02-02,7.88,7.73,7.92,7.67,63658
2010-02-03,7.72,7.83,7.83,7.53,55145
2010-02-04,7.86,7.83,7.98,7.72,68770
2010-02-05,7.7,7.75,7.78,7.63,56193
2010-02-08,7.73,7.77,7.85,7.71,33772
2010-02-09,7.78,7.76,7.85,7.69,36568
2010-02-10,7.79,7.83,7.84,7.75,33779
2010-02-11,7.83,8.17,8.23,7.81,192658
2010-02-12,8.15,8.13,8.15,8.0,88158
2010-02-22,8.06,7.99,8.09,7.95,71525
2010-02-23,7.93,7.9,7.97,7.72,74316
2010-02-24,7.89,8.06,8.09,7.83,87262
2010-02-25,8.08,8.23,8.25,8.04,160778
2010-02-26,8.28,8.26,8.45,8.19,214509
2010-03-01,8.25,8.26,8.35,8.23,112298
2010-03-02,8.3,8.45,8.51,8.25,194437
2010-03-03,8.46,8.46,8.55,8.29,153281
2010-03-04,8.46,8.37,8.47,8.21,165416
2010-03-05,8.33,8.63,8.74,8.31,281171
2010-03-08,8.63,8.6,8.71,8.53,151088
2010-03-09,8.61,8.58,8.71,8.43,115966
2010-03-10,8.58,8.35,8.63,8.29,122553
2010-03-11,8.34,8.29,8.43,8.15,92555
2010-03-12,8.28,8.14,8.36,8.11,68693
2010-03-15,8.13,8.02,8.19,7.93,74686
2010-03-16,8.01,8.12,8.13,7.94,44614
2010-03-17,8.11,8.37,8.39,8.11,103838
2010-03-18,8.36,8.37,8.46,8.31,58838
2010-03-19,8.41,8.41,8.49,8.36,85011
2010-03-22,8.39,8.33,8.48,8.26,75465
2010-03-23,8.33,8.29,8.39,8.27,43547
2010-03-24,8.29,8.29,8.43,8.24,56789
2010-03-25,8.29,8.13,8.39,8.09,61320
2010-03-26,8.13,8.3,8.4,8.09,53631
2010-03-29,8.29,8.29,8.38,8.25,61188
2010-03-30,8.35,8.39,8.43,8.29,116001
2010-03-31,8.39,8.48,8.52,8.28,120429
2010-04-01,8.46,8.53,8.58,8.42,134393
2010-04-02,8.59,8.49,8.6,8.46,81691
2010-04-07,8.5,8.45,8.5,8.36,78083
2010-04-08,8.42,8.36,8.42,8.34,63711
2010-04-09,8.37,8.84,8.99,8.35,331570
2010-04-12,8.86,9.35,9.39,8.86,425025
2010-04-13,9.35,9.32,9.41,9.06,228414
2010-04-14,9.32,9.47,9.65,9.16,183786
2010-04-15,9.4,9.46,9.71,9.34,205862
2010-04-16,9.39,9.33,9.53,9.18,89429
2010-04-19,9.31,9.25,9.67,9.18,138490
2010-04-20,9.25,10.02,10.09,9.14,221427
2010-04-21,9.93,10.19,10.48,9.83,237868
2010-04-22,10.16,10.1,10.33,9.86,190977
2010-04-23,10.06,9.91,10.31,9.85,136066
2010-04-26,9.99,9.84,10.06,9.68,130798
2010-04-27,9.78,9.7,9.96,9.42,120190
2010-04-28,9.68,9.85,9.97,9.57,112476
2010-04-29,9.87,9.49,9.96,9.4,100776
2010-04-30,9.39,9.21,9.53,8.99,121849
2010-05-04,9.02,9.44,9.47,9.02,82670
2010-05-05,9.27,9.69,9.87,9.25,105183
2010-05-07,9.27,9.49,9.59,9.05,113383
2010-05-10,9.47,9.83,9.86,9.08,134948
2010-05-11,9.98,9.17,10.02,9.1,129497
2010-05-12,9.06,9.02,9.09,8.79,111012
2010-05-13,9.02,9.31,9.38,8.69,94840
2010-05-14,9.22,9.39,9.56,9.16,62690
2010-05-17,9.39,8.96,9.54,8.92,68447
2010-05-18,8.89,9.21,9.26,8.89,63495
2010-05-19,9.13,8.8,9.23,8.72,96734
2010-05-20,8.63,8.39,8.83,8.26,77976
2010-05-21,8.18,8.63,8.69,7.98,79524
2010-05-24,8.52,9.03,9.09,8.52,79617
2010-05-25,9.03,8.82,9.1,8.69,82719
2010-05-26,8.86,8.99,9.05,8.79,47415
2010-05-27,8.88,9.23,9.26,8.88,90081
2010-05-28,9.28,9.18,9.4,9.1,75759
2010-05-31,9.16,8.77,9.25,8.76,66840
2010-06-01,8.79,8.55,8.93,8.33,70220
2010-06-02,8.55,8.63,8.67,8.25,64754
2010-06-03,8.65,8.59,8.76,8.52,56754
2010-06-04,8.52,8.75,8.81,8.49,45342
2010-06-07,8.59,8.75,8.84,8.54,38445
2010-06-08,8.75,9.09,9.12,8.69,85523
2010-06-09,9.13,9.29,9.4,9.09,79388
2010-06-10,9.37,9.2,9.43,9.19,85654
2010-06-11,9.27,9.22,9.32,9.15,53438
2010-06-17,9.23,9.17,9.41,9.13,43984
2010-06-18,9.16,8.7,9.21,8.6,62594
2010-06-21,8.7,9.0,9.02,8.63,38385
2010-06-22,8.93,9.15,9.27,8.93,46221
2010-06-23,9.15,9.06,9.23,8.91,35488
2010-06-24,9.05,9.39,9.4,8.99,80904
2010-06-25,9.36,9.16,9.36,9.06,54490
2010-06-28,9.13,8.92,9.3,8.89,46136
2010-06-29,8.89,8.62,8.99,8.44,82410
2010-06-30,8.5,8.55,8.59,8.33,37167
2010-07-01,8.55,8.49,8.63,8.44,24219
2010-07-02,8.42,8.29,8.47,8.06,61737
2010-07-05,8.25,8.05,8.29,7.91,46646
2010-07-06,8.04,8.43,8.45,8.0,40169
2010-07-07,8.4,8.44,8.49,8.35,24166
2010-07-08,8.48,8.28,8.48,8.2,24069
2010-07-09,8.27,8.57,8.69,8.25,43789
2010-07-12,8.53,8.58,8.66,8.53,36406
2010-07-13,8.59,8.43,8.59,8.33,29661
2010-07-14,8.43,8.63,8.73,8.43,50123
2010-07-15,8.62,8.36,8.67,8.33,35507
2010-07-16,8.36,8.53,8.56,8.33,28684
2010-07-19,8.44,8.74,8.81,8.39,55288
2010-07-20,8.74,8.85,8.98,8.74,61791
2010-07-21,8.89,9.04,9.13,8.81,78584
2010-07-22,8.99,9.06,9.18,8.92,65622
2010-07-23,9.06,9.05,9.09,8.86,54306
2010-07-26,9.02,9.16,9.23,8.98,51065
2010-07-27,9.14,9.37,9.47,9.12,118199
2010-07-28,9.37,9.39,9.41,9.26,75680
2010-07-29,9.4,9.26,9.44,9.13,93663
2010-07-30,9.26,9.16,9.29,9.04,56772
2010-08-02,9.17,9.56,9.73,9.17,138974
2010-08-03,9.55,9.32,9.62,9.29,82666
2010-08-04,9.31,9.62,9.65,9.29,93157
2010-08-05,9.66,9.66,9.86,9.53,145390
2010-08-06,9.7,9.81,9.86,9.59,100669
2010-08-09,9.8,9.83,10.06,9.69,108545
2010-08-10,9.83,9.38,9.85,9.36,104120
2010-08-11,9.35,9.46,9.59,9.17,85782
2010-08-12,9.39,9.42,9.61,9.29,76664
2010-08-13,9.39,9.59,9.6,9.33,67087
2010-08-16,9.61,9.98,10.14,9.6,163980
2010-08-17,10.0,10.03,10.08,9.83,105205
2010-08-18,10.02,9.9,10.09,9.82,80218
2010-08-19,9.91,9.98,10.13,9.83,107603
2010-08-20,9.9,9.66,9.98,9.58,84445
2010-08-23,9.67,9.69,9.76,9.62,47522
2010-08-24,9.63,9.83,9.89,9.44,71897
2010-08-25,9.73,9.73,10.0,9.72,65099
2010-08-26,9.82,9.73,9.86,9.66,43690
2010-08-27,9.75,9.96,10.06,9.69,72578
2010-08-30,9.97,10.24,10.34,9.97,133522
2010-08-31,10.16,10.36,10.43,10.06,95118
2010-09-01,10.35,10.26,10.46,9.98,106637
2010-09-02,10.28,10.36,10.49,10.12,105464
2010-09-03,10.35,10.46,10.56,10.27,92324
2010-09-06,10.59,10.48,10.77,10.39,106587
2010-09-07,10.48,10.53,10.6,10.23,81236
2010-09-08,10.48,10.7,10.73,10.4,72886
2010-09-09,11.02,10.75,11.25,10.73,191793
2010-09-10,10.76,11.59,11.76,10.75,185747
2010-09-13,11.52,11.54,11.62,11.39,126808
2010-09-14,11.73,11.53,11.73,11.33,83720
2010-09-15,11.54,11.18,11.58,11.08,81191
2010-09-16,11.17,10.84,11.26,10.66,82790
2010-09-17,10.85,10.94,11.17,10.74,73554
2010-09-20,11.04,10.77,11.04,10.75,47062
2010-09-21,10.83,10.59,10.84,10.58,39928
2010-09-27,11.03,11.49,11.59,10.96,184545
2010-09-28,11.47,11.86,12.2,11.36,245637
2010-09-29,11.78,11.63,11.89,11.46,93943
2010-09-30,11.48,12.34,12.56,11.46,158949
2010-10-08,12.34,12.57,12.89,12.19,142478
2010-10-11,12.46,12.15,12.73,12.04,196503
2010-10-12,12.12,11.88,12.13,11.7,219189
2010-10-13,11.76,11.77,11.86,11.49,186251
2010-10-14,11.73,11.34,11.73,11.21,159480
2010-10-15,11.29,11.39,11.65,11.11,164927
2010-10-18,11.4,11.56,11.59,10.83,222215
2010-10-19,11.39,11.54,11.75,11.21,185661
2010-10-20,11.32,11.67,11.81,11.23,184562
2010-10-21,11.75,11.38,11.8,11.36,148074
2010-10-22,11.79,12.08,12.24,11.59,268362
2010-10-25,12.13,12.36,12.41,11.99,333710
2010-10-26,12.36,12.16,12.37,11.96,181851
2010-10-27,12.04,11.86,12.2,11.71,142659
2010-10-28,11.85,11.76,12.02,11.6,113202
2010-10-29,11.76,12.32,12.4,11.76,208962
2010-11-01,12.29,12.33,12.69,12.18,232839
2010-11-02,12.35,12.19,12.5,12.09,195554
2010-11-03,12.15,12.7,13.09,12.07,353291
2010-11-04,12.67,12.82,12.86,12.48,203319
2010-11-05,12.98,12.76,13.05,12.59,166226
2010-11-08,12.78,12.81,12.94,12.6,144597
2010-11-09,12.94,13.13,13.36,12.85,218849
2010-11-10,13.08,13.51,13.9,13.01,278947
2010-11-11,13.54,13.39,13.66,13.29,187319
2010-11-12,13.17,12.44,13.67,12.27,291952
2010-11-15,12.49,13.01,13.06,12.26,192330
2010-11-16,12.9,12.44,13.18,12.26,177042
2010-11-17,12.36,11.78,12.66,11.73,137047
2010-11-18,11.81,11.87,12.09,11.56,69804
2010-11-19,12.04,12.29,12.31,11.83,96981
2010-11-22,12.27,12.36,12.59,12.16,115873
2010-11-23,12.35,12.13,12.35,11.83,76403
2010-11-24,11.98,12.68,12.69,11.94,139618
2010-11-25,12.84,12.75,12.9,12.63,138954
2010-11-26,12.75,13.13,13.23,12.64,226558
2010-11-29,13.15,13.17,13.29,12.89,171437
2010-11-30,13.06,12.48,13.1,12.13,182607
2010-12-01,12.44,12.43,12.56,12.29,117917
2010-12-02,12.52,12.49,12.63,12.36,140513
2010-12-03,12.47,12.12,12.5,11.94,116881
2010-12-06,12.13,11.71,12.19,11.59,108097
2010-12-07,11.7,11.83,11.89,11.44,78067
2010-12-08,11.83,11.81,12.02,11.75,62543
2010-12-09,11.72,11.43,11.79,11.43,66549
2010-12-10,11.37,11.51,11.56,11.29,65413
2010-12-13,11.56,11.86,11.86,11.54,83126
2010-12-14,11.86,11.88,11.97,11.76,67884
2010-12-15,11.9,11.93,12.19,11.89,84023
2010-12-16,12.06,11.94,12.15,11.89,65865
2010-12-17,11.86,11.78,12.01,11.65,60774
2010-12-20,11.78,11.42,11.89,11.18,109772
2010-12-21,11.49,11.43,11.55,11.13,123591
2010-12-22,11.43,11.26,11.43,11.23,93816
2010-12-23,11.27,11.26,11.41,11.21,60083
2010-12-24,11.22,11.04,11.23,10.95,48600
2010-12-27,11.12,10.64,11.23,10.56,65467
2010-12-28,10.63,10.72,10.79,10.1,133026
2010-12-29,10.56,10.75,10.76,10.45,72698
2010-12-30,10.73,10.63,10.78,10.53,41174
2010-12-31,10.63,11.09,11.21,10.63,66026
2011-01-04,11.13,11.22,11.26,10.81,180408
2011-01-05,11.03,11.06,11.19,10.98,80195
2011-01-06,10.88,10.88,11.06,10.86,47631
2011-01-07,10.89,10.73,11.03,10.65,68329
2011-01-10,10.73,10.57,10.77,10.53,61816
2011-01-11,10.67,10.65,10.67,10.52,38040
2011-01-12,10.66,10.61,10.7,10.52,29604
2011-01-13,10.67,10.85,10.93,10.58,68702
2011-01-14,10.79,10.57,10.82,10.53,39518
2011-01-17,10.46,10.14,10.56,10.13,44354
2011-01-18,10.12,10.24,10.31,10.12,23258
2011-01-19,10.23,10.36,10.36,10.04,46637
2011-01-20,10.31,9.96,10.33,9.84,49928
2011-01-21,10.0,9.98,10.09,9.9,38992
2011-01-24,9.96,9.76,10.01,9.67,36942
2011-01-25,9.75,9.82,9.83,9.5,32516
2011-01-26,9.82,9.81,9.89,9.74,45277
2011-01-27,9.81,9.93,9.96,9.67,52483
2011-01-28,9.93,9.96,10.0,9.86,51615
2011-01-31,9.94,10.13,10.16,9.88,52975
2011-02-01,10.16,10.03,10.26,10.02,33419
2011-02-09,9.98,9.86,10.09,9.83,35331
2011-02-10,9.86,10.11,10.12,9.76,46360
2011-02-11,10.12,10.21,10.23,10.06,60610
2011-02-14,10.26,10.46,10.48,10.2,87195
2011-02-15,10.44,10.36,10.54,10.34,87750
2011-02-16,10.33,10.6,10.65,10.29,71799
2011-02-17,10.64,10.52,10.64,10.39,60256
2011-02-18,10.52,10.64,10.83,10.46,109883
2011-02-21,10.53,10.65,10.66,10.44,73865
2011-02-22,10.61,10.25,10.71,10.24,78381
2011-02-23,10.21,10.27,10.31,10.18,41399
2011-02-24,10.27,10.39,10.43,10.18,48238
2011-02-25,10.44,10.48,10.56,10.35,59123
2011-02-28,10.5,10.48,10.5,10.3,56531
2011-03-01,10.51,10.5,10.54,10.43,84935
2011-03-02,10.46,10.33,10.48,10.21,72853
2011-03-03,10.33,10.13,10.38,10.13,59919
2011-03-04,10.13,10.19,10.24,10.04,47246
2011-03-07,10.23,10.35,10.36,10.19,93129
2011-03-08,10.34,10.28,10.34,10.21,83411
2011-03-09,10.29,10.53,10.58,10.09,181146
2011-03-10,10.43,10.71,10.83,10.4,257109
2011-03-11,10.64,10.52,10.69,10.48,121717
2011-03-14,10.44,10.42,10.48,10.28,81164
2011-03-15,10.39,10.07,10.39,9.89,109308
2011-03-16,10.07,10.22,10.27,10.06,71981
2011-03-17,10.23,9.95,10.23,9.89,124640
2011-03-18,10.03,9.96,10.12,9.91,78999
2011-03-21,10.03,9.99,10.1,9.94,69724
2011-03-22,10.09,10.16,10.26,9.97,101133
2011-03-23,10.17,10.32,10.33,10.06,102110
2011-03-24,10.32,10.2,10.35,10.18,75689
2011-03-25,10.26,10.37,10.44,10.26,110151
2011-03-28,10.41,10.23,10.55,10.21,142698
2011-03-29,10.22,10.02,10.27,9.98,100975
2011-03-30,10.02,10.04,10.18,9.99,96429
2011-03-31,10.06,9.95,10.14,9.89,69920
2011-04-01,9.93,10.01,10.03,9.89,41869
2011-04-06,9.97,9.88,9.99,9.83,91768
2011-04-07,9.89,9.88,9.89,9.66,106181
2011-04-08,9.89,9.96,9.98,9.79,70946
2011-04-11,9.97,9.91,10.01,9.89,70844
2011-04-12,9.94,9.99,9.99,9.87,63139
2011-04-13,9.96,10.09,10.09,9.88,109933
2011-04-14,10.11,10.19,10.24,10.02,123018
2011-04-15,10.15,10.19,10.24,10.09,91561
2011-04-18,10.14,10.02,10.15,9.99,76349
2011-04-19,9.99,9.91,10.04,9.79,86168
2011-04-20,9.93,9.98,10.02,9.91,50202
2011-04-21,10.02,10.13,10.2,9.96,116191
2011-04-22,10.12,10.19,10.19,10.07,102965
2011-04-25,10.18,10.23,10.38,10.13,196163
2011-04-26,10.26,9.94,10.26,9.93,89015
2011-04-27,9.96,9.91,10.09,9.79,64671
2011-04-28,9.9,9.59,9.99,9.59,67109
2011-04-29,9.65,9.69,9.75,9.56,50654
2011-05-03,9.69,9.79,9.82,9.61,55806
2011-05-04,9.78,9.49,9.78,9.44,65932
2011-05-05,9.48,9.54,9.59,9.44,38428
2011-05-09,9.59,9.66,9.69,9.56,48928
2011-05-10,9.62,9.65,9.71,9.53,36788
2011-05-11,9.66,9.65,9.7,9.58,33951
2011-05-12,9.61,9.5,9.69,9.49,47879
2011-05-13,9.52,9.33,9.55,9.13,107237
2011-05-16,9.33,9.26,9.36,9.23,41065
2011-05-17,9.25,9.3,9.36,9.13,52194
2011-05-18,9.29,9.46,9.49,9.25,56653
2011-05-19,9.46,9.49,9.67,9.43,80187
2011-05-20,9.46,9.3,9.49,9.26,46320
2011-05-23,9.29,9.04,9.3,9.03,60417
2011-05-24,8.96,9.54,9.78,8.83,109852
2011-05-25,9.49,9.46,9.79,9.33,146108
2011-05-26,9.45,9.38,9.69,9.33,78475
2011-05-27,9.33,9.05,9.36,8.98,70658
2011-05-30,8.99,8.76,9.05,8.75,49552
2011-05-31,8.8,8.92,8.93,8.75,28423
2011-06-01,8.87,9.02,9.09,8.83,34113
2011-06-02,8.92,8.86,8.96,8.7,78426
2011-06-03,8.84,8.93,8.99,8.83,55458
2011-06-07,8.94,8.98,9.04,8.9,43973
2011-06-08,8.93,8.96,9.01,8.79,34806
2011-06-09,8.91,8.69,8.95,8.69,46018
2011-06-10,8.67,8.79,8.81,8.59,41412
2011-06-13,8.68,8.76,8.8,8.66,24620
2011-06-14,8.76,8.84,8.88,8.75,37711
2011-06-15,8.81,8.74,8.89,8.73,28031
2011-06-16,8.64,8.56,8.66,8.56,31182
2011-06-17,8.53,8.43,8.64,8.39,25393
2011-06-20,8.41,8.21,8.43,8.13,42512
2011-06-22,8.32,8.28,8.41,8.26,27957
2011-06-23,8.26,8.41,8.43,8.19,41295
2011-06-24,8.4,8.61,8.63,8.36,58222
2011-06-27,8.62,8.66,8.75,8.57,46475
2011-06-28,8.69,8.72,8.77,8.59,37088
2011-06-29,8.69,8.53,8.79,8.51,39755
2011-06-30,8.49,8.66,8.72,8.47,36565
2011-07-01,8.72,8.79,8.81,8.67,55816
2011-07-04,8.84,9.07,9.11,8.84,85392
2011-07-05,9.07,9.09,9.09,8.99,53029
2011-07-06,9.1,9.1,9.2,9.05,81848
2011-07-07,9.13,9.18,9.36,9.12,106415
2011-07-08,9.53,9.52,9.95,9.4,248301
2011-07-11,9.39,9.83,9.93,9.35,217128
2011-07-12,9.68,9.69,9.81,9.6,149096
2011-07-13,9.69,9.9,10.01,9.61,192715
2011-07-14,9.86,9.93,10.0,9.81,137550
2011-07-15,9.96,9.8,9.96,9.69,126583
2011-07-18,9.89,10.1,10.21,9.83,188425
2011-07-19,10.06,9.9,10.06,9.79,100205
2011-07-20,9.96,9.95,10.02,9.79,94324
2011-07-21,9.95,9.83,10.16,9.82,141152
2011-07-22,9.86,9.88,9.94,9.73,88234
2011-07-25,9.82,9.62,9.86,9.46,112084
2011-07-26,9.59,9.52,9.63,9.33,55200
2011-07-27,9.48,9.83,9.91,9.42,113905
2011-07-28,9.76,10.06,10.11,9.72,113811
2011-07-29,10.04,10.03,10.17,9.97,143785
2011-08-01,10.06,9.93,10.09,9.88,66590
2011-08-02,9.88,9.75,9.88,9.5,71797
2011-08-03,9.56,10.13,10.28,9.54,205241
2011-08-04,10.12,10.44,10.49,10.09,247147
2011-08-05,10.14,10.44,10.76,10.08,328708
2011-08-08,10.27,10.23,10.56,9.74,224295
2011-08-09,9.8,10.66,10.71,9.74,274114
2011-08-10,10.75,10.82,10.95,10.6,351990
2011-08-11,10.61,10.94,10.96,10.61,302621
2011-08-12,10.99,10.78,11.05,10.75,224342
2011-08-15,10.83,10.86,11.19,10.83,234322
2011-08-16,10.88,10.81,10.99,10.63,197634
2011-08-17,10.76,10.72,10.93,10.71,103754
2011-08-18,10.68,10.5,10.74,10.42,118250
2011-08-19,10.29,10.63,10.64,10.29,112781
2011-08-22,10.65,10.47,10.79,10.4,95891
2011-08-23,10.46,10.56,10.61,10.33,94411
2011-08-24,10.62,10.5,10.71,10.45,99903
2011-08-25,10.54,10.81,10.82,10.49,136344
2011-08-26,10.79,10.8,10.86,10.67,85067
2011-08-29,10.71,10.89,10.93,10.68,109083
2011-08-30,10.93,10.54,10.96,10.52,129552
2011-08-31,10.53,10.49,10.65,10.38,80449
2011-09-01,10.54,10.21,10.57,10.17,88845
2011-09-02,10.16,10.23,10.27,9.98,70394
2011-09-05,10.12,9.96,10.16,9.96,45410
2011-09-06,9.83,9.87,10.01,9.81,55124
2011-09-07,9.96,10.09,10.09,9.81,60399
2011-09-08,10.12,9.9,10.13,9.87,46384
2011-09-09,9.86,9.86,10.09,9.83,38680
2011-09-13,9.72,9.49,9.72,9.43,68577
2011-09-14,9.54,9.53,9.57,9.29,62764
2011-09-15,9.53,9.44,9.63,9.44,42986
2011-09-16,9.51,9.46,9.56,9.39,44034
2011-09-19,9.41,9.22,9.44,9.17,42883
2011-09-20,9.15,9.23,9.31,9.13,34361
2011-09-21,9.19,9.5,9.52,9.19,58321
2011-09-22,9.44,9.18,9.5,9.17,55658
2011-09-23,9.03,9.09,9.17,8.94,48678
2011-09-26,9.04,8.89,9.16,8.86,35807
2011-09-27,8.98,8.97,9.02,8.82,31511
2011-09-28,9.03,8.85,9.06,8.85,29606
2011-09-29,8.75,8.54,8.86,8.53,43356
2011-09-30,8.55,8.58,8.61,8.36,34464
2011-10-10,8.67,8.78,8.92,8.63,43746
2011-10-11,9.02,8.73,9.04,8.59,48585
2011-10-12,8.72,9.13,9.17,8.67,66170
2011-10-13,9.13,9.26,9.39,9.06,67033
2011-10-14,9.29,9.27,9.32,9.15,31943
2011-10-17,9.26,9.27,9.39,9.21,39126
2011-10-18,9.19,8.96,9.27,8.93,42434
2011-10-19,8.95,8.93,9.13,8.92,34787
2011-10-20,8.94,8.74,8.98,8.63,48494
2011-10-21,8.73,8.65,8.8,8.6,22261
2011-10-24,8.69,9.0,9.01,8.53,42102
2011-10-25,9.0,9.15,9.26,8.87,62362
2011-10-26,9.08,9.19,9.29,9.07,57703
2011-10-27,9.2,9.23,9.36,9.13,54064
2011-10-28,9.31,9.41,9.47,9.27,77232
2011-10-31,9.43,9.43,9.54,9.34,51865
2011-11-01,9.38,9.33,9.46,9.23,46857
2011-11-02,9.16,9.8,9.82,9.16,115977
2011-11-03,9.79,9.81,10.06,9.73,91557
2011-11-04,9.86,9.89,9.93,9.78,50076
2011-11-07,9.89,9.77,9.93,9.74,42024
2011-11-08,9.79,9.59,9.86,9.53,65389
2011-11-09,9.71,10.37,10.49,9.7,350763
2011-11-10,10.17,10.39,10.58,10.13,255480
2011-11-11,10.47,10.3,10.51,10.21,118826
2011-11-14,10.48,10.49,10.66,10.36,142749
2011-11-15,10.56,10.43,10.57,10.39,67673
2011-11-16,10.45,10.13,10.48,10.06,111670
2011-11-17,10.15,10.09,10.32,10.08,66216
2011-11-18,10.03,10.51,10.56,9.89,172294
2011-11-21,10.52,10.32,10.52,10.04,152327
2011-11-22,10.18,10.43,10.52,10.11,132180
2011-11-23,10.51,10.61,10.81,10.27,207257
2011-11-24,10.47,10.43,10.69,10.36,135304
2011-11-25,10.36,10.26,10.55,10.21,100028
2011-11-28,10.28,10.38,10.47,10.17,96432
2011-11-29,10.42,10.29,10.44,10.17,115692
2011-11-30,10.21,9.79,10.27,9.63,180668
2011-12-01,10.02,9.88,10.13,9.83,128552
2011-12-02,9.86,9.93,10.08,9.73,77423
2011-12-05,10.07,9.72,10.11,9.69,63657
2011-12-06,9.73,9.59,9.79,9.38,60084
2011-12-07,9.59,9.83,9.87,9.59,59497
2011-12-08,9.95,9.98,10.19,9.83,127589
2011-12-09,9.9,9.55,10.03,9.52,93407
2011-12-12,9.58,9.13,9.59,9.11,95849
2011-12-13,9.21,9.26,9.43,9.06,88366
2011-12-14,9.14,9.06,9.28,9.03,57170
2011-12-15,9.06,9.11,9.29,8.99,76196
2011-12-16,9.12,9.39,9.42,9.12,71195
2011-12-19,9.35,9.53,9.55,9.23,66830
2011-12-20,9.44,9.36,9.63,9.36,63334
2011-12-21,9.45,9.09,9.52,9.08,70768
2011-12-22,9.03,8.96,9.05,8.72,77670
2011-12-23,8.93,9.0,9.15,8.89,62971
2011-12-26,9.02,8.91,9.19,8.86,58790
2011-12-27,8.89,8.59,8.89,8.58,56558
2011-12-28,8.54,8.43,8.56,8.25,62887
2011-12-29,8.3,8.5,8.52,8.3,50780
2011-12-30,8.52,8.67,8.7,8.49,58341
2012-01-04,8.73,8.35,8.83,8.32,57323
2012-01-05,8.35,7.96,8.42,7.94,68500
2012-01-06,7.94,8.06,8.1,7.8,45650
2012-01-09,8.09,8.35,8.35,7.96,77177
2012-01-10,8.35,8.64,8.71,8.29,99362
2012-01-11,8.64,8.55,8.67,8.43,63441
2012-01-12,8.52,8.52,8.69,8.5,57538
2012-01-13,8.52,8.26,8.58,8.2,59596
2012-01-16,8.14,7.96,8.23,7.93,46717
2012-01-17,7.99,8.39,8.44,7.88,63161
2012-01-18,8.38,8.16,8.53,8.13,62596
2012-01-19,8.18,8.27,8.39,8.09,52592
2012-01-20,8.29,8.5,8.58,8.29,78329
2012-01-30,8.46,8.53,8.66,8.41,63431
2012-01-31,8.5,8.51,8.59,8.43,43728
2012-02-01,8.49,8.36,8.58,8.33,45665
2012-02-02,8.33,8.43,8.44,8.26,58551
2012-02-03,8.41,8.52,8.56,8.35,64646
2012-02-06,8.54,8.55,8.56,8.45,56845
2012-02-07,8.5,8.34,8.5,8.29,48013
2012-02-08,8.3,8.57,8.64,8.29,94427
2012-02-09,8.57,8.71,8.8,8.54,111562
2012-02-10,8.67,8.68,8.78,8.59,66315
2012-02-13,8.66,8.84,8.89,8.56,94581
2012-02-14,8.86,8.82,8.89,8.71,61508
2012-02-15,8.84,8.83,8.9,8.72,69438
2012-02-16,8.83,8.83,8.94,8.73,89545
2012-02-17,8.86,8.75,8.89,8.7,47309
2012-02-20,8.86,8.82,8.93,8.75,70552
2012-02-21,8.83,9.18,9.23,8.83,176003
2012-02-22,9.19,9.23,9.26,9.13,92546
2012-02-23,9.19,9.17,9.26,9.09,57752
2012-02-24,9.2,9.28,9.41,9.13,78707
2012-02-27,9.28,9.25,9.48,9.23,97027
2012-02-28,9.19,9.23,9.29,9.16,61162
2012-02-29,9.21,9.21,9.31,9.13,48702
2012-03-01,9.21,9.32,9.4,9.17,76826
2012-03-02,9.32,9.41,9.46,9.3,79984
2012-03-05,9.43,9.46,9.51,9.34,83286
2012-03-06,9.41,9.44,9.63,9.37,123410
2012-03-07,9.37,9.19,9.39,9.13,82622
2012-03-08,9.22,9.35,9.42,9.16,93402
2012-03-09,9.4,9.75,9.79,9.37,176480
2012-03-12,9.74,9.86,9.95,9.67,151934
2012-03-13,9.86,9.89,9.96,9.77,89156
2012-03-14,9.92,9.53,10.25,9.44,273637
2012-03-15,9.52,9.76,9.86,9.41,158334
2012-03-16,9.71,10.27,10.39,9.71,266749
2012-03-19,10.28,10.15,10.39,10.09,159734
2012-03-20,10.16,10.02,10.25,9.86,118177
2012-03-21,10.06,9.94,10.13,9.73,106476
2012-03-22,9.92,9.93,10.03,9.81,81599
2012-03-23,9.83,9.58,9.91,9.43,106559
2012-03-26,9.56,10.0,10.02,9.53,138643
2012-03-27,9.99,9.81,10.1,9.76,129331
2012-03-28,9.59,9.01,9.65,8.98,214748
2012-03-29,8.97,8.85,9.13,8.78,102304
2012-03-30,8.89,8.69,8.96,8.63,77323
2012-04-05,8.76,9.18,9.34,8.69,104813
2012-04-06,9.18,9.26,9.37,9.11,71375
2012-04-09,9.24,9.02,9.25,8.98,55234
2012-04-10,9.01,9.2,9.21,8.77,66389
2012-04-11,9.06,9.18,9.32,9.03,55821
2012-04-12,9.21,9.33,9.39,9.17,80643
2012-04-13,9.4,9.26,9.4,9.24,66572
2012-04-16,9.24,9.29,9.39,9.15,63194
2012-04-17,9.26,9.05,9.33,9.03,58544
2012-04-18,9.1,9.23,9.23,8.97,69609
2012-04-20,9.19,9.29,9.32,9.08,82478
2012-04-23,9.33,9.56,9.67,9.31,148082
2012-04-24,9.44,9.8,9.86,9.29,165407
2012-04-25,9.75,9.74,9.89,9.64,104490
2012-04-26,9.78,9.84,9.92,9.68,93734
2012-04-27,9.81,9.97,10.18,9.78,158688
2012-05-02,10.04,10.05,10.08,9.88,121558
2012-05-03,10.03,10.13,10.28,9.99,138748
2012-05-04,10.07,10.36,10.58,10.06,160092
2012-05-07,10.32,10.54,10.67,10.25,194161
2012-05-08,10.53,10.29,10.56,10.19,159730
2012-05-09,10.21,10.1,10.37,10.06,109145
2012-05-10,10.1,10.48,10.53,10.09,157143
2012-05-11,10.48,10.59,10.73,10.4,212041
2012-05-14,10.67,10.39,10.69,10.36,124649
2012-05-15,10.29,10.45,10.47,10.28,106780
2012-05-16,10.71,10.51,10.98,10.46,202764
2012-05-17,10.52,11.24,11.47,10.33,338279
2012-05-18,11.08,11.31,11.73,11.06,342101
2012-05-22,11.63,12.38,12.38,11.44,614195
2012-05-23,12.13,13.07,13.43,12.11,690500
2012-05-24,12.99,13.09,13.34,12.79,484006
2012-05-25,12.99,12.76,13.12,12.6,363337
2012-05-28,12.64,12.74,12.89,12.41,303694
2012-05-29,12.66,12.73,12.97,12.48,323244
2012-05-30,12.6,12.81,12.97,12.52,233388
2012-05-31,12.73,12.91,13.58,12.66,458017
2012-06-01,12.82,12.69,12.94,12.56,296807
2012-06-04,12.39,12.19,12.71,12.15,238428
2012-06-05,12.25,12.04,12.34,11.92,160105
2012-06-06,12.03,12.05,12.26,11.87,153770
2012-06-07,12.26,12.09,12.3,11.94,131954
2012-06-08,12.18,11.78,12.23,11.66,147629
2012-06-11,11.75,11.93,11.94,11.56,131920
2012-06-12,11.86,11.98,12.13,11.73,124301
2012-06-13,12.02,12.61,12.66,12.02,266185
2012-06-14,12.46,12.35,12.88,12.31,227988
2012-06-15,12.4,11.86,12.64,11.69,353627
2012-06-19,11.9,12.19,12.35,11.9,542711
2012-06-20,12.02,11.49,12.13,11.33,377972
2012-06-21,11.53,11.58,11.63,11.23,156447
2012-06-25,11.58,11.05,11.66,11.02,168609
2012-06-26,11.03,11.16,11.19,10.94,121855
2012-06-27,11.16,11.35,11.49,11.08,137658
2012-06-28,11.33,11.34,11.49,11.25,102017
2012-06-29,11.36,11.61,11.73,11.26,139259
2012-07-02,11.69,12.1,12.39,11.57,253745
2012-07-03,12.03,12.06,12.13,11.87,124344
2012-07-04,12.06,12.27,12.29,11.84,134047
2012-07-05,12.25,12.07,12.25,12.01,88667
2012-07-06,12.17,12.6,12.63,12.07,241227
2012-07-09,12.47,12.31,12.78,12.29,171152
2012-07-10,12.09,11.73,12.27,11.7,130583
2012-07-11,11.63,12.38,12.43,11.44,166843
2012-07-12,12.25,12.56,12.9,12.23,272926
2012-07-13,12.41,12.86,13.02,12.4,216236
2012-07-16,12.83,12.58,13.08,12.56,175299
2012-07-17,12.41,12.72,12.74,12.02,149398
2012-07-18,12.63,12.53,12.77,12.18,118671
2012-07-19,12.51,12.34,12.59,12.29,92211
2012-07-20,12.26,12.16,12.53,12.09,95756
2012-07-23,11.94,11.63,12.01,11.56,152030
2012-07-24,11.52,11.79,11.89,11.48,101269
2012-07-25,11.72,11.56,11.87,11.52,56308
2012-07-26,11.48,11.56,11.83,11.37,71725
2012-07-27,11.58,11.3,11.66,11.18,62896
2012-07-30,11.39,11.24,11.44,11.06,46372
2012-07-31,11.25,10.76,11.32,10.74,84903
2012-08-01,10.76,10.94,11.06,10.74,60438
2012-08-02,10.94,11.03,11.12,10.88,53123
2012-08-03,11.07,11.41,11.46,10.96,65965
2012-08-06,11.33,11.53,11.59,11.26,72489
2012-08-07,11.48,11.42,11.56,11.28,65041
2012-08-08,11.43,11.17,11.46,11.16,57350
2012-08-09,11.16,11.62,11.63,10.99,101384
2012-08-10,11.59,11.42,11.66,11.33,68506
2012-08-13,11.34,11.32,11.59,11.26,57456
2012-08-14,11.32,11.44,11.46,11.03,42745
2012-08-15,11.36,11.18,11.4,11.09,45713
2012-08-16,11.08,10.99,11.23,10.9,44656
2012-08-17,11.02,10.75,11.02,10.6,66476
2012-08-20,10.59,10.8,10.82,10.52,32723
2012-08-21,10.8,10.92,11.02,10.71,40061
2012-08-22,10.93,10.69,10.96,10.61,47566
2012-08-23,10.7,10.72,10.78,10.62,35519
2012-08-24,10.72,10.62,10.76,10.56,36140
2012-08-27,10.53,10.36,10.62,10.32,46845
2012-08-28,10.33,10.36,10.47,10.21,34676
2012-08-29,10.3,10.29,10.44,10.26,28073
2012-08-30,10.33,9.92,10.33,9.71,52197
2012-08-31,9.86,9.97,10.03,9.83,25990
2012-09-03,9.93,10.21,10.25,9.92,42221
2012-09-04,10.29,10.08,10.34,10.02,32071
2012-09-05,10.03,10.09,10.1,9.95,23334
2012-09-06,10.11,10.43,10.51,10.09,58506
2012-09-07,10.48,10.84,10.96,10.4,78547
2012-09-10,10.79,10.77,10.94,10.67,54507
2012-09-11,10.7,10.61,10.77,10.55,45021
2012-09-12,10.65,10.8,10.93,10.65,50360
2012-09-13,10.85,10.59,10.88,10.59,28491
2012-09-14,10.6,10.62,10.74,10.56,35964
2012-09-17,10.63,10.16,10.65,10.16,49881
2012-09-18,10.13,10.19,10.34,10.13,33613
2012-09-19,10.24,10.29,10.29,10.18,21047
2012-09-20,10.31,10.06,10.32,10.06,27165
2012-09-21,9.98,9.95,10.14,9.93,18346
2012-09-24,9.94,10.09,10.15,9.73,23896
2012-09-25,10.09,10.26,10.29,10.06,30044
2012-09-26,10.23,10.09,10.29,10.0,21080
2012-09-27,10.06,10.39,10.49,9.99,49187
2012-09-28,10.33,10.62,10.67,10.29,51722
2012-10-08,10.56,10.53,10.71,10.4,29746
2012-10-09,10.53,10.8,10.81,10.48,54454
2012-10-10,10.8,10.76,10.83,10.66,28906
2012-10-11,10.72,10.53,10.75,10.49,36169
2012-10-12,10.53,10.52,10.71,10.51,29606
2012-10-15,10.52,10.72,10.78,10.49,39132
2012-10-16,10.73,11.08,11.18,10.68,128500
2012-10-17,11.07,11.06,11.18,10.93,49435
2012-10-18,11.05,11.39,11.4,11.03,109525
2012-10-19,11.35,11.31,11.56,11.25,65628
2012-10-22,11.23,11.23,11.31,11.06,57229
2012-10-23,11.22,10.86,11.22,10.79,69550
2012-10-24,10.81,11.16,11.32,10.79,104554
2012-10-25,10.94,10.71,11.01,10.57,82549
2012-10-26,10.69,10.53,10.8,10.44,48654
2012-10-29,10.48,10.36,10.56,10.24,63653
2012-10-30,10.37,10.47,10.57,10.37,28743
2012-10-31,10.47,10.65,10.71,10.44,39705
2012-11-01,10.63,10.72,10.79,10.62,44597
2012-11-02,10.73,10.86,10.9,10.63,54793
2012-11-05,10.83,10.62,10.83,10.53,60489
2012-11-06,10.52,10.48,10.63,10.36,48709
2012-11-07,10.56,10.49,10.56,10.4,29125
2012-11-08,10.43,10.33,10.57,10.33,31106
2012-11-09,10.34,10.06,10.39,9.99,42716
2012-11-12,10.08,10.09,10.2,10.02,28309
2012-11-13,10.09,10.03,10.13,9.99,20706
2012-11-14,10.03,9.86,10.07,9.77,42189
2012-11-15,9.91,9.78,9.99,9.72,58000
2012-11-16,9.78,9.53,9.78,9.37,47473
2012-11-19,9.54,9.29,9.54,8.96,76202
2012-11-20,9.25,9.12,9.29,9.03,59384
2012-11-21,9.1,9.23,9.23,9.03,43108
2012-11-22,9.13,9.1,9.21,9.0,32037
2012-11-23,9.09,9.35,9.6,9.09,69575
2012-11-26,9.26,9.17,9.33,9.12,28346
2012-11-27,9.16,9.09,9.23,9.08,35992
2012-11-28,8.99,8.75,9.0,8.65,58046
2012-11-29,8.85,8.43,8.86,8.42,51991
2012-11-30,8.43,8.37,8.44,8.15,80673
2012-12-03,8.37,8.02,8.38,7.97,66354
2012-12-04,7.94,8.23,8.27,7.93,64608
2012-12-05,8.17,8.41,8.54,8.09,87106
2012-12-06,8.4,8.78,8.91,8.25,106859
2012-12-07,8.67,8.78,8.88,8.57,92742
2012-12-10,8.75,8.95,8.98,8.61,89123
2012-12-11,8.86,8.83,9.02,8.82,80436
2012-12-12,8.83,9.04,9.16,8.79,99966
2012-12-13,8.99,8.97,9.15,8.88,55543
2012-12-14,8.92,9.27,9.33,8.88,80169
2012-12-17,9.26,9.31,9.56,9.13,93333
2012-12-18,9.25,9.15,9.25,9.03,115918
2012-12-19,9.11,9.16,9.23,9.01,77060
2012-12-20,9.09,9.01,9.1,8.89,77192
2012-12-21,8.96,8.96,9.08,8.9,51321
2012-12-24,8.96,8.86,8.96,8.82,68632
2012-12-25,8.85,9.1,9.19,8.8,102298
2012-12-26,9.11,9.28,9.29,9.09,91319
2012-12-27,9.29,9.3,9.44,9.19,112574
2012-12-28,9.26,9.38,9.52,9.26,77882
2012-12-31,9.38,9.42,9.46,9.27,90203
2013-01-04,9.48,9.21,9.49,9.1,85756
2013-01-07,9.21,9.19,9.25,9.13,110446
2013-01-08,9.19,9.66,9.67,9.14,226515
2013-01-09,9.56,9.56,9.69,9.44,143760
2013-01-10,9.56,9.48,9.59,9.43,78124
2013-01-11,9.49,9.27,9.56,9.21,89995
2013-01-14,9.24,9.45,9.46,9.12,118833
2013-01-15,9.4,9.56,9.59,9.34,136020
2013-01-16,9.56,9.72,9.75,9.45,156628
2013-01-17,9.67,9.56,9.79,9.56,89913
2013-01-18,9.56,9.62,9.68,9.48,72342
2013-01-21,9.63,9.73,9.74,9.56,75378
2013-01-22,9.72,9.52,9.72,9.37,80728
2013-01-23,9.52,9.52,9.54,9.41,57888
2013-01-24,9.5,9.15,9.59,9.13,90675
2013-01-25,9.16,8.96,9.23,8.94,72948
2013-01-28,8.96,8.94,9.01,8.69,144633
2013-01-29,8.87,8.98,9.06,8.8,98433
2013-01-30,8.94,9.06,9.11,8.91,90074
2013-01-31,9.06,8.93,9.07,8.88,56936
2013-02-01,8.89,8.96,9.05,8.86,58983
2013-02-04,8.94,8.86,9.0,8.79,72738
2013-02-05,8.86,9.08,9.08,8.75,77715
2013-02-06,9.04,9.26,9.36,9.04,123085
2013-02-07,9.22,9.22,9.3,9.09,81507
2013-02-08,9.23,9.36,9.42,9.18,81035
2013-02-18,9.36,9.2,9.39,9.15,68534
2013-02-19,9.17,9.37,9.54,9.16,115113
2013-02-20,9.43,9.64,9.67,9.24,154697
2013-02-21,9.62,9.56,9.83,9.52,178229
2013-02-22,9.55,9.73,9.98,9.5,174918
2013-02-25,9.72,9.69,9.88,9.63,78907
2013-02-26,9.64,9.35,9.69,9.33,95232
2013-02-27,9.36,9.28,9.43,9.19,61054
2013-02-28,9.25,9.36,9.37,9.21,75367
2013-03-01,9.34,9.73,9.76,9.31,129052
2013-03-04,9.74,9.58,9.91,9.43,130518
2013-03-05,9.56,9.88,9.95,9.56,126243
2013-03-06,9.88,10.21,10.22,9.79,155291
2013-03-07,10.13,10.51,10.63,10.1,295167
2013-03-08,10.45,10.41,10.54,10.25,91167
2013-03-11,10.37,10.43,10.59,10.29,121098
2013-03-12,10.34,9.86,10.36,9.52,191161
2013-03-13,9.75,9.79,9.9,9.53,85091
2013-03-14,9.79,9.76,10.02,9.65,69368
2013-03-15,9.85,9.65,9.93,9.6,60889
2013-03-18,9.62,9.86,9.99,9.56,71110
2013-03-19,9.86,9.92,10.12,9.72,77608
2013-03-20,9.9,10.06,10.13,9.86,80278
2013-03-21,10.02,10.19,10.29,9.98,76937
2013-03-22,10.11,10.39,10.56,10.11,112968
2013-03-25,10.4,10.2,10.52,10.13,91169
2013-03-26,10.23,10.69,10.71,10.0,137047
2013-03-27,10.63,10.49,10.83,10.4,180992
2013-03-28,10.29,10.36,10.7,10.17,103657
2013-03-29,10.36,9.94,10.39,9.93,95959
2013-04-01,9.93,9.89,10.06,9.78,98572
2013-04-02,9.9,9.95,10.25,9.89,73021
2013-04-03,9.97,10.14,10.17,9.94,68848
2013-04-08,10.03,9.99,10.04,9.75,44290
2013-04-09,9.94,9.96,10.09,9.93,45738
2013-04-10,9.95,10.19,10.29,9.93,80436
2013-04-11,10.19,10.16,10.19,10.01,48308
2013-04-12,10.16,9.79,10.16,9.75,98031
2013-04-15,9.71,9.08,9.73,8.95,173797
2013-04-16,8.87,9.12,9.13,8.79,63079
2013-04-17,9.12,9.06,9.15,9.0,50932
2013-04-18,9.04,9.1,9.13,8.98,41578
2013-04-19,9.1,9.2,9.27,9.06,52858
2013-04-22,9.12,9.03,9.15,8.94,54508
2013-04-23,9.03,8.96,9.07,8.93,35740
2013-04-24,8.98,8.67,9.01,8.49,103973
2013-04-25,8.71,8.65,8.72,8.52,60553
2013-04-26,8.65,8.65,8.7,8.63,35361
2013-05-02,8.68,8.65,8.68,8.45,30252
2013-05-03,8.62,8.79,8.85,8.62,38163
2013-05-06,8.79,8.92,8.93,8.76,36182
2013-05-07,8.9,9.04,9.13,8.88,61751
2013-05-08,9.02,8.96,9.09,8.93,42749
2013-05-09,8.94,8.96,9.06,8.86,50320
2013-05-10,8.95,8.97,9.03,8.9,36018
2013-05-13,8.99,9.2,9.23,8.95,78557
2013-05-14,9.17,9.17,9.26,9.09,50788
2013-05-15,9.17,9.31,9.38,9.15,66314
2013-05-16,9.31,9.54,9.62,9.31,91875
2013-05-17,9.53,9.54,9.69,9.43,70768
2013-05-20,9.55,9.64,9.67,9.39,72781
2013-05-21,9.64,9.62,9.66,9.5,43042
2013-05-22,9.58,9.64,9.67,9.48,75808
2013-05-23,9.63,9.56,9.83,9.56,66070
2013-05-24,9.58,9.95,10.02,9.56,83846
2013-05-27,9.98,9.99,10.13,9.86,95575
2013-05-28,9.99,9.88,9.99,9.79,53112
2013-05-29,9.86,9.83,9.94,9.77,83124
2013-05-30,9.83,10.05,10.21,9.73,122389
2013-05-31,10.08,10.18,10.29,9.98,145815
2013-06-03,10.18,10.33,10.54,10.09,190152
2013-06-04,10.32,10.32,10.44,10.17,87586
2013-06-05,10.29,10.66,10.77,10.29,147622
2013-06-06,10.56,10.23,10.69,10.16,283053
2013-06-07,10.23,10.29,10.39,9.87,240999
2013-06-13,10.25,10.54,11.25,10.02,196988
2013-06-14,10.24,10.26,10.58,10.06,325807
2013-06-17,10.25,10.03,10.3,9.89,138800
2013-06-18,10.02,9.78,10.07,9.77,99006
2013-06-19,9.86,10.07,10.08,9.77,121721
2013-06-20,10.07,9.69,10.09,9.55,92705
2013-06-21,9.56,9.8,9.9,9.39,48509
2013-06-24,9.75,9.75,10.06,9.55,176610
2013-06-25,9.72,9.36,9.85,8.85,133462
2013-06-26,9.37,9.54,9.61,9.33,70083
2013-06-27,9.46,9.33,9.66,9.28,57651
2013-06-28,9.33,9.34,9.44,9.1,115859
2013-07-01,9.32,9.58,9.63,9.19,178278
2013-07-02,9.59,9.78,9.89,9.48,176526
2013-07-03,9.71,9.52,9.72,9.43,83613
2013-07-04,9.47,9.73,9.83,9.41,144584
2013-07-05,9.69,9.71,9.94,9.66,128017
2013-07-08,9.56,9.31,9.6,9.3,61048
2013-07-09,9.31,9.33,9.59,9.26,46716
2013-07-10,9.4,9.76,9.89,9.29,119702
2013-07-11,9.79,9.91,9.99,9.71,245586
2013-07-12,9.85,9.75,10.08,9.69,164164
2013-07-15,9.79,9.85,9.89,9.66,92464
2013-07-16,9.84,9.93,10.0,9.69,113413
2013-07-17,9.89,9.65,10.01,9.62,104794
2013-07-18,9.63,9.43,9.69,9.41,74431
2013-07-19,9.43,9.36,9.59,9.33,140990
2013-07-22,9.29,9.44,9.54,9.19,57029
2013-07-23,9.44,9.67,9.73,9.4,148608
2013-07-24,9.56,9.73,9.82,9.52,157013
2013-07-25,9.73,9.73,9.88,9.59,168526
2013-07-26,9.65,9.43,9.73,9.39,83253
2013-07-29,9.41,9.22,9.41,9.2,52271
2013-07-30,9.21,9.26,9.36,9.17,34133
2013-07-31,9.27,9.29,9.36,9.25,31544
2013-08-01,9.29,9.43,9.46,9.29,37825
2013-08-02,9.43,9.42,9.52,9.38,53040
2013-08-05,9.42,9.61,9.77,9.39,107226
2013-08-06,9.69,9.71,9.82,9.63,143942
2013-08-07,9.67,9.49,9.72,9.47,71508
2013-08-08,9.44,9.59,9.69,9.44,72066
2013-08-09,9.56,9.56,9.64,9.44,54611
2013-08-12,9.58,9.71,9.71,9.53,69511
2013-08-13,9.69,9.72,9.74,9.63,49387
2013-08-14,9.72,9.53,9.73,9.51,61283
2013-08-15,9.53,9.43,9.54,9.42,56723
2013-08-16,9.4,9.33,9.57,9.33,47131
2013-08-19,9.35,9.39,9.41,9.32,32457
2013-08-20,9.39,9.35,9.43,9.33,36403
2013-08-21,9.39,9.41,9.43,9.32,33379
2013-08-22,9.44,9.69,9.83,9.43,136447
2013-08-23,9.67,9.63,9.73,9.52,124737
2013-08-26,9.6,9.73,9.74,9.56,74925
2013-08-27,9.77,9.75,9.8,9.64,148017
2013-08-28,9.7,9.56,9.7,9.52,64203
2013-08-29,9.56,9.51,9.63,9.48,37340
2013-08-30,9.51,9.46,9.58,9.4,47287
2013-09-02,9.44,9.56,9.57,9.41,61450
2013-09-03,9.58,9.56,9.61,9.47,61345
2013-09-04,9.56,9.46,9.57,9.44,49987
2013-09-05,9.48,9.52,9.59,9.45,49686
2013-09-06,9.56,9.46,9.56,9.45,48734
2013-09-09,9.46,9.56,9.6,9.42,72875
2013-09-10,9.66,9.66,9.77,9.59,135675
2013-09-11,9.69,9.86,9.89,9.58,215016
2013-09-12,9.83,9.79,9.86,9.75,84625
2013-09-13,9.76,9.89,10.01,9.71,161722
2013-09-16,9.83,9.83,9.96,9.76,95779
2013-09-17,9.91,10.02,10.15,9.78,189746
2013-09-18,10.02,9.96,10.15,9.92,105662
2013-09-23,9.95,9.83,10.02,9.8,117094
2013-09-24,9.86,9.79,9.99,9.76,90315
2013-09-25,9.81,9.96,10.07,9.75,108295
2013-09-26,9.91,9.71,9.93,9.67,83505
2013-09-27,9.71,9.82,9.93,9.63,91388
2013-09-30,9.79,9.7,9.84,9.67,55043
2013-10-08,9.71,9.71,9.8,9.67,54285
2013-10-09,9.73,9.89,9.97,9.69,93700
2013-10-10,9.88,9.84,10.0,9.8,78242
2013-10-11,9.86,10.05,10.09,9.79,118934
2013-10-14,10.04,10.59,10.79,9.96,270813
2013-10-15,10.5,10.56,10.69,10.42,126436
2013-10-16,10.52,10.25,10.55,10.17,87401
2013-10-17,10.26,10.19,10.34,10.16,54381
2013-10-18,10.24,10.36,10.52,10.19,70527
2013-10-21,10.33,10.45,10.54,10.23,84075
2013-10-22,10.45,10.41,10.49,10.25,71481
2013-10-23,10.45,9.89,10.46,9.75,89503
2013-10-24,9.83,9.83,10.05,9.76,54061
2013-10-25,9.68,9.43,9.81,9.33,104605
2013-10-28,9.33,8.86,9.37,8.73,121763
2013-10-29,8.8,8.69,8.89,8.51,71070
2013-10-30,8.64,8.75,8.83,8.62,42290
2013-10-31,8.76,8.83,8.86,8.53,71129
2013-11-01,8.67,8.73,8.8,8.67,32776
2013-11-04,8.71,8.79,8.83,8.69,30261
2013-11-05,8.79,8.83,8.84,8.66,33618
2013-11-06,8.83,8.73,8.97,8.71,48996
2013-11-07,8.73,8.56,8.78,8.53,42224
2013-11-08,8.54,8.31,8.61,8.29,56871
2013-11-11,8.32,8.4,8.44,8.19,58088
2013-11-12,8.39,8.59,8.64,8.31,88753
2013-11-13,8.53,8.33,8.56,8.33,59855
2013-11-14,8.32,8.33,8.39,8.24,32334
2013-11-15,8.33,8.52,8.61,8.33,66099
2013-11-18,8.53,8.66,8.71,8.53,71102
2013-11-19,8.68,8.63,8.75,8.56,67699
2013-11-20,8.63,8.53,8.66,8.49,88807
2013-11-21,8.53,8.45,8.53,8.41,68948
2013-11-22,8.47,8.42,8.51,8.39,66980
2013-11-25,8.41,8.43,8.46,8.33,51954
2013-11-26,8.43,8.45,8.48,8.39,37915
2013-11-27,8.46,8.51,8.54,8.41,53870
2013-11-28,8.52,8.59,8.67,8.51,87487
2013-11-29,8.59,8.56,8.68,8.53,77582
2013-12-02,8.48,8.41,8.63,8.35,103857
2013-12-03,8.37,8.46,8.48,8.33,76340
2013-12-04,8.45,8.63,8.69,8.4,162146
2013-12-05,8.63,8.64,8.68,8.56,85636
2013-12-06,8.6,8.68,8.73,8.59,87789
2013-12-09,8.68,8.75,8.76,8.6,88394
2013-12-10,8.77,8.72,8.79,8.68,86123
2013-12-11,8.71,8.76,8.76,8.64,70544
2013-12-12,8.73,8.64,8.76,8.63,58185
2013-12-13,8.66,8.67,8.68,8.59,47320
2013-12-16,8.66,8.43,8.66,8.4,65327
2013-12-17,8.46,8.4,8.48,8.37,44547
2013-12-18,8.45,8.46,8.5,8.37,40235
2013-12-19,8.45,8.37,8.48,8.36,53340
2013-12-20,8.37,8.0,8.38,7.97,131230
2013-12-23,8.04,7.97,8.06,7.93,47204
2013-12-24,7.98,7.97,8.11,7.94,50598
2013-12-25,7.99,7.94,8.04,7.87,77664
2013-12-26,7.95,7.75,7.96,7.71,94221
2013-12-27,7.76,7.85,7.88,7.73,74205
2013-12-30,7.86,8.04,8.18,7.85,109411
2013-12-31,8.04,8.01,8.13,7.97,80943
2014-01-02,8.02,8.02,8.03,7.9,65469
2014-01-03,7.97,7.94,7.98,7.86,61610
2014-01-06,7.9,7.97,8.1,7.85,100599
2014-01-07,7.98,7.9,8.14,7.86,78710
2014-01-08,7.89,7.74,7.93,7.72,78881
2014-01-09,7.73,7.65,7.75,7.56,102098
2014-01-10,7.59,7.56,7.7,7.53,47248
2014-01-13,7.57,7.55,7.62,7.53,31891
2014-01-14,7.56,7.71,7.79,7.46,58714
2014-01-15,7.67,7.89,8.07,7.61,136908
2014-01-16,7.86,7.96,8.05,7.83,230288
2014-01-17,7.92,8.01,8.08,7.79,79203
2014-01-20,7.96,8.11,8.16,7.91,202086
2014-01-21,8.11,8.09,8.23,8.01,149201
2014-01-22,8.06,8.18,8.35,7.98,113743
2014-01-23,8.16,8.06,8.23,8.04,251919
2014-01-24,8.05,8.02,8.06,7.95,74720
2014-01-27,7.98,8.06,8.12,7.91,147490
2014-01-28,8.07,7.95,8.15,7.93,138486
2014-01-29,7.96,7.81,7.98,7.8,63278
2014-01-30,7.82,7.79,7.88,7.75,31745
2014-02-07,7.76,7.84,7.85,7.68,33956
2014-02-10,7.85,7.96,7.97,7.83,59052
2014-02-11,7.96,8.06,8.16,7.9,144612
2014-02-12,8.05,8.06,8.11,7.96,101170
2014-02-13,8.01,7.98,8.13,7.96,154335
2014-02-14,7.97,8.04,8.08,7.93,80125
2014-02-17,8.05,8.17,8.22,8.01,183153
2014-02-18,8.13,8.03,8.18,8.01,106095
2014-02-19,8.01,8.05,8.11,7.96,81592
2014-02-20,8.09,8.15,8.29,8.09,214288
2014-02-21,8.14,8.17,8.29,8.1,122355
2014-02-24,8.15,7.89,8.15,7.86,98676
2014-02-25,7.87,7.66,7.99,7.6,110592
2014-02-26,7.65,7.49,7.69,7.39,122106
2014-02-27,7.49,7.42,7.56,7.4,57728
2014-02-28,7.44,7.46,7.49,7.39,51545
2014-03-03,7.48,7.56,7.59,7.44,61226
2014-03-04,7.53,7.5,7.53,7.41,66769
2014-03-05,7.5,7.46,7.57,7.36,62015
2014-03-06,7.44,7.42,7.47,7.37,57417
2014-03-07,7.41,7.46,7.47,7.4,38139
2014-03-10,7.45,7.2,7.49,7.19,64115
2014-03-11,7.2,7.31,7.37,7.16,55402
2014-03-12,7.31,7.26,7.36,7.18,41683
2014-03-13,7.29,7.5,7.56,7.23,126210
2014-03-14,7.46,7.37,7.5,7.33,52364
2014-03-17,7.4,7.43,7.46,7.36,34240
2014-03-18,7.44,7.42,7.57,7.39,66743
2014-03-19,7.39,7.36,7.43,7.31,31504
2014-03-20,7.36,7.13,7.46,7.11,44493
2014-03-21,7.13,7.26,7.33,7.11,50596
2014-03-24,7.24,7.36,7.37,7.23,46952
2014-03-25,7.33,7.33,7.38,7.29,43235
2014-03-26,7.34,7.33,7.39,7.27,40397
2014-03-27,7.33,7.23,7.35,7.23,33909
2014-03-28,7.23,7.13,7.29,7.12,39677
2014-03-31,7.14,7.14,7.2,7.11,27726
2014-04-01,7.17,7.22,7.23,7.13,21973
2014-04-02,7.23,7.26,7.27,7.21,30837
2014-04-03,7.26,7.23,7.29,7.2,27077
2014-04-04,7.23,7.26,7.28,7.2,24231
2014-04-08,7.25,7.35,7.35,7.23,49781
2014-04-09,7.35,7.37,7.43,7.32,59792
2014-04-10,7.36,7.38,7.39,7.33,39731
2014-04-11,7.38,7.42,7.46,7.37,58064
2014-04-14,7.42,7.39,7.43,7.36,29289
2014-04-15,7.39,7.3,7.41,7.29,38438
2014-04-16,7.31,7.26,7.33,7.24,38113
2014-04-17,7.29,7.28,7.3,7.26,20812
2014-04-18,7.27,7.29,7.31,7.24,18529
2014-04-21,7.28,7.16,7.29,7.16,36445
2014-04-22,7.19,7.12,7.2,7.09,41328
2014-04-23,7.12,7.15,7.23,7.12,30369
2014-04-24,7.14,7.1,7.16,7.09,20881
2014-04-25,7.09,6.96,7.11,6.83,76548
2014-04-28,6.94,6.78,6.94,6.77,42464
2014-04-29,6.77,6.87,6.9,6.77,24462
2014-04-30,6.86,6.88,6.91,6.83,22100
2014-05-05,6.87,6.93,6.96,6.83,22502
2014-05-06,6.94,6.94,6.96,6.87,18818
2014-05-07,6.94,6.86,6.94,6.86,20672
2014-05-08,6.86,6.99,7.08,6.85,88289
2014-05-09,6.99,6.89,7.0,6.87,33216
2014-05-12,6.91,7.03,7.05,6.88,47532
2014-05-13,7.05,7.03,7.07,7.01,24176
2014-05-14,7.01,6.98,7.03,6.97,21679
2014-05-15,6.98,6.9,6.98,6.88,23877
2014-05-16,6.92,6.93,6.97,6.87,15030
2014-05-19,6.93,6.86,6.94,6.82,18774
2014-05-20,6.89,6.86,6.9,6.83,13747
2014-05-21,6.85,6.89,6.91,6.83,14359
2014-05-22,6.89,7.15,7.26,6.86,170221
2014-05-23,7.13,7.16,7.24,7.06,125241
2014-05-26,7.18,7.16,7.21,7.14,130082
2014-05-27,7.16,7.05,7.16,7.04,49244
2014-05-28,7.04,7.1,7.11,7.02,34535
2014-05-29,7.05,7.0,7.11,6.99,80564
2014-05-30,7.0,6.94,7.03,6.93,60474
2014-06-03,6.94,6.83,6.98,6.82,100797
2014-06-12,6.61,6.92,7.09,6.61,200412
2014-06-13,6.89,6.98,7.01,6.84,121730
2014-06-16,7.0,7.1,7.18,6.92,191433
2014-06-17,7.1,7.21,7.25,7.02,154236
2014-06-18,7.16,7.1,7.27,7.06,103493
2014-06-19,7.05,7.0,7.13,6.9,88659
2014-06-20,6.92,7.01,7.1,6.89,59255
2014-06-23,6.99,7.07,7.16,6.92,296176
2014-06-24,7.07,7.19,7.22,6.99,282372
2014-06-25,7.13,7.12,7.16,7.02,88903
2014-06-26,7.1,7.2,7.29,7.06,123371
2014-06-27,7.18,7.28,7.39,7.09,316710
2014-07-01,7.14,7.11,7.19,6.95,195024
2014-07-02,7.08,7.11,7.15,7.06,88163
2014-07-03,7.11,7.11,7.14,7.07,77843
2014-07-04,7.09,7.12,7.17,7.06,96396
2014-07-07,7.1,7.1,7.14,7.07,56095
2014-07-08,7.1,7.13,7.15,7.07,55783
2014-07-09,7.11,7.15,7.23,7.0,140150
2014-07-10,7.11,7.09,7.15,7.07,66685
2014-07-11,7.08,7.16,7.17,7.04,67371
2014-07-14,7.2,7.28,7.34,7.14,193146
2014-07-15,7.36,7.43,7.61,7.36,245088
2014-07-16,7.41,7.36,7.51,7.32,112777
2014-07-17,7.39,7.48,7.5,7.34,108473
2014-07-18,7.46,7.54,7.66,7.46,162530
2014-07-21,7.56,7.46,7.6,7.42,88264
2014-07-22,7.46,7.46,7.51,7.41,108913
2014-07-23,7.42,7.38,7.49,7.27,198085
2014-07-24,7.35,7.41,7.43,7.32,148990
2014-07-25,7.4,7.46,7.52,7.37,101986
2014-07-28,7.52,7.6,7.63,7.48,153368
2014-07-29,7.62,7.56,7.69,7.53,138958
2014-07-30,7.56,7.62,7.67,7.52,108288
2014-07-31,7.62,7.71,7.77,7.58,173170
2014-08-01,7.71,7.57,7.76,7.56,122298
2014-08-04,7.56,7.69,7.71,7.54,102918
2014-08-05,7.69,7.67,7.72,7.6,94426
2014-08-06,7.65,7.78,7.79,7.63,130498
2014-08-07,7.86,7.88,8.08,7.84,248051
2014-08-08,7.88,7.94,8.02,7.8,125530
2014-08-11,7.96,8.05,8.08,7.9,152079
2014-08-12,8.03,8.15,8.19,8.02,175263
2014-08-13,8.16,8.18,8.27,8.07,174631
2014-08-14,8.19,7.94,8.2,7.92,170790
2014-08-15,7.91,8.04,8.2,7.9,136324
2014-08-18,7.99,8.05,8.07,7.95,115474
2014-08-19,8.04,7.92,8.04,7.83,174890
2014-08-20,7.91,7.93,7.98,7.88,108442
2014-08-21,7.89,7.9,7.94,7.8,152215
2014-08-22,7.89,8.16,8.18,7.88,222325
2014-08-25,8.16,7.93,8.2,7.92,128854
2014-08-26,7.92,7.67,8.0,7.61,151016
2014-08-27,7.66,7.77,7.8,7.63,66840
2014-08-28,7.76,7.76,7.8,7.63,67159
2014-08-29,7.76,7.77,7.8,7.68,55428
2014-09-01,7.79,7.88,7.92,7.74,90357
2014-09-02,7.89,8.0,8.03,7.87,136593
2014-09-03,8.01,8.1,8.26,7.97,222471
2014-09-04,8.08,8.28,8.48,8.01,365294
2014-09-05,8.26,8.18,8.31,8.15,153405
2014-09-09,8.15,8.1,8.16,8.03,147521
2014-09-10,8.07,8.15,8.2,8.0,133195
2014-09-11,8.13,8.05,8.23,8.0,197714
2014-09-12,8.03,8.08,8.08,7.99,112938
2014-09-15,8.04,8.14,8.16,8.04,129563
2014-09-16,8.12,7.85,8.16,7.84,163186
2014-09-17,7.86,7.88,7.93,7.79,106156
2014-09-18,7.87,7.91,7.93,7.83,68817
2014-09-19,7.91,8.0,8.03,7.89,76971
2014-09-22,7.99,7.77,7.99,7.76,103112
2014-09-23,7.79,7.82,7.84,7.75,68438
2014-09-24,7.81,7.92,7.94,7.79,107122
2014-09-25,7.93,7.96,8.02,7.93,122028
2014-09-26,7.93,7.92,7.95,7.87,71876
2014-09-29,7.96,8.03,8.06,7.94,160290
2014-09-30,8.05,8.06,8.09,8.01,129744
2014-10-08,8.08,8.13,8.15,8.05,153252
2014-10-09,8.14,8.09,8.15,7.99,163380
2014-10-10,8.06,8.1,8.17,8.01,151375
2014-10-13,8.09,8.03,8.09,7.98,97374
2014-10-14,8.04,8.01,8.11,7.95,98204
2014-10-15,8.0,8.13,8.14,7.98,150469
2014-10-16,8.1,8.03,8.24,8.02,235286
2014-10-17,8.0,7.85,8.06,7.8,155101
2014-10-20,7.86,7.88,7.91,7.83,76737
2014-10-21,7.88,7.79,7.94,7.79,80145
2014-10-22,7.78,7.57,7.81,7.56,112649
2014-10-23,7.56,7.42,7.62,7.35,94104
2014-10-24,7.42,7.42,7.47,7.39,59890
2014-10-27,7.43,7.43,7.47,7.39,50756
2014-10-28,7.41,7.57,7.6,7.41,65177
2014-10-29,7.58,7.62,7.65,7.52,102245
2014-10-30,7.61,7.62,7.66,7.58,89247
2014-10-31,7.62,7.71,7.75,7.61,131424
2014-11-03,7.7,7.72,7.79,7.66,99396
2014-11-04,7.71,7.79,7.84,7.65,149013
2014-11-05,7.75,7.67,7.76,7.64,111927
2014-11-06,7.65,7.68,7.69,7.59,95195
2014-11-07,7.67,7.61,7.75,7.57,109853
2014-11-10,7.64,7.85,7.85,7.62,171498
2014-11-11,7.88,7.74,7.98,7.66,251394
2014-11-12,7.67,7.92,7.94,7.66,145324
2014-11-13,7.92,7.85,7.97,7.83,156015
2014-11-14,7.85,7.87,7.96,7.81,166759
2014-11-17,7.93,7.85,8.0,7.8,125177
2014-11-18,7.84,7.74,7.85,7.71,113342
2014-11-19,7.75,7.73,7.77,7.69,75181
2014-11-20,7.69,7.79,7.81,7.66,87108
2014-11-21,7.78,7.81,7.81,7.73,90094
2014-11-24,7.85,7.87,7.93,7.78,244763
2014-11-25,7.87,7.96,7.97,7.85,192828
2014-11-26,7.96,8.01,8.04,7.91,271844
2014-11-27,7.99,8.01,8.06,7.93,191155
2014-11-28,8.0,8.0,8.01,7.88,204285
2014-12-01,8.0,8.17,8.25,7.96,483229
2014-12-02,8.13,8.18,8.25,8.05,325143
2014-12-03,8.18,8.27,8.4,8.13,434271
2014-12-04,8.23,8.39,8.4,8.2,429791
2014-12-05,8.36,8.15,8.49,7.96,426479
2014-12-08,8.11,8.29,8.36,8.01,321085
2014-12-09,8.27,8.1,8.55,8.06,468529
2014-12-10,8.11,8.34,8.37,8.01,266537
2014-12-11,8.29,8.36,8.46,8.2,302779
2014-12-12,8.37,8.67,8.73,8.32,461706
2014-12-15,8.59,8.67,8.67,8.52,297636
2014-12-16,8.64,8.54,8.65,8.48,240262
2014-12-17,8.53,8.37,8.54,8.23,219929
2014-12-18,8.3,8.38,8.43,8.3,143749
2014-12-19,8.37,8.41,8.46,8.3,226578
2014-12-22,8.41,8.09,8.43,8.01,254749
2014-12-23,8.09,8.15,8.34,8.05,188165
2014-12-24,8.15,8.27,8.38,8.15,202392
2014-12-25,8.32,8.36,8.38,8.22,150926
2014-12-26,8.32,8.48,8.53,8.27,258131
2014-12-29,8.51,8.44,8.59,8.37,250447
2014-12-30,8.43,8.16,8.48,8.13,208008
2014-12-31,8.18,8.25,8.26,8.11,124039
2015-01-05,8.26,8.55,8.56,8.22,334345
2015-01-06,8.48,8.54,8.58,8.42,206703
2015-01-07,8.53,8.76,8.85,8.49,448226
2015-01-08,8.73,8.68,8.85,8.55,301031
2015-01-09,8.66,8.54,8.89,8.53,332305
2015-01-12,8.49,8.28,8.55,8.2,215990
2015-01-13,8.25,8.38,8.39,8.22,129068
2015-01-14,8.36,8.26,8.41,8.21,134639
2015-01-15,8.27,8.39,8.39,8.23,93668
2015-01-16,8.37,8.39,8.47,8.35,141237
2015-01-19,8.21,7.87,8.32,7.78,213991
2015-01-20,7.96,8.05,8.06,7.87,126789
2015-01-21,8.05,8.24,8.27,8.04,154072
2015-01-22,8.22,8.27,8.3,8.2,145773
2015-01-23,8.26,8.17,8.28,8.12,175990
2015-01-26,8.17,8.34,8.35,8.13,157941
2015-01-27,8.35,8.37,8.4,8.25,158945
2015-01-28,8.38,8.31,8.38,8.28,105849
2015-01-29,8.21,8.19,8.28,8.16,115776
2015-01-30,8.18,8.16,8.28,8.12,84532
2015-02-02,8.15,8.19,8.26,8.09,74998
2015-02-03,8.2,8.28,8.29,8.18,91768
2015-02-04,8.28,8.2,8.34,8.19,109883
2015-02-05,8.26,8.08,8.28,8.07,103550
2015-02-06,8.09,7.92,8.11,7.88,122022
2015-02-09,7.91,7.99,8.01,7.89,58600
2015-02-10,8.0,7.98,8.04,7.92,70284
2015-02-11,7.98,8.01,8.04,7.97,55723
2015-02-12,8.03,8.05,8.07,7.99,54455
2015-02-13,8.06,8.12,8.19,8.06,116019
2015-02-16,8.14,8.2,8.21,8.13,84908
2015-02-17,8.19,8.16,8.23,8.13,102642
2015-02-25,8.17,8.17,8.22,8.14,80523
2015-02-26,8.16,8.24,8.25,8.14,94772
2015-02-27,8.24,8.28,8.29,8.22,128245
2015-03-02,8.31,8.34,8.35,8.26,167209
2015-03-03,8.32,8.42,8.54,8.27,325422
2015-03-04,8.4,8.65,8.71,8.4,270116
2015-03-05,8.65,9.19,9.22,8.6,647208
2015-03-06,9.2,9.37,9.51,9.1,499861
2015-03-09,9.37,9.62,9.89,9.34,454830
2015-03-10,9.58,9.71,9.78,9.46,277821
2015-03-11,9.83,10.26,10.52,9.83,696957
2015-03-12,10.16,10.09,10.32,9.85,336686
2015-03-13,10.03,10.11,10.25,9.93,202682
2015-03-16,10.16,10.21,10.59,10.07,280371
2015-03-17,10.21,10.56,10.83,10.1,329288
2015-03-18,10.61,10.96,11.02,10.59,269511
2015-03-19,10.95,11.79,11.86,10.66,418907
2015-03-20,11.81,11.74,11.94,11.64,274748
2015-03-23,11.71,11.8,12.18,11.5,353688
2015-03-24,11.7,11.39,11.76,10.94,310411
2015-03-25,11.31,11.54,11.71,11.03,253971
2015-03-26,11.45,11.29,11.54,11.19,161491
2015-03-27,11.33,11.52,11.53,11.16,238609
2015-03-30,11.48,11.21,11.48,11.14,263879
2015-03-31,11.23,11.15,11.23,10.97,222848
2015-04-01,11.19,11.3,11.42,11.06,256599
2015-04-02,11.3,11.66,11.89,11.3,391007
2015-04-03,11.66,11.55,11.71,11.41,245227
2015-04-07,11.59,11.41,11.59,11.21,382088
2015-04-08,11.41,11.47,11.67,11.25,298805
2015-04-09,11.47,11.33,11.7,11.01,266264
2015-04-10,11.28,11.51,11.56,11.17,308036
2015-04-13,11.52,11.97,12.24,11.44,467435
2015-04-14,11.98,11.54,11.98,11.31,399937
2015-04-15,11.53,10.94,11.63,10.91,331988
2015-04-16,10.81,11.31,12.01,10.61,389882
2015-04-17,11.34,11.22,11.52,11.17,292382
2015-04-20,11.35,11.0,11.53,10.92,351009
2015-04-21,10.99,11.56,11.71,10.99,348387
2015-04-22,11.71,11.87,12.01,11.6,473580
2015-04-23,11.9,13.13,13.13,11.72,729200
2015-04-24,13.21,13.51,13.96,13.2,637611
2015-04-27,13.49,13.37,14.19,13.24,463875
2015-04-28,13.32,12.5,13.32,12.31,405855
2015-04-29,12.39,12.5,12.71,12.32,292240
2015-04-30,12.57,12.58,12.89,12.45,228042
2015-05-04,12.57,12.4,12.67,12.26,211175
2015-05-05,12.41,11.62,12.44,11.52,284247
2015-05-06,11.7,11.72,12.16,11.56,246011
2015-05-07,11.76,11.47,11.96,11.34,155880
2015-05-08,11.6,11.85,11.88,11.46,172912
2015-05-11,11.91,12.19,12.2,11.75,269734
2015-05-12,12.21,12.39,12.54,12.12,278031
2015-05-13,12.39,12.17,12.55,12.07,312450
2015-05-14,12.12,11.91,12.24,11.79,309549
2015-05-15,11.9,11.85,11.91,11.36,232437
2015-05-18,11.7,11.85,12.09,11.6,185824
2015-05-19,11.85,12.2,12.3,11.79,264709
2015-05-20,12.25,12.5,13.31,12.25,404367
2015-05-21,12.56,12.78,12.98,12.54,343593
2015-05-22,12.9,13.15,13.16,12.69,491728
2015-05-25,13.27,13.51,13.73,13.02,421193
2015-05-26,13.51,13.9,13.91,13.29,458815
2015-05-27,13.96,13.88,14.29,13.63,409129
2015-05-28,13.87,12.44,14.05,12.42,563173
2015-05-29,12.41,12.62,12.96,11.81,387968
2015-06-01,12.52,13.56,13.59,12.51,449259
2015-06-02,13.49,13.99,14.09,13.38,432729
2015-06-03,14.09,13.68,14.09,13.27,363467
2015-06-04,13.68,13.59,13.81,12.61,323433
2015-06-05,13.71,15.02,15.02,13.59,643697
2015-06-08,15.31,16.19,16.59,15.06,885298
2015-06-09,16.11,15.79,16.11,15.31,487258
2015-06-10,15.79,16.37,16.65,15.39,514802
2015-06-11,16.51,17.46,17.67,16.37,506233
2015-06-12,17.49,19.28,19.28,17.49,519401
2015-06-15,19.69,19.4,20.61,18.31,855296
2015-06-16,19.31,17.67,19.31,17.57,505236
2015-06-17,17.32,17.96,18.28,16.29,457315
2015-06-18,17.81,16.79,18.04,16.69,341455
2015-06-19,16.42,15.29,16.89,15.27,327298
2015-06-23,15.36,15.98,16.16,14.04,363268
2015-06-24,15.91,16.19,16.56,15.66,375732
2015-06-25,16.26,15.65,17.1,15.39,429560
2015-06-26,14.92,14.02,15.22,14.02,398892
2015-06-29,14.31,13.24,14.9,12.55,505668
2015-06-30,13.3,14.63,14.63,12.41,430854
2015-07-01,14.41,13.76,15.37,13.71,429561
2015-07-02,14.19,12.44,14.31,12.39,392083
2015-07-03,11.81,11.13,12.81,11.13,411319
2015-07-06,12.31,10.16,12.31,9.95,619219
2015-07-07,9.93,9.08,9.93,9.08,280016
2015-07-08,8.1,8.1,8.77,8.1,978042
2015-07-09,8.05,8.97,8.97,8.03,323224
2015-07-10,9.29,9.93,9.93,9.19,328784
2015-07-13,10.79,10.98,10.98,10.39,450620
2015-07-14,11.28,11.27,12.05,10.87,547346
2015-07-15,10.86,10.08,11.12,10.08,311922
2015-07-16,10.08,10.34,10.84,9.4,329831
2015-07-17,10.49,11.24,11.39,10.39,279228
2015-07-20,11.25,11.32,11.56,10.95,336468
2015-07-21,11.06,11.35,11.51,10.89,266385
2015-07-22,11.26,11.38,11.49,10.95,256464
2015-07-23,11.35,11.83,11.98,11.19,335746
2015-07-24,11.78,11.39,12.05,11.21,362856
2015-07-27,11.21,10.19,11.68,10.19,373084
2015-07-28,9.77,10.28,10.49,9.19,357131
2015-07-29,10.41,10.83,10.89,9.85,249938
2015-07-30,10.77,10.38,10.98,10.25,233016
2015-07-31,10.17,10.36,10.54,10.16,164337
2015-08-03,10.05,10.53,10.57,9.91,195932
2015-08-04,10.5,11.15,11.19,10.5,197781
2015-08-05,11.1,10.81,11.22,10.65,168848
2015-08-06,10.61,10.77,10.89,10.41,114148
2015-08-07,10.84,11.04,11.17,10.84,160356
2015-08-10,11.18,11.7,11.85,11.07,300999
2015-08-11,11.56,11.55,11.74,11.4,285128
2015-08-12,11.3,11.17,11.55,11.14,212314
2015-08-13,11.1,11.56,11.58,11.06,224468
2015-08-14,11.56,11.63,11.79,11.49,247138
2015-08-17,11.65,12.37,12.5,11.57,371943
2015-08-18,12.29,11.07,12.54,11.07,350246
2015-08-19,10.6,11.43,11.57,10.25,246263
2015-08-20,11.24,10.73,11.56,10.69,194804
2015-08-21,10.5,10.11,10.74,9.89,169649
2015-08-24,9.72,9.04,9.82,9.04,195078
2015-08-25,8.12,8.08,8.68,8.08,244257
2015-08-26,8.29,7.85,8.61,7.69,200911
2015-08-27,8.14,8.51,8.58,7.86,168674
2015-08-28,8.64,9.06,9.14,8.52,199891
2015-08-31,8.89,8.61,8.93,8.58,148853
2015-09-01,8.63,8.15,8.64,8.0,106122
2015-09-02,7.79,8.32,8.45,7.39,190237
2015-09-07,8.25,8.39,8.75,8.25,103013
2015-09-08,8.42,8.79,8.81,8.22,89497
2015-09-09,8.83,9.11,9.16,8.75,160366
2015-09-10,8.94,8.82,9.01,8.75,100043
2015-09-11,8.86,8.76,8.91,8.6,78670
2015-09-14,8.83,8.01,8.88,7.92,109414
2015-09-15,7.89,7.59,8.11,7.52,87736
2015-09-16,7.67,8.32,8.41,7.63,89376
2015-09-17,8.24,8.11,8.47,8.09,102536
2015-09-18,8.17,8.17,8.26,8.02,58710
2015-09-21,8.06,8.44,8.46,8.04,76191
2015-09-22,8.49,8.5,8.59,8.26,92446
2015-09-23,8.29,8.26,8.42,8.19,64257
2015-09-24,8.32,8.44,8.46,8.24,72797
2015-09-25,8.89,8.54,9.1,8.42,293951
2015-09-28,8.78,8.53,8.81,8.28,194677
2015-09-29,8.3,8.2,8.35,8.09,114407
2015-09-30,8.23,8.22,8.33,8.18,56152
2015-10-08,8.47,8.54,8.61,8.42,135937
2015-10-09,8.54,8.64,8.66,8.48,116754
2015-10-12,8.7,9.01,9.12,8.66,249227
2015-10-13,8.95,9.1,9.11,8.86,174351
2015-10-14,9.04,8.88,9.11,8.85,142931
2015-10-15,8.84,9.18,9.24,8.84,194975
2015-10-16,9.24,9.29,9.35,9.04,212220
2015-10-19,9.37,9.41,9.53,9.24,233809
2015-10-20,9.37,9.45,9.46,9.21,146290
2015-10-21,9.41,8.75,9.46,8.64,201970
2015-10-22,8.73,8.97,9.01,8.69,109800
2015-10-23,8.99,9.24,9.26,8.97,166846
2015-10-26,9.35,9.4,9.43,9.2,179743
2015-10-27,9.57,10.38,10.4,9.55,509505
2015-10-28,10.19,9.83,10.27,9.74,262271
2015-10-29,9.94,9.88,10.05,9.74,151544
2015-10-30,9.82,9.72,9.95,9.61,125431
2015-11-02,9.41,9.55,9.9,9.41,131984
2015-11-03,9.59,9.86,9.88,9.53,125412
2015-11-04,9.8,10.23,10.27,9.79,199311
2015-11-05,10.24,10.28,10.37,10.03,245020
2015-11-06,10.19,10.42,10.48,10.14,180014
2015-11-09,10.36,10.25,10.49,10.2,324124
2015-11-10,10.24,10.2,10.36,10.05,209420
2015-11-11,10.21,10.34,10.35,10.13,178074
2015-11-12,10.34,10.23,10.38,10.1,200812
2015-11-13,10.08,9.98,10.18,9.89,131141
2015-11-16,9.8,10.11,10.12,9.77,103839
2015-11-17,10.15,10.01,10.33,9.94,205505
2015-11-18,10.01,10.01,10.19,9.96,102605
2015-11-19,10.09,10.31,10.32,10.04,137285
2015-11-20,10.32,10.27,10.36,10.12,144695
2015-11-23,10.22,10.2,10.37,10.15,144327
2015-11-24,10.18,10.14,10.23,9.93,100537
2015-11-25,10.09,10.24,10.25,10.05,121323
2015-11-26,10.31,10.33,10.37,10.13,169709
2015-11-27,10.26,9.52,10.26,9.38,167424
2015-11-30,9.63,9.4,9.66,8.96,155384
2015-12-01,9.4,9.45,9.54,9.31,93201
2015-12-02,9.46,9.73,9.75,9.4,145818
2015-12-03,9.72,9.89,10.0,9.62,122394
2015-12-04,9.76,9.76,9.85,9.65,93399
2015-12-07,9.8,9.88,9.96,9.67,95563
2015-12-08,9.82,9.54,9.82,9.51,94823
2015-12-09,9.53,9.57,9.65,9.48,52945
2015-12-10,9.53,9.58,9.7,9.51,56773
2015-12-11,9.56,9.68,9.69,9.41,70570
2015-12-14,9.61,9.85,9.87,9.54,89987
2015-12-15,9.86,9.91,10.04,9.8,100239
2015-12-16,9.96,9.92,10.04,9.9,79802
2015-12-17,9.99,10.31,10.37,9.59,203051
2015-12-18,10.28,10.71,10.75,10.12,293058
2015-12-21,10.71,11.07,11.36,10.61,363857
2015-12-22,11.06,11.04,11.11,10.79,189548
2015-12-23,11.14,10.53,11.16,10.41,248565
2015-12-24,10.56,10.65,10.74,10.5,121617
2015-12-25,10.61,10.57,10.75,10.44,156129
2015-12-28,10.63,10.19,10.67,10.17,236954
2015-12-29,10.15,10.5,10.51,10.13,117592
2015-12-30,10.52,10.45,10.53,10.29,113476
2015-12-31,10.45,10.38,10.67,10.35,143446
2016-01-04,10.34,9.4,10.34,9.39,122587
2016-01-05,9.08,9.47,9.67,8.99,156120
2016-01-06,9.47,9.69,9.71,9.43,95391
2016-01-07,9.5,8.81,9.53,8.74,32956
2016-01-08,9.17,9.05,9.22,8.61,137541
2016-01-11,8.9,8.36,9.02,8.35,134655
2016-01-12,8.44,8.4,8.54,8.22,83704
2016-01-13,8.52,8.09,8.56,8.08,85522
2016-01-14,7.89,8.36,8.39,7.79,78204
2016-01-15,8.28,7.94,8.46,7.87,81504
2016-01-18,7.92,8.1,8.18,7.79,58554
2016-01-19,8.09,8.4,8.42,8.05,76381
2016-01-20,8.31,8.3,8.46,8.19,65732
2016-01-21,8.26,8.05,8.39,8.04,56393
2016-01-22,8.18,8.3,8.31,7.99,54992
2016-01-25,8.37,8.35,8.49,8.24,53377
2016-01-26,8.19,7.47,8.27,7.45,109308
2016-01-27,7.49,7.59,7.71,7.26,102499
2016-01-28,7.51,7.28,7.66,7.21,74325
2016-01-29,7.29,7.48,7.57,7.23,86176
2016-02-01,7.48,7.37,7.53,7.24,67884
2016-02-02,7.44,7.57,7.61,7.37,85305
2016-02-03,7.48,7.53,7.57,7.39,64530
2016-02-04,7.56,7.64,7.72,7.49,97374
2016-02-05,7.62,7.57,7.68,7.57,76255
2016-02-15,7.33,7.5,7.54,7.23,57125
2016-02-16,7.54,7.78,7.79,7.52,102987
2016-02-17,7.74,7.91,7.98,7.7,98738
2016-02-18,8.06,7.86,8.12,7.8,102804
2016-02-19,7.84,7.86,7.92,7.79,69756
2016-02-22,7.94,8.09,8.14,7.89,96385
2016-02-23,8.09,8.09,8.24,7.97,102075
2016-02-24,8.05,8.13,8.15,7.93,77879
2016-02-25,8.09,7.45,8.12,7.39,109978
2016-02-26,7.57,7.66,7.76,7.46,63825
2016-02-29,7.66,7.45,7.66,7.25,85466
2016-03-01,7.52,7.68,7.75,7.4,57366
2016-03-02,7.67,8.01,8.08,7.63,103438
2016-03-03,8.0,7.95,8.13,7.93,109705
2016-03-04,7.9,7.86,8.03,7.75,80717
2016-03-07,7.89,8.02,8.08,7.89,67851
2016-03-08,7.98,7.97,8.05,7.64,78511
2016-03-09,7.83,7.74,7.91,7.69,52825
2016-03-10,7.76,7.64,7.86,7.63,49369
2016-03-11,7.61,7.65,7.69,7.54,50474
2016-03-14,7.75,8.01,8.02,7.72,96655
2016-03-15,7.96,7.93,8.01,7.87,51392
2016-03-16,7.97,7.95,8.11,7.9,58601
2016-03-17,7.99,8.11,8.18,7.94,75034
2016-03-18,8.14,8.28,8.35,8.07,109500
2016-03-21,8.32,8.41,8.46,8.29,104161
2016-03-22,8.39,8.38,8.55,8.31,87585
2016-03-23,8.34,8.36,8.43,8.18,81229
2016-03-24,8.29,8.15,8.36,8.14,89157
2016-03-25,8.17,8.33,8.34,8.13,63515
2016-03-28,8.33,8.25,8.53,8.18,95759
2016-03-29,8.28,8.36,8.48,8.19,122630
2016-03-30,8.39,8.73,8.75,8.39,146438
2016-03-31,8.6,8.57,8.74,8.56,113104
2016-04-01,8.7,8.73,9.07,8.7,210531
2016-04-05,8.74,8.84,8.94,8.67,114127
2016-04-06,8.77,8.81,8.88,8.74,76969
2016-04-07,8.84,8.59,8.85,8.57,92565
2016-04-08,8.49,8.52,8.58,8.43,57996
2016-04-11,8.59,8.61,8.65,8.4,106258
2016-04-12,8.55,8.49,8.59,8.41,65822
2016-04-13,8.53,8.63,8.74,8.5,102296
2016-04-14,8.65,8.62,8.69,8.5,103301
2016-04-15,8.6,8.58,8.64,8.52,69601
2016-04-18,8.54,8.56,8.66,8.51,87405
2016-04-19,8.56,8.76,8.83,8.56,125661
2016-04-20,8.78,8.3,8.79,8.19,120150
2016-04-21,8.27,8.2,8.42,8.19,63138
2016-04-22,8.17,8.25,8.27,8.15,43635
2016-04-25,8.29,8.09,8.29,7.97,86399
2016-04-26,8.11,8.14,8.17,8.01,52455
2016-04-27,8.13,8.26,8.36,8.12,70139
2016-04-28,8.27,8.21,8.28,8.05,48578
2016-04-29,8.17,8.4,8.47,8.17,79606
2016-05-03,8.37,8.82,8.95,8.37,183709
2016-05-04,8.82,8.73,8.88,8.67,115648
2016-05-05,8.69,8.74,8.77,8.6,65254
2016-05-06,8.99,8.66,9.16,8.61,241139
2016-05-09,8.55,8.54,8.69,8.28,123830
2016-05-10,8.56,8.76,8.85,8.5,140484
2016-05-11,8.98,8.97,9.49,8.89,418535
2016-05-12,8.79,9.04,9.07,8.6,236992
2016-05-13,8.95,8.89,9.29,8.77,204155
2016-05-16,8.79,8.98,8.98,8.58,156125
2016-05-17,8.98,8.75,9.09,8.71,129307
2016-05-18,8.63,8.36,8.71,8.24,158580
2016-05-19,8.3,8.29,8.46,8.24,98377
2016-05-20,8.2,8.3,8.32,8.12,82227
2016-05-23,8.35,8.37,8.41,8.29,89968
2016-05-24,8.56,8.81,9.21,8.56,344960
2016-05-25,8.86,8.78,8.86,8.62,148095
2016-05-26,8.71,8.77,8.79,8.44,135151
2016-05-27,8.8,8.73,8.93,8.68,113705
2016-05-30,8.69,8.48,8.69,8.45,96779
2016-05-31,8.43,8.83,8.88,8.43,166496
2016-06-01,8.83,8.88,8.99,8.79,151138
2016-06-02,8.85,9.23,9.24,8.82,257364
2016-06-03,9.16,9.22,9.63,9.04,309060
2016-06-06,9.23,9.16,9.28,9.07,142162
2016-06-07,9.18,9.36,9.42,9.06,162381
2016-06-08,9.34,9.16,9.44,9.1,140379
2016-06-13,8.99,8.7,9.15,8.69,157088
2016-06-14,8.7,8.86,8.88,8.7,88597
2016-06-15,8.74,9.13,9.14,8.72,123670
2016-06-16,9.09,9.2,9.35,9.0,156112
2016-06-17,9.17,9.25,9.34,9.17,130038
2016-06-20,9.27,9.56,9.57,9.13,175965
2016-06-21,9.55,9.3,9.66,9.29,161656
2016-06-22,9.32,9.45,9.49,9.24,77249
2016-06-23,9.44,9.27,9.45,9.19,89292
2016-06-24,9.29,9.21,9.39,9.04,112765
2016-06-27,9.21,9.44,9.46,9.11,100799
2016-06-28,9.41,9.54,9.63,9.36,116672
2016-06-29,9.56,9.48,9.62,9.41,89369
2016-06-30,9.52,9.68,9.8,9.45,138115
2016-07-01,9.66,9.69,9.76,9.55,83891
2016-07-04,9.63,9.75,9.85,9.59,102806
2016-07-05,9.74,9.86,9.89,9.69,115344
2016-07-06,9.84,10.17,10.31,9.75,246771
2016-07-07,10.2,9.92,10.21,9.87,195928
2016-07-08,9.85,9.82,9.96,9.77,114388
2016-07-11,9.84,10.11,10.36,9.82,228541
2016-07-12,10.11,10.19,10.44,10.04,186934
2016-07-13,10.19,10.12,10.31,10.06,169156
2016-07-14,10.15,10.32,10.49,10.14,197864
2016-07-15,10.17,10.18,10.32,10.11,105796
2016-07-18,10.19,10.08,10.25,10.06,92295
2016-07-19,10.05,9.95,10.09,9.85,110969
2016-07-20,9.98,9.99,10.12,9.95,71291
2016-07-21,10.03,10.06,10.13,9.99,57023
2016-07-22,10.11,9.81,10.11,9.77,84569
2016-07-25,9.78,9.87,9.98,9.74,76309
2016-07-26,9.88,10.02,10.03,9.8,58595
2016-07-27,10.08,9.63,10.13,9.29,157645
2016-07-28,9.58,9.66,9.72,9.51,82421
2016-07-29,9.67,9.61,9.77,9.59,56506
2016-08-01,9.55,9.46,9.59,9.29,77163
2016-08-02,9.44,9.52,9.53,9.38,60707
2016-08-03,9.5,9.49,9.54,9.44,38105
2016-08-04,9.5,9.6,9.61,9.45,54183
2016-08-05,9.6,9.48,9.65,9.39,76420
2016-08-08,9.48,9.62,9.63,9.39,56386
2016-08-09,9.62,9.73,9.73,9.58,67645
2016-08-10,9.74,9.62,9.74,9.59,52253
2016-08-11,9.61,9.55,9.67,9.53,47539
2016-08-12,9.57,9.67,9.7,9.5,63105
2016-08-15,9.69,9.9,9.96,9.64,108509
2016-08-16,9.94,9.92,9.99,9.85,68946
2016-08-17,9.89,10.03,10.15,9.87,100978
2016-08-18,10.03,9.94,10.06,9.9,73441
2016-08-19,9.97,10.0,10.02,9.9,49581
2016-08-22,10.04,10.04,10.27,9.99,145115
2016-08-23,10.08,10.13,10.26,10.0,91463
2016-08-24,10.16,9.99,10.17,9.91,64536
2016-08-25,10.0,9.91,10.0,9.75,68659
2016-08-26,9.92,10.11,10.13,9.88,86676
2016-08-29,10.05,10.26,10.36,10.05,125525
2016-08-30,10.27,10.13,10.34,10.1,59915
2016-08-31,10.14,10.34,10.39,10.14,139410
2016-09-01,10.38,10.05,10.39,10.01,135194
2016-09-02,9.99,9.91,10.04,9.85,74492
2016-09-05,9.91,9.91,10.0,9.78,86108
2016-09-06,9.91,9.99,10.01,9.74,102361
2016-09-07,9.99,9.85,10.05,9.79,120965
2016-09-08,9.85,9.88,9.9,9.82,43016
2016-09-09,9.88,9.8,9.97,9.79,63673
2016-09-12,9.67,9.4,9.67,9.37,95311
2016-09-13,9.45,9.45,9.52,9.36,53714
2016-09-14,9.39,9.46,9.5,9.29,51184
2016-09-19,9.46,9.5,9.54,9.43,43023
2016-09-20,9.59,9.48,9.59,9.45,35513
2016-09-21,9.51,9.5,9.55,9.41,62261
2016-09-22,9.52,9.63,9.66,9.48,62061
2016-09-23,9.6,9.59,9.65,9.55,44302
2016-09-26,9.52,9.33,9.64,9.3,50079
2016-09-27,9.37,9.41,9.44,9.25,41957
2016-09-28,9.48,9.37,9.48,9.36,28456
2016-09-29,9.39,9.44,9.51,9.37,27492
2016-09-30,9.41,9.48,9.55,9.41,32208
2016-10-10,9.52,9.63,9.67,9.48,65880
2016-10-11,9.67,9.64,9.73,9.61,43530
2016-10-12,9.62,9.72,9.75,9.57,55714
2016-10-13,9.8,9.69,9.8,9.65,33678
2016-10-14,9.73,9.65,9.74,9.63,34088
2016-10-17,9.67,9.58,9.73,9.54,35989
2016-10-18,9.62,9.75,9.77,9.56,47695
2016-10-19,9.75,9.66,9.82,9.6,41223
2016-10-20,9.67,9.63,9.71,9.6,32495
2016-10-21,9.66,9.59,9.67,9.46,49848
2016-10-24,9.6,9.71,9.74,9.56,57514
2016-10-25,9.73,9.78,9.78,9.66,56446
2016-10-26,9.75,9.88,10.12,9.74,161782
2016-10-27,9.79,9.75,9.84,9.64,86637
2016-10-28,9.74,9.73,9.78,9.67,45971
2016-10-31,9.74,9.67,9.74,9.59,50340
2016-11-01,9.68,9.73,9.74,9.65,44009
2016-11-02,9.7,9.64,9.7,9.62,46581
2016-11-03,9.63,9.52,9.63,9.37,132908
2016-11-04,9.49,9.53,9.53,9.42,68930
2016-11-07,9.52,9.56,9.6,9.47,54956
2016-11-08,9.57,9.57,9.62,9.53,51618
2016-11-09,9.55,9.53,9.59,9.4,55682
2016-11-10,9.57,9.58,9.67,9.56,80042
2016-11-11,9.61,9.59,9.61,9.53,79425
2016-11-14,9.59,9.59,9.64,9.55,84611
2016-11-15,9.6,9.66,9.69,9.53,91053
2016-11-16,9.66,9.62,9.66,9.57,51870
2016-11-17,9.64,9.58,9.64,9.55,38214
2016-11-18,9.59,9.6,9.66,9.58,45568
2016-11-21,9.55,9.62,9.66,9.54,57035
2016-11-22,9.62,9.64,9.65,9.57,69299
2016-11-23,9.66,9.63,9.7,9.62,74805
2016-11-24,9.64,9.84,9.87,9.63,174157
2016-11-25,9.81,9.74,9.84,9.65,98400
2016-11-28,9.74,9.76,9.83,9.72,82433
2016-11-29,9.74,9.81,9.89,9.72,115106
2016-11-30,9.83,9.76,10.02,9.75,100675
2016-12-01,9.72,9.74,9.84,9.65,87216
2016-12-02,9.75,9.46,9.76,9.42,105403
2016-12-05,9.41,9.5,9.52,9.38,74024
2016-12-06,9.48,9.42,9.53,9.41,53005
2016-12-07,9.44,9.49,9.49,9.4,38475
2016-12-08,9.49,9.51,9.63,9.46,61679
2016-12-09,9.49,9.52,9.6,9.44,50656
2016-12-12,9.53,9.0,9.57,8.89,121293
2016-12-13,9.03,9.17,9.19,8.9,65537
2016-12-14,9.13,9.13,9.26,9.11,46417
2016-12-15,9.15,9.15,9.29,9.07,55399
2016-12-16,9.19,9.3,9.31,9.12,66740
2016-12-19,9.3,9.28,9.3,9.21,31231
2016-12-20,9.27,9.18,9.28,9.13,29595
2016-12-21,9.18,9.26,9.29,9.18,53175
2016-12-22,9.27,9.29,9.32,9.2,36786
2016-12-23,9.26,9.41,9.63,9.26,119607
2016-12-26,9.41,9.56,9.64,9.4,93288
2016-12-27,9.54,9.64,9.74,9.48,102900
2016-12-28,9.6,9.57,9.65,9.5,35801
2016-12-29,9.62,9.62,9.71,9.54,57666
2016-12-30,9.69,9.63,9.69,9.5,58673
2017-01-03,9.66,9.71,9.75,9.58,53369
2017-01-04,9.73,9.75,9.77,9.65,58854
2017-01-05,9.71,9.84,9.94,9.71,89691
2017-01-06,9.81,9.86,9.93,9.69,99308
2017-01-09,9.87,9.95,10.07,9.87,122269
2017-01-10,9.94,9.8,10.01,9.77,96805
2017-01-11,9.8,9.74,9.81,9.64,71545
2017-01-12,9.75,9.7,9.77,9.67,35517
2017-01-13,9.69,9.42,9.75,9.39,64171
2017-01-16,9.46,9.3,9.56,9.13,97642
2017-01-17,9.25,9.47,9.51,9.25,46311
2017-01-18,9.42,9.48,9.59,9.39,55427
2017-01-19,9.43,9.35,9.5,9.32,49592
2017-01-20,9.37,9.45,9.48,9.35,43389
2017-01-23,9.5,9.47,9.54,9.44,41431
2017-01-24,9.46,9.85,9.96,9.46,174192
2017-01-25,9.87,9.86,9.9,9.75,74022
2017-01-26,9.91,9.9,9.91,9.78,70235
2017-02-03,9.88,9.85,9.94,9.81,60291
2017-02-06,9.81,9.92,9.93,9.77,74990
2017-02-07,9.92,9.84,9.97,9.74,69599
2017-02-08,9.84,9.96,9.99,9.74,85793
2017-02-09,10.11,10.66,11.02,10.11,753512
2017-02-10,10.51,10.47,10.68,10.44,332723
2017-02-13,10.45,10.5,10.69,10.38,284118
2017-02-14,10.44,10.57,10.63,10.42,167011
2017-02-15,10.58,10.33,10.63,10.29,173088
2017-02-16,10.3,10.39,10.46,10.25,130640
2017-02-17,10.39,10.45,10.62,10.35,180260
2017-02-20,10.48,10.73,10.85,10.45,201602
2017-02-21,10.75,10.63,10.78,10.55,135991
2017-02-22,10.6,10.68,10.75,10.55,130881
2017-02-23,10.7,10.47,10.7,10.42,126923
2017-02-24,10.44,10.49,10.55,10.38,82998
2017-02-27,10.47,10.22,10.49,10.19,126145
2017-02-28,10.2,10.26,10.27,10.15,62612
2017-03-01,10.26,10.19,10.35,10.17,81078
2017-03-02,10.23,10.13,10.26,10.08,75645
2017-03-03,10.1,10.13,10.21,10.05,61891
2017-03-06,10.16,10.21,10.26,10.08,77629
2017-03-07,10.24,10.22,10.25,9.98,140634
2017-03-08,10.18,10.1,10.18,10.06,69420
2017-03-09,10.1,9.98,10.11,9.91,78159
2017-03-10,10.02,10.0,10.12,9.95,62442
2017-03-13,10.0,10.09,10.11,9.94,74149
2017-03-14,10.09,9.99,10.12,9.9,84845
2017-03-15,9.99,9.96,10.06,9.9,66371
2017-03-16,9.97,10.07,10.08,9.95,70666
2017-03-17,10.06,10.02,10.14,10.01,88747
2017-03-20,10.01,9.9,10.04,9.83,91663
2017-03-21,9.91,10.12,10.14,9.89,132974
2017-03-22,10.04,10.06,10.14,9.93,87743
2017-03-23,10.06,10.07,10.13,9.93,89428
2017-03-24,10.08,10.19,10.22,10.03,123466
2017-03-27,10.2,10.12,10.24,10.09,104604
2017-03-28,10.1,10.0,10.14,9.95,74635
2017-03-29,10.0,9.8,10.03,9.8,106730
2017-03-30,9.8,9.58,9.81,9.51,93580
2017-03-31,9.61,9.6,9.64,9.52,55475
2017-04-05,9.62,9.75,9.77,9.59,59510
2017-04-06,9.75,9.82,9.89,9.66,80082
2017-04-07,9.79,9.81,9.89,9.78,53453
2017-04-10,9.74,9.63,9.81,9.59,56137
2017-04-11,9.66,9.71,9.73,9.6,53759
2017-04-12,9.72,9.74,9.89,9.62,85953
2017-04-13,9.71,9.79,9.87,9.71,47164
2017-04-14,9.76,9.62,9.82,9.6,57712
2017-04-17,9.6,9.72,9.78,9.52,56958
2017-04-18,9.72,9.41,9.8,9.39,75757
2017-04-19,9.39,9.47,9.56,9.35,90783
2017-04-20,9.43,9.75,9.86,9.41,108186
2017-04-21,9.67,9.69,9.8,9.65,42909
2017-04-24,9.69,9.32,9.72,9.27,98039
2017-04-25,9.3,9.29,9.41,9.24,48054
2017-04-26,9.38,9.41,9.63,9.38,73182
2017-04-27,9.39,9.37,9.44,9.14,75553
2017-04-28,9.27,9.05,9.29,9.02,123188
2017-05-02,9.0,8.85,9.03,8.82,92042
2017-05-03,8.85,8.83,8.92,8.76,49542
2017-05-04,8.82,8.79,8.89,8.74,49456
2017-05-05,8.78,8.69,8.81,8.67,51837
2017-05-08,8.72,8.55,8.72,8.54,41211
2017-05-09,8.54,8.62,8.65,8.52,33777
2017-05-10,8.67,8.41,8.68,8.4,47225
2017-05-11,8.39,8.34,8.43,8.19,64623
2017-05-12,8.45,8.39,8.48,8.34,40741
2017-05-15,8.41,8.47,8.59,8.41,42636
2017-05-16,8.53,8.65,8.67,8.43,53770
2017-05-17,8.68,8.59,8.75,8.56,52498
2017-05-18,8.55,8.54,8.65,8.53,31583
2017-05-19,8.54,8.56,8.65,8.52,23538
2017-05-22,8.56,8.32,8.62,8.27,68094
2017-05-23,8.33,8.15,8.38,8.15,44892
2017-05-24,8.16,8.26,8.28,8.03,48598
2017-05-25,8.27,8.34,8.38,8.16,58779
2017-05-26,8.35,8.35,8.44,8.29,41088
2017-05-31,8.44,8.33,8.5,8.31,56603
2017-06-01,8.34,8.21,8.39,8.19,40094
2017-06-02,8.22,8.3,8.32,8.14,47070
2017-06-05,8.28,8.35,8.36,8.26,38781
2017-06-06,8.38,8.39,8.41,8.34,24113
2017-06-07,8.39,8.56,8.56,8.36,58257
2017-06-08,8.55,8.61,8.65,8.53,51622
2017-06-09,8.6,8.69,8.83,8.58,75738
2017-06-12,8.64,8.68,8.78,8.63,49400
2017-06-13,8.69,8.68,8.74,8.61,33026
2017-06-14,8.69,8.71,8.76,8.64,29688
2017-06-15,8.69,8.69,8.74,8.63,40134
2017-06-16,8.68,8.63,8.73,8.6,35934
2017-06-19,8.62,8.78,8.78,8.62,47185
2017-06-20,8.83,8.72,8.83,8.7,37787
2017-06-21,8.74,8.74,8.76,8.62,41101
2017-06-22,8.71,8.62,8.76,8.61,48327
2017-06-23,8.61,8.58,8.63,8.47,52494
2017-06-26,8.57,8.69,8.72,8.53,45333
2017-06-27,8.69,8.76,8.81,8.68,52761
2017-06-28,8.7,8.66,8.75,8.64,37098
2017-06-29,8.68,8.69,8.75,8.64,23495
2017-06-30,8.71,8.74,8.75,8.66,24428
2017-07-03,8.76,8.72,8.76,8.64,33148
2017-07-04,8.71,8.61,8.72,8.6,36442
2017-07-05,8.62,8.68,8.7,8.61,27950
2017-07-06,8.66,8.65,8.69,8.6,34756
2017-07-07,8.63,8.66,8.66,8.6,26474
2017-07-10,8.66,8.69,8.7,8.64,36956
2017-07-11,8.69,8.66,8.75,8.65,53766
2017-07-12,8.66,8.5,8.68,8.46,60685
2017-07-13,8.5,8.51,8.54,8.45,41541
2017-07-14,8.51,8.58,8.59,8.46,44101
2017-07-17,8.57,8.21,8.57,8.2,77088
2017-07-18,8.23,8.3,8.31,8.14,34981
2017-07-19,8.25,8.39,8.39,8.23,34443
2017-07-20,8.38,8.45,8.47,8.37,30334
2017-07-21,8.41,8.43,8.48,8.4,24406
2017-07-24,8.43,8.53,8.55,8.39,40824
2017-07-25,8.53,8.45,8.53,8.39,34680
2017-07-26,8.44,8.44,8.47,8.4,24158
2017-07-27,8.42,8.59,8.61,8.38,58238
2017-07-28,8.54,8.75,8.81,8.53,105121
2017-07-31,8.77,9.08,9.21,8.77,216575
2017-08-01,9.09,8.98,9.09,8.9,96744
2017-08-02,8.99,8.94,9.02,8.89,75728
2017-08-03,8.96,9.04,9.06,8.91,68586
2017-08-04,9.0,9.06,9.15,8.95,94214
2017-08-07,9.01,9.12,9.18,8.99,79963
2017-08-08,9.07,9.02,9.09,8.95,62626
2017-08-09,8.95,9.26,9.32,8.95,137954
2017-08-10,9.21,9.34,9.69,9.21,224011
2017-08-11,9.22,8.94,9.41,8.89,169665
2017-08-14,8.97,9.1,9.16,8.94,73953
2017-08-15,9.07,9.03,9.18,8.98,64179
2017-08-16,8.99,8.94,9.04,8.81,80822
2017-08-17,8.97,9.03,9.04,8.92,49483
2017-08-18,8.96,8.98,9.02,8.93,47208
2017-08-21,8.99,9.11,9.12,8.97,61459
2017-08-22,9.11,8.97,9.13,8.93,53652
2017-08-23,8.95,8.92,9.0,8.87,29444
2017-08-24,8.9,8.89,8.95,8.85,33128
2017-08-25,8.91,9.04,9.06,8.86,52220
2017-08-28,9.07,9.07,9.11,9.01,65693
2017-08-29,9.07,9.11,9.12,9.03,39491
2017-08-30,9.14,9.12,9.16,9.05,42171
2017-08-31,9.08,9.12,9.35,9.08,37947
2017-09-01,9.08,9.14,9.15,9.03,39658
2017-09-04,9.13,9.16,9.17,9.07,44319
2017-09-05,9.17,9.11,9.19,9.08,37161
2017-09-06,9.13,9.09,9.13,9.03,51544
2017-09-07,9.13,9.1,9.2,9.07,49700
2017-09-08,9.1,9.09,9.12,9.0,46585
2017-09-11,9.09,9.11,9.15,9.06,42336
2017-09-12,9.1,9.25,9.29,9.07,88741
2017-09-13,9.22,9.29,9.34,9.19,94084
2017-09-14,9.29,9.19,9.29,9.11,66747
2017-09-15,9.17,9.11,9.17,9.06,52783
2017-09-18,9.09,9.24,9.25,9.06,55933
2017-09-19,9.16,9.19,9.3,9.15,62608
2017-09-20,9.19,9.42,9.47,9.16,131268
2017-09-21,9.47,9.41,9.47,9.3,75770
2017-09-22,9.39,9.3,9.4,9.19,65355
2017-09-25,9.26,9.24,9.31,9.2,43414
2017-09-26,9.24,9.15,9.27,9.1,45148
2017-09-27,9.11,9.1,9.17,9.07,35728
2017-09-28,9.09,9.16,9.25,9.07,45627
2017-09-29,9.17,9.21,9.25,9.12,45374
2017-10-09,9.27,9.29,9.37,9.18,84675
2017-10-10,9.3,9.36,9.42,9.26,54938
2017-10-11,9.38,9.6,9.77,9.32,215387
2017-10-12,9.6,9.51,9.61,9.44,97834
2017-10-13,9.51,9.56,9.67,9.46,70126
2017-10-16,9.58,9.41,9.74,9.39,97622
2017-10-17,9.41,9.36,9.48,9.34,41143
2017-10-18,9.36,9.27,9.43,9.27,45844
2017-10-19,9.25,9.44,9.53,9.24,88523
2017-10-20,9.39,9.27,9.41,9.17,85945
2017-10-23,9.27,9.38,9.39,9.21,77432
2017-10-24,9.35,9.22,9.37,9.2,59709
2017-10-25,9.19,9.13,9.25,9.06,87330
2017-10-26,9.17,9.2,9.33,9.16,78813
2017-10-27,9.15,9.34,9.41,9.09,100784
2017-10-30,9.27,9.05,9.33,8.96,84212
2017-10-31,9.05,9.14,9.15,9.01,37870
2017-11-01,9.09,9.13,9.21,9.06,32883
2017-11-02,9.08,9.04,9.13,8.96,42398
2017-11-03,9.03,8.84,9.05,8.81,46735
2017-11-06,8.84,8.9,8.93,8.77,36381
2017-11-07,8.92,9.0,9.11,8.83,64596
2017-11-08,8.99,8.99,9.09,8.97,39876
2017-11-09,8.99,9.0,9.14,8.98,33047
2017-11-10,8.99,9.22,9.23,8.95,76940
2017-11-13,9.25,9.19,9.25,9.09,50592
2017-11-14,9.21,9.08,9.24,8.99,43147
2017-11-15,9.07,8.98,9.16,8.95,39694
2017-11-16,8.98,8.97,9.07,8.91,36901
2017-11-17,9.01,8.63,9.01,8.54,77775
2017-11-20,8.63,8.66,8.68,8.46,37608
2017-11-21,8.64,8.65,8.73,8.57,26763
2017-11-22,8.67,8.69,8.72,8.61,32960
2017-11-23,8.71,8.47,8.71,8.46,34983
2017-11-24,8.47,8.46,8.52,8.44,18798
2017-11-27,8.46,8.44,8.51,8.36,25753
2017-11-28,8.44,8.49,8.5,8.42,14810
2017-11-29,8.5,8.47,8.52,8.38,25965
2017-11-30,8.49,8.51,8.52,8.38,26525
2017-12-01,8.48,8.54,8.55,8.39,27784
2017-12-04,8.52,8.62,8.65,8.47,37770
2017-12-05,8.62,8.46,8.69,8.38,29031
2017-12-06,8.44,8.52,8.54,8.38,27115
2017-12-07,8.52,8.54,8.58,8.44,21039
2017-12-08,8.54,8.56,8.58,8.49,13892
2017-12-11,8.54,8.6,8.63,8.54,19269
2017-12-12,8.59,8.58,8.71,8.56,41340
2017-12-13,8.58,8.68,8.68,8.54,27175
2017-12-14,8.66,8.6,8.67,8.56,19649
2017-12-15,8.58,8.51,8.62,8.51,16432
2017-12-18,8.51,8.52,8.62,8.51,13484
2017-12-19,8.53,8.63,8.65,8.53,24101
2017-12-20,8.64,8.57,8.65,8.57,27447
2017-12-21,8.58,8.52,8.6,8.5,26785
2017-12-22,8.52,8.71,8.79,8.46,77881
2017-12-25,8.65,8.71,8.93,8.65,87479
2017-12-26,8.69,8.97,9.06,8.67,121177
2017-12-27,8.9,8.86,8.95,8.78,59234
2017-12-28,8.87,8.88,8.96,8.78,59354
2017-12-29,8.85,8.88,8.91,8.74,47500
2018-01-02,8.92,8.86,8.93,8.81,35549
2018-01-03,8.86,8.87,8.92,8.82,42046
2018-01-04,8.84,8.92,8.97,8.84,43975
2018-01-05,8.94,9.17,9.18,8.92,102451
2018-01-08,9.15,9.06,9.15,8.97,61586
2018-01-09,9.03,9.01,9.11,8.96,72423
2018-01-10,9.03,8.95,9.03,8.81,50362
2018-01-11,8.95,8.92,8.95,8.84,28500
2018-01-12,8.9,8.91,8.95,8.74,45733
2018-01-15,8.89,8.63,8.89,8.6,57803
2018-01-16,8.65,8.85,8.88,8.63,54784
2018-01-17,8.83,8.74,8.84,8.7,36069
2018-01-18,8.71,8.78,8.9,8.71,37605
2018-01-19,8.77,8.72,8.85,8.69,38332
2018-01-22,8.72,8.83,8.87,8.7,47602
2018-01-23,8.84,8.79,8.85,8.74,38021
2018-01-24,8.81,8.78,8.81,8.68,40856
2018-01-25,8.99,8.89,9.08,8.84,80170
2018-01-26,8.93,9.24,9.46,8.93,190484
2018-01-29,9.19,9.09,9.3,9.01,97299
2018-01-30,9.03,9.09,9.1,8.95,46332
2018-01-31,9.04,9.04,9.22,8.96,62552
2018-02-01,8.95,8.53,9.0,8.5,111982
2018-02-02,8.55,8.32,8.63,8.27,64336
2018-02-05,8.15,8.24,8.33,8.1,44238
2018-02-06,8.1,7.91,8.16,7.83,74280
2018-02-07,8.02,7.91,8.12,7.78,49360
2018-02-08,7.85,7.95,8.01,7.85,30101
2018-02-09,7.76,7.7,7.83,7.59,49752
2018-02-12,7.82,7.82,7.87,7.7,25977
2018-02-13,7.87,7.76,7.92,7.75,30675
2018-02-14,7.82,7.84,7.85,7.77,19293
2018-02-22,7.91,7.94,7.97,7.86,22188
2018-02-23,7.93,7.94,8.03,7.9,16160
2018-02-26,7.95,8.01,8.04,7.92,25941
2018-02-27,8.01,7.94,8.03,7.87,42218
2018-02-28,7.86,7.89,7.95,7.82,33332
2018-03-01,7.88,7.91,7.93,7.84,34123
2018-03-02,7.85,7.88,7.92,7.85,23700
2018-03-05,7.88,7.91,7.92,7.87,19500
2018-03-06,7.93,7.99,8.02,7.89,37158
2018-03-07,7.97,8.04,8.11,7.96,52577
2018-03-08,8.02,8.09,8.1,8.0,34215
2018-03-09,8.06,8.12,8.14,8.06,36968
2018-03-12,8.12,8.18,8.21,8.12,44144
2018-03-13,8.18,8.16,8.21,8.13,34325
2018-03-14,8.18,8.06,8.2,8.04,29203
2018-03-15,8.04,8.05,8.12,8.02,39842
2018-03-16,8.09,8.05,8.23,8.04,47862
2018-03-19,8.04,8.01,8.06,7.99,34035
2018-03-20,8.01,8.0,8.01,7.89,27545
2018-03-21,7.97,7.95,8.05,7.94,33060
2018-03-22,7.97,7.94,8.0,7.92,22334
2018-03-23,7.77,7.69,7.83,7.59,56519
2018-03-26,7.61,7.7,7.73,7.55,29603
2018-03-27,7.75,7.74,7.82,7.65,49024
2018-03-28,7.67,7.71,7.78,7.65,29848
2018-03-29,7.71,7.79,7.81,7.69,29063
2018-03-30,7.83,7.82,7.91,7.79,43107
2018-04-02,7.84,7.81,7.87,7.8,35207
2018-04-03,7.8,7.93,7.95,7.73,63645
2018-04-04,7.89,7.88,8.0,7.84,53194
2018-04-09,7.86,7.9,7.91,7.81,39167
2018-04-10,7.9,7.9,7.94,7.84,32806
2018-04-11,7.92,7.94,7.97,7.89,28731
2018-04-12,7.94,7.98,8.02,7.91,33264
2018-04-13,7.98,7.95,8.01,7.91,23297
2018-04-16,7.93,7.84,7.97,7.82,31441
2018-04-17,7.85,7.74,7.88,7.73,29462
2018-04-18,7.76,7.85,7.86,7.73,28920
2018-04-19,7.85,7.84,7.91,7.82,28655
2018-04-20,7.84,7.56,7.86,7.51,65865
2018-04-23,7.53,7.51,7.62,7.43,36347
2018-04-24,7.5,7.59,7.64,7.49,28902
2018-04-25,7.56,7.64,7.64,7.53,28299
2018-04-26,7.59,7.51,7.64,7.48,26766
2018-04-27,7.54,7.53,7.57,7.49,23372
2018-05-02,7.57,7.66,7.67,7.53,41029
2018-05-03,7.65,7.83,7.85,7.58,60843
2018-05-04,7.83,7.83,7.92,7.74,37232
2018-05-07,7.78,8.02,8.03,7.78,52429
2018-05-08,8.01,8.08,8.14,7.95,51886
2018-05-09,8.08,8.1,8.12,7.98,47244
2018-05-10,8.1,8.08,8.15,7.99,47386
2018-05-11,8.04,8.08,8.14,8.02,30534
2018-05-14,8.08,8.04,8.14,8.03,32982
2018-05-15,8.05,8.31,8.34,8.04,69860
2018-05-16,8.29,8.4,8.59,8.22,84272
2018-05-17,8.41,8.42,8.53,8.33,53912
2018-05-18,8.47,8.37,8.47,8.27,41410
2018-05-21,8.41,8.4,8.45,8.29,35652
2018-05-22,8.39,8.29,8.39,8.24,40011
2018-05-23,8.32,8.43,8.58,8.28,70110
2018-05-24,8.45,8.27,8.45,8.24,42744
2018-05-25,8.27,8.29,8.39,8.25,25670
2018-05-28,8.29,8.53,8.72,8.19,90534
2018-05-29,8.49,8.52,8.75,8.48,108404
2018-05-30,8.47,8.34,8.48,8.21,73238
2018-05-31,8.42,8.82,8.94,8.37,140857
2018-06-01,8.79,8.49,8.81,8.38,130968
2018-06-04,8.49,8.6,8.68,8.39,92672
2018-06-05,8.55,8.92,8.94,8.5,167000
2018-06-06,8.89,8.83,8.9,8.73,97219
2018-06-07,8.83,8.63,8.86,8.58,93643
2018-06-08,8.63,8.51,8.68,8.39,87896
2018-06-11,8.41,8.27,8.5,8.19,82811
2018-06-12,8.23,8.45,8.47,8.21,73504
2018-06-13,8.39,8.32,8.45,8.29,58696
2018-06-14,8.29,8.2,8.47,8.19,55913
2018-06-15,8.18,8.04,8.26,7.94,69074
2018-06-19,7.99,7.66,8.23,7.46,116130
2018-06-20,7.69,7.82,7.89,7.62,80525
2018-06-21,7.83,7.62,7.86,7.61,52552
2018-06-22,7.59,7.84,7.99,7.49,61645
2018-06-25,7.91,7.87,8.02,7.83,44963
2018-06-26,7.81,7.85,7.93,7.76,34006
2018-06-27,7.87,7.64,7.9,7.61,38880
2018-06-28,7.65,7.6,7.72,7.57,32449
2018-06-29,7.6,7.74,7.78,7.6,35045
2018-07-02,7.74,7.66,7.92,7.59,50797
2018-07-03,7.67,7.59,7.69,7.39,68777
2018-07-04,7.53,7.49,7.57,7.44,33959
2018-07-05,7.49,7.26,7.54,7.24,41784
2018-07-06,7.31,7.27,7.35,7.14,49467
2018-07-09,7.29,7.49,7.53,7.23,69409
2018-07-10,7.48,7.54,7.56,7.42,37108
2018-07-11,7.41,7.37,7.44,7.28,31488
2018-07-12,7.37,7.57,7.61,7.37,42627
2018-07-13,7.59,7.66,7.67,7.54,33912
2018-07-16,7.6,7.61,7.66,7.54,24242
2018-07-17,7.62,7.64,7.65,7.53,24995
2018-07-18,7.61,7.59,7.72,7.57,36340
2018-07-19,7.59,7.47,7.63,7.43,27205
2018-07-20,7.44,7.53,7.58,7.41,26935
2018-07-23,7.49,7.68,7.75,7.45,55950
2018-07-24,7.7,7.82,7.93,7.63,53885
2018-07-25,7.81,7.82,7.87,7.75,29824
2018-07-26,7.81,7.77,7.89,7.74,28705
2018-07-27,7.79,7.83,7.92,7.74,42048
2018-07-30,7.7,7.61,7.75,7.52,77191
2018-07-31,7.61,7.62,7.62,7.49,35647
2018-08-01,7.62,7.52,7.64,7.5,36841
2018-08-02,7.5,7.33,7.51,7.24,46470
2018-08-03,7.34,7.35,7.38,7.24,30362
2018-08-06,7.34,7.27,7.38,7.22,26178
2018-08-07,7.29,7.39,7.41,7.24,32323
2018-08-08,7.43,7.32,7.44,7.31,31725
2018-08-09,7.32,7.47,7.53,7.3,41809
2018-08-10,7.42,7.37,7.5,7.28,68295
2018-08-13,7.29,7.32,7.32,7.17,52669
2018-08-14,7.29,7.28,7.32,7.22,29486
2018-08-15,7.28,7.21,7.29,7.17,37626
2018-08-16,7.16,7.11,7.21,7.08,30869
2018-08-17,7.17,7.06,7.18,7.05,26310
2018-08-20,7.04,7.0,7.08,6.86,43323
2018-08-21,7.0,7.08,7.08,6.98,30766
2018-08-22,7.07,6.96,7.07,6.93,24212
2018-08-23,6.95,6.98,7.04,6.95,23693
2018-08-24,6.97,6.98,7.03,6.95,14547
2018-08-27,6.99,7.1,7.12,6.99,35197
2018-08-28,7.09,7.09,7.13,7.06,26918
2018-08-29,7.1,6.99,7.11,6.95,32293
2018-08-30,6.98,6.95,7.0,6.92,21608
2018-08-31,6.95,6.9,6.97,6.88,21495
2018-09-03,6.89,6.91,6.92,6.83,15177
2018-09-04,6.91,6.96,6.98,6.86,40859
2018-09-05,6.92,6.87,6.93,6.86,17331
2018-09-06,6.87,6.82,6.89,6.79,18462
2018-09-07,6.84,6.82,6.92,6.8,21821
2018-09-10,6.82,6.72,6.87,6.72,24687
2018-09-11,6.74,6.73,6.76,6.7,13878
2018-09-12,6.73,6.72,6.75,6.69,14916
2018-09-13,6.75,6.73,6.79,6.63,28195
2018-09-14,6.73,6.79,6.85,6.64,45905
2018-09-17,6.73,6.71,6.79,6.68,22451
2018-09-18,6.72,6.83,6.85,6.68,26956
2018-09-19,6.81,6.89,6.95,6.81,43011
2018-09-20,6.9,6.85,6.9,6.81,17791
2018-09-21,6.86,6.92,6.94,6.81,57114
2018-09-25,6.89,6.86,6.94,6.85,28626
2018-09-26,6.88,6.97,7.08,6.86,67852
2018-09-27,6.97,6.92,7.01,6.91,39979
2018-09-28,6.95,6.94,6.98,6.87,28408
2018-10-08,6.86,6.75,6.86,6.74,33867
2018-10-09,6.75,6.8,6.86,6.75,21499
2018-10-10,6.83,6.79,6.87,6.77,17957
2018-10-11,6.68,6.23,6.68,6.2,66222
2018-10-12,6.19,6.22,6.31,5.98,59066
2018-10-15,6.22,6.12,6.25,6.11,28918
2018-10-16,6.12,6.01,6.17,5.98,34539
2018-10-17,6.06,6.1,6.14,6.01,25000
2018-10-18,6.08,5.95,6.09,5.95,17795
2018-10-19,5.89,6.12,6.13,5.85,45364
2018-10-22,6.14,6.38,6.46,6.13,58525
2018-10-23,6.34,6.23,6.41,6.22,41579
2018-10-24,6.2,6.23,6.3,6.18,19037
2018-10-25,6.12,6.19,6.23,6.07,24809
2018-10-26,6.2,6.22,6.27,6.18,12882
2018-10-29,6.24,6.08,6.24,6.03,18770
2018-10-30,6.07,6.15,6.23,6.02,20604
2018-10-31,6.24,6.17,6.27,6.12,28100
2018-11-01,6.2,6.24,6.27,6.18,33250
2018-11-02,6.29,6.36,6.38,6.28,35000
2018-11-05,6.37,6.35,6.39,6.27,28369
2018-11-06,6.34,6.32,6.34,6.25,24933
2018-11-07,6.31,6.28,6.36,6.26,35176
2018-11-08,6.29,6.3,6.35,6.26,28007
2018-11-09,6.29,6.27,6.32,6.25,14145
2018-11-12,6.28,6.39,6.39,6.24,38631
2018-11-13,6.33,6.5,6.54,6.3,56241
2018-11-14,6.49,6.45,6.51,6.39,41932
2018-11-15,6.45,6.5,6.5,6.42,34610
2018-11-16,6.51,6.61,6.74,6.47,70421
2018-11-19,6.62,6.62,6.67,6.39,55884
2018-11-20,6.56,6.45,6.64,6.42,36181
2018-11-21,6.39,6.49,6.5,6.39,18734
2018-11-22,6.49,6.61,6.65,6.47,39412
2018-11-23,6.61,6.39,6.62,6.36,27809
2018-11-26,6.32,6.35,6.47,6.31,21782
2018-11-27,6.39,6.34,6.41,6.34,12239
2018-11-28,6.38,6.43,6.45,6.32,16956
2018-11-29,6.45,6.34,6.53,6.34,22284
2018-11-30,6.32,6.35,6.41,6.29,19096
2018-12-03,6.49,6.59,6.61,6.45,39491
2018-12-04,6.56,6.6,6.62,6.54,27067
2018-12-05,6.52,6.56,6.64,6.47,28225
2018-12-06,6.57,6.5,6.59,6.49,26199
2018-12-07,6.52,6.55,6.58,6.5,13403
2018-12-10,6.52,6.46,6.54,6.43,14659
2018-12-11,6.46,6.47,6.51,6.44,14577
2018-12-12,6.49,6.52,6.54,6.46,17854
2018-12-13,6.53,6.61,6.68,6.48,35162
2018-12-14,6.59,6.46,6.59,6.37,28648
2018-12-17,6.44,6.4,6.47,6.35,19728
2018-12-18,6.34,6.34,6.41,6.29,18980
2018-12-19,6.34,6.29,6.39,6.28,14680
2018-12-20,6.28,6.26,6.31,6.23,16246
2018-12-21,6.27,6.23,6.28,6.2,15505
2018-12-24,6.23,6.24,6.26,6.19,22416
2018-12-25,6.21,6.17,6.21,6.09,22207
2018-12-26,6.2,6.14,6.2,6.11,15444
2018-12-27,6.21,6.14,6.23,6.13,18477
2018-12-28,6.14,6.19,6.22,6.14,19795
2019-01-02,6.22,6.12,6.23,6.08,22484
2019-01-03,6.12,6.1,6.17,6.09,15723
2019-01-04,6.1,6.24,6.31,6.06,28948
2019-01-07,6.25,6.29,6.33,6.24,31839
2019-01-08,6.29,6.32,6.36,6.25,19966
2019-01-09,6.32,6.33,6.44,6.29,31554
2019-01-10,6.33,6.33,6.38,6.31,21076
2019-01-11,6.32,6.41,6.41,6.31,21368
2019-01-14,6.41,6.31,6.42,6.29,23321
2019-01-15,6.32,6.51,6.53,6.31,42644
2019-01-16,6.51,6.46,6.53,6.43,27859
2019-01-17,6.47,6.4,6.49,6.4,13403
2019-01-18,6.4,6.49,6.51,6.4,27290
2019-01-21,6.52,6.5,6.59,6.49,23609
2019-01-22,6.52,6.45,6.53,6.44,22741
2019-01-23,6.49,6.49,6.52,6.44,16027
2019-01-24,6.5,6.47,6.53,6.44,15726
2019-01-25,6.5,6.44,6.51,6.42,16740
2019-01-28,6.45,6.41,6.53,6.39,18579
2019-01-29,6.43,6.31,6.44,6.27,18269
2019-01-30,6.35,6.27,6.38,6.27,19462
2019-01-31,6.27,6.21,6.34,6.12,26120
2019-02-01,6.23,6.34,6.38,6.23,22589
2019-02-11,6.34,6.47,6.5,6.32,26303
2019-02-12,6.47,6.52,6.57,6.47,29419
2019-02-13,6.55,6.57,6.59,6.51,40880
2019-02-14,6.58,6.68,6.83,6.56,71133
2019-02-15,6.68,6.64,6.71,6.62,30378
2019-02-18,6.65,6.78,6.78,6.65,58222
2019-02-19,6.76,6.75,6.8,6.73,37515
2019-02-20,6.75,6.74,6.79,6.69,24972
2019-02-21,6.69,6.68,6.77,6.62,44127
2019-02-22,6.65,6.77,6.79,6.61,49523
2019-02-25,6.81,7.01,7.03,6.76,93828
2019-02-26,6.96,7.04,7.15,6.96,85941
2019-02-27,6.98,7.08,7.26,6.92,78121
2019-02-28,7.02,7.03,7.14,6.97,50435
2019-03-01,7.04,7.15,7.19,7.04,54323
2019-03-04,7.18,7.32,7.42,7.1,98177
2019-03-05,7.32,7.36,7.36,7.25,54441
2019-03-06,7.36,7.33,7.42,7.25,90107
2019-03-07,7.33,7.37,7.4,7.27,75728
2019-03-08,7.3,7.14,7.32,7.04,79871
2019-03-11,7.1,7.29,7.3,7.07,67600
2019-03-12,7.3,7.53,7.59,7.29,131543
2019-03-13,7.53,7.4,7.53,7.35,61496
2019-03-14,7.36,7.27,7.44,7.19,44606
2019-03-15,7.29,7.42,7.48,7.29,50273
2019-03-18,7.44,7.69,7.79,7.39,110299
2019-03-19,7.63,7.6,7.69,7.55,72447
2019-03-20,7.65,7.73,7.87,7.6,103803
2019-03-21,7.71,7.71,7.84,7.61,82080
2019-03-22,7.71,7.64,7.75,7.53,66336
2019-03-25,7.56,7.56,7.66,7.47,44335
2019-03-26,7.57,7.43,7.7,7.41,48426
2019-03-27,7.43,7.52,7.52,7.28,37665
2019-03-28,7.45,7.43,7.55,7.42,32665
2019-03-29,7.41,7.67,7.68,7.41,54391
2019-04-01,7.71,7.8,7.81,7.65,92519
2019-04-02,7.8,7.76,7.8,7.72,52379
2019-04-03,7.74,7.89,7.93,7.68,98952
2019-04-04,7.89,8.01,8.08,7.79,104847
2019-04-08,8.14,8.37,8.73,8.14,205587
2019-04-09,8.57,8.33,8.57,8.21,104374
2019-04-10,8.34,8.65,8.74,8.3,167229
2019-04-11,8.65,8.21,8.65,8.19,109039
2019-04-12,8.18,8.15,8.28,8.1,57320
2019-04-15,8.26,8.01,8.31,7.99,80063
2019-04-16,8.01,8.12,8.16,7.89,63108
2019-04-17,8.07,8.14,8.16,8.01,59813
2019-04-18,8.09,8.04,8.15,8.0,41815
2019-04-19,8.03,8.24,8.29,8.01,71953
2019-04-22,8.25,8.24,8.45,8.18,66839
2019-04-23,8.29,8.14,8.35,8.1,46271
2019-04-24,8.14,8.05,8.19,7.87,48908
2019-04-25,7.93,7.56,7.93,7.55,119817
2019-04-26,7.57,7.52,7.63,7.45,47734
2019-04-29,7.51,7.29,7.58,7.22,71133
2019-04-30,7.29,7.39,7.42,7.29,42040
2019-05-06,7.25,6.97,7.28,6.8,70672
2019-05-07,6.95,7.05,7.11,6.95,40262
2019-05-08,6.89,7.04,7.15,6.87,31655
2019-05-09,7.16,7.37,7.58,7.16,119313
2019-05-10,7.49,7.49,7.64,7.36,88413
2019-05-13,7.48,8.15,8.27,7.34,169957
2019-05-14,7.97,8.07,8.17,7.89,91879
2019-05-15,8.11,8.57,8.77,8.02,195708
2019-05-16,8.54,8.73,8.84,8.45,191417
2019-05-17,8.74,8.57,8.8,8.37,217685
2019-05-20,8.58,8.45,8.6,8.07,168352
2019-05-21,8.5,9.34,9.34,8.43,244376
2019-05-22,9.78,9.01,9.78,9.01,329697
2019-05-23,9.04,9.02,9.35,8.94,237863
2019-05-24,8.9,9.14,9.74,8.9,229898
2019-05-27,9.24,9.37,9.4,8.79,202087
2019-05-28,9.29,8.97,9.33,8.94,196553
2019-05-29,8.89,8.94,9.15,8.89,118522
2019-05-30,8.91,9.05,9.05,8.59,145305
2019-05-31,8.93,8.84,9.09,8.71,135702
2019-06-03,8.81,8.65,9.04,8.6,95518
2019-06-04,8.67,8.79,8.94,8.34,157570
2019-06-05,8.84,8.79,9.01,8.72,88513
2019-06-06,8.84,8.39,8.88,8.36,94263
2019-06-10,8.45,8.44,8.55,8.29,69303
2019-06-11,8.46,8.74,8.84,8.42,150044
2019-06-12,8.72,8.52,8.77,8.47,96097
2019-06-13,8.52,8.52,8.59,8.39,57249
2019-06-14,8.53,7.97,8.55,7.97,121416
2019-06-17,8.03,7.96,8.13,7.93,63873
2019-06-18,7.95,8.0,8.06,7.94,42960
2019-06-19,8.14,8.01,8.22,7.99,65953
2019-06-20,7.97,8.27,8.31,7.91,136424
2019-06-21,8.25,8.38,8.44,8.18,128384
2019-06-24,8.36,8.46,8.66,8.29,127038
2019-06-25,8.44,8.55,8.58,8.25,101504
2019-06-26,8.44,8.49,8.57,8.42,61233
2019-06-27,8.52,8.73,8.85,8.49,137032
2019-06-28,8.69,8.55,8.77,8.54,87250
2019-07-01,8.66,8.84,8.93,8.62,126412
2019-07-02,8.86,9.37,9.65,8.81,246485
2019-07-03,9.34,9.26,9.59,9.11,221640
2019-07-04,9.28,9.05,9.29,8.95,119417
2019-07-05,9.09,9.07,9.18,8.89,104406
2019-07-08,9.02,8.7,9.03,8.65,93071
2019-07-09,8.77,9.16,9.34,8.77,197998
2019-07-10,9.24,9.11,9.39,9.04,121216
2019-07-11,9.21,8.9,9.26,8.82,129018
2019-07-12,8.99,8.93,9.19,8.88,111337
2019-07-15,8.95,8.98,9.01,8.78,119423
2019-07-16,8.93,8.64,8.93,8.64,140670
2019-07-17,8.62,8.62,8.8,8.57,62040
2019-07-18,8.55,8.4,8.61,8.39,84130
2019-07-19,8.41,8.4,8.54,8.37,58036
2019-07-22,8.39,8.32,8.47,8.21,63447
2019-07-23,8.26,8.49,8.51,8.25,48712
2019-07-24,8.47,8.52,8.56,8.45,44410
2019-07-25,8.51,8.52,8.53,8.39,45740
2019-07-26,8.51,8.47,8.59,8.45,49138
2019-07-29,8.49,8.42,8.51,8.39,32623
2019-07-30,8.47,8.47,8.52,8.42,25988
2019-07-31,8.46,8.22,8.46,8.22,48696
2019-08-01,8.2,8.22,8.28,8.09,45485
2019-08-02,8.01,7.98,8.08,7.9,71645
2019-08-05,7.95,7.83,7.98,7.74,59984
2019-08-06,7.7,7.62,7.75,7.53,59284
2019-08-07,7.62,7.64,7.71,7.54,39335
2019-08-08,7.66,7.72,7.79,7.66,40635
2019-08-09,7.75,7.73,7.81,7.61,37761
2019-08-12,7.73,7.95,7.97,7.71,51359
2019-08-13,7.89,7.93,7.96,7.82,28266
2019-08-14,7.98,8.09,8.13,7.98,53663
2019-08-15,7.93,8.09,8.13,7.85,38269
2019-08-16,8.11,8.28,8.45,8.09,91666
2019-08-19,8.29,8.33,8.41,8.19,78871
2019-08-20,8.32,8.24,8.33,8.14,76304
2019-08-21,8.19,8.14,8.3,8.12,56062
2019-08-22,8.15,8.2,8.27,8.15,57424
2019-08-23,8.22,8.19,8.24,8.13,34476
2019-08-26,8.07,7.99,8.07,7.96,42274
2019-08-27,8.02,8.15,8.18,7.97,35820
2019-08-28,8.14,8.18,8.21,8.0,28710
2019-08-29,8.23,8.11,8.23,8.1,24825
2019-08-30,8.11,8.17,8.3,8.11,62327
2019-09-02,8.17,8.21,8.25,8.11,52042
2019-09-03,8.19,8.19,8.23,8.11,30800
2019-09-04,8.17,8.16,8.19,8.1,35082
2019-09-05,8.18,8.19,8.31,8.18,52254
2019-09-06,8.19,8.26,8.26,8.16,40127
2019-09-09,8.29,8.28,8.34,8.18,48623
2019-09-10,8.27,8.23,8.27,8.17,40613
2019-09-11,8.25,8.58,8.74,8.19,148981
2019-09-12,8.54,8.51,8.57,8.42,61214
2019-09-16,8.51,8.7,8.74,8.44,69496
2019-09-17,8.67,8.57,8.82,8.53,72338
2019-09-18,8.57,8.78,8.87,8.57,92433
2019-09-19,8.75,8.76,8.77,8.57,59892
2019-09-20,8.75,8.72,8.83,8.67,55634
2019-09-23,8.75,8.46,8.75,8.37,60824
2019-09-24,8.51,8.59,8.72,8.47,64490
2019-09-25,8.58,8.49,8.73,8.48,62001
2019-09-26,8.49,8.24,8.68,8.23,55489
2019-09-27,8.34,8.1,8.36,8.07,52004
2019-09-30,8.11,7.99,8.2,7.97,36820
2019-10-08,7.99,7.9,8.13,7.85,35505
2019-10-09,7.89,7.95,7.97,7.8,24734
2019-10-10,7.95,7.97,8.0,7.91,28528
2019-10-11,8.0,8.0,8.04,7.91,35655
2019-10-14,8.03,8.05,8.08,8.0,58212
2019-10-15,8.02,8.03,8.07,7.95,39113
2019-10-16,7.99,7.87,8.05,7.85,40121
2019-10-17,7.92,7.82,7.92,7.78,40102
2019-10-18,7.76,7.66,7.88,7.6,51206
2019-10-21,7.64,7.69,7.72,7.6,26788
2019-10-22,7.69,7.69,7.72,7.62,21209
2019-10-23,7.69,7.62,7.7,7.6,23158
2019-10-24,7.66,7.68,7.69,7.6,17393
2019-10-25,7.71,7.73,7.73,7.57,28122
2019-10-28,7.75,7.78,7.79,7.68,35148
2019-10-29,7.79,7.8,7.84,7.72,33040
2019-10-30,7.78,7.68,7.78,7.63,27043
2019-10-31,7.64,7.65,7.76,7.64,19935
2019-11-01,7.66,7.7,7.75,7.61,28123
2019-11-04,7.67,7.72,7.77,7.64,38961
2019-11-05,7.71,7.77,7.79,7.65,42593
2019-11-06,7.75,7.75,7.83,7.73,22429
2019-11-07,7.75,7.77,7.81,7.69,31558
2019-11-08,7.78,7.73,7.81,7.71,26256
2019-11-11,7.7,7.46,7.7,7.43,46747
2019-11-12,7.47,7.47,7.49,7.41,19266
2019-11-13,7.51,7.47,7.54,7.42,18943
2019-11-14,7.47,7.49,7.51,7.45,12993
2019-11-15,7.5,7.6,7.63,7.32,39681
2019-11-18,7.59,7.89,7.98,7.54,74329
2019-11-19,7.84,7.96,7.98,7.8,63688
2019-11-20,7.93,7.97,8.11,7.91,62875
2019-11-21,8.0,7.97,8.06,7.92,32330
2019-11-22,8.01,7.9,8.04,7.85,37519
2019-11-25,7.9,7.93,8.0,7.82,32551
2019-11-26,7.93,8.13,8.15,7.93,58137
2019-11-27,8.09,7.92,8.12,7.89,40101
2019-11-28,7.93,8.16,8.21,7.93,68502
2019-11-29,8.1,8.04,8.13,7.94,42814
2019-12-02,7.99,7.88,8.02,7.84,37404
2019-12-03,7.89,8.0,8.04,7.86,28337
2019-12-04,7.98,8.13,8.14,7.96,38129
2019-12-05,8.17,8.21,8.26,8.13,43057
2019-12-06,8.23,8.35,8.41,8.21,53954
2019-12-09,8.33,8.34,8.38,8.26,34191
2019-12-10,8.33,8.29,8.34,8.21,33598
2019-12-11,8.29,8.4,8.49,8.25,53748
2019-12-12,8.41,8.32,8.45,8.27,25272
2019-12-13,8.36,8.23,8.37,8.19,46401
2019-12-16,8.25,8.21,8.27,8.08,65061
2019-12-17,8.22,8.24,8.28,8.15,101254
2019-12-18,8.26,8.27,8.41,8.2,68019
2019-12-19,8.3,8.2,8.32,8.15,53091
2019-12-20,8.21,8.07,8.23,8.06,53423
2019-12-23,8.07,8.0,8.1,7.96,40395
2019-12-24,8.02,8.0,8.02,7.97,24873
2019-12-25,8.01,8.02,8.05,7.95,26900
2019-12-26,8.0,8.06,8.06,7.95,25845
2019-12-27,8.07,8.01,8.13,8.0,32765
2019-12-30,7.96,8.15,8.16,7.92,42819
2019-12-31,8.15,8.2,8.23,8.08,42849
2020-01-02,8.22,8.22,8.25,8.16,42658
2020-01-03,8.24,8.24,8.27,8.15,42683
2020-01-06,8.23,8.23,8.27,8.18,42495
2020-01-07,8.23,8.45,8.66,8.2,95586
2020-01-08,8.31,8.23,8.39,8.23,56131
2020-01-09,8.27,8.31,8.37,8.25,34662
2020-01-10,8.32,8.43,8.44,8.25,60621
2020-01-13,8.41,8.5,8.58,8.36,66631
2020-01-14,8.52,8.36,8.55,8.34,48464
2020-01-15,8.39,8.33,8.46,8.27,33287
2020-01-16,8.33,8.26,8.35,8.23,32757
2020-01-17,8.26,8.27,8.35,8.21,21979
2020-01-20,8.25,8.23,8.25,8.14,29077
2020-01-21,8.22,8.07,8.23,8.05,38408
2020-01-22,8.02,8.21,8.35,7.97,50496
2020-01-23,8.21,7.94,8.28,7.79,56869
2020-02-03,7.12,7.12,7.25,7.12,93378
2020-02-04,7.09,7.18,7.28,7.07,48310
2020-02-05,7.21,7.27,7.4,7.13,61030
2020-02-06,7.27,7.3,7.38,7.18,59385
2020-02-07,7.3,7.37,7.43,7.22,59752
2020-02-10,7.32,7.42,7.44,7.27,39437
2020-02-11,7.43,7.47,7.57,7.39,39855
2020-02-12,7.48,7.46,7.52,7.38,40312
2020-02-13,7.44,7.32,7.47,7.28,38236
2020-02-14,7.31,7.31,7.37,7.28,26211
2020-02-17,7.31,7.47,7.48,7.31,41857
2020-02-18,7.51,7.53,7.54,7.43,48143
2020-02-19,7.52,7.61,7.62,7.46,63959
2020-02-20,7.59,7.67,7.69,7.54,67081
2020-02-21,7.66,7.59,7.67,7.57,64739
2020-02-24,7.58,7.68,7.7,7.51,94437
2020-02-25,7.77,7.72,7.98,7.59,149809
2020-02-26,7.64,7.74,7.78,7.55,83534
2020-02-27,7.7,7.64,7.76,7.59,70089
2020-02-28,7.47,7.44,7.52,7.34,81332
2020-03-02,7.43,7.53,7.6,7.37,80863
2020-03-03,7.59,7.45,7.61,7.42,66845
2020-03-04,7.44,7.47,7.5,7.41,57291
2020-03-05,7.51,7.68,7.73,7.49,105638
2020-03-06,7.63,7.63,7.67,7.58,63238
2020-03-09,7.63,7.49,7.63,7.48,71697
2020-03-10,7.4,7.52,7.55,7.39,47242
2020-03-11,7.54,7.44,7.54,7.44,45203
2020-03-12,7.39,7.28,7.42,7.21,41666
2020-03-13,7.08,7.24,7.29,7.0,41225
2020-03-16,7.27,7.31,7.76,7.26,87650
2020-03-17,7.35,7.21,7.41,7.09,47863
2020-03-18,7.24,7.1,7.29,7.07,39666
2020-03-19,7.18,6.95,7.18,6.89,52266
2020-03-20,6.99,6.99,7.03,6.88,48645
2020-03-23,6.85,6.75,6.9,6.71,39588
2020-03-24,6.83,6.87,6.9,6.78,23714
2020-03-25,6.98,6.97,7.01,6.92,35793
2020-03-26,6.98,6.89,6.99,6.89,32260
2020-03-27,6.96,6.94,7.05,6.93,35772
2020-03-30,6.89,6.87,6.89,6.81,31682
2020-03-31,6.92,6.96,7.02,6.86,27461
2020-04-01,6.92,6.98,7.12,6.92,32981
2020-04-02,6.96,7.03,7.04,6.91,21429
2020-04-03,6.99,7.02,7.1,6.96,31037
2020-04-07,7.08,7.15,7.16,7.06,35007
2020-04-08,7.13,7.13,7.17,7.07,28701
2020-04-09,7.14,7.14,7.19,7.08,30678
2020-04-10,7.14,7.05,7.16,7.04,31521
2020-04-13,7.03,7.0,7.12,6.96,21909
2020-04-14,6.96,7.06,7.07,6.94,25386
2020-04-15,7.04,7.0,7.07,6.99,14840
2020-04-16,6.96,6.96,7.02,6.94,18507
2020-04-17,7.01,7.02,7.07,6.99,27570
2020-04-20,7.13,7.59,7.66,7.1,175225
2020-04-21,7.52,7.61,7.64,7.42,82117
2020-04-22,7.57,7.71,7.96,7.55,142472
2020-04-23,7.71,7.86,7.98,7.61,107843
2020-04-24,7.88,7.76,8.03,7.73,92660
2020-04-27,7.76,7.76,7.91,7.72,72412
2020-04-28,7.65,7.57,7.7,7.39,81009
2020-04-29,7.55,7.4,7.64,7.4,43782
2020-04-30,7.46,7.54,7.54,7.39,58287
2020-05-06,7.45,7.52,7.56,7.35,56723
2020-05-07,7.48,8.01,8.13,7.4,145318
2020-05-08,8.01,8.0,8.1,7.96,102051
2020-05-11,8.02,8.0,8.22,7.97,75551
2020-05-12,8.01,7.88,8.07,7.84,62587
2020-05-13,7.92,7.95,8.06,7.83,60810
2020-05-14,7.91,8.09,8.17,7.88,91398
2020-05-15,8.12,8.08,8.27,8.05,87520
2020-05-18,8.15,8.22,8.27,8.05,93519
2020-05-19,8.27,8.17,8.27,8.05,65215
2020-05-20,8.17,8.02,8.17,7.97,71590
2020-05-21,7.99,8.02,8.12,7.99,37118
2020-05-22,7.98,7.83,8.02,7.79,62736
2020-05-25,7.77,7.96,8.07,7.77,49854
2020-05-26,7.95,8.05,8.05,7.91,47530
2020-05-27,8.49,8.89,8.89,8.31,271099
2020-05-28,9.12,9.62,9.81,9.12,625643
2020-05-29,9.39,9.64,9.74,9.34,449864
2020-06-01,9.56,9.54,9.68,9.44,276903
2020-06-02,9.54,9.19,9.78,9.15,310028
2020-06-03,9.29,9.27,9.33,9.01,210724
2020-06-04,9.29,9.22,9.35,9.07,160405
2020-06-05,9.15,9.22,9.22,8.99,134612
2020-06-08,9.19,8.91,9.19,8.9,124148
2020-06-09,8.94,8.93,9.13,8.88,98154
2020-06-10,8.92,8.96,9.01,8.84,79324
2020-06-11,8.93,8.71,8.93,8.69,114673
2020-06-12,8.62,8.57,8.65,8.48,132793
2020-06-15,8.61,8.63,8.81,8.5,106487
2020-06-16,8.66,8.95,9.01,8.64,135075
2020-06-17,8.94,8.84,8.94,8.75,70335
2020-06-18,8.87,8.67,8.89,8.67,71395
2020-06-19,8.64,8.87,8.98,8.64,107894
2020-06-22,8.89,9.0,9.0,8.78,98070
2020-06-23,8.94,9.29,9.44,8.89,204727
2020-06-24,9.29,9.32,9.45,9.17,123793
2020-06-29,9.29,9.02,9.31,8.79,159190
2020-06-30,9.02,9.11,9.27,8.89,119248
2020-07-01,9.11,9.48,9.77,9.04,276932
2020-07-02,9.49,10.01,10.27,9.3,354855
2020-07-03,9.95,9.72,9.95,9.5,250878
2020-07-06,9.89,9.93,10.13,9.63,251794
2020-07-07,9.91,10.1,10.33,9.85,266097
2020-07-08,10.11,9.99,10.23,9.86,205544
2020-07-09,9.91,9.99,10.05,9.85,204880
2020-07-10,9.94,10.29,10.69,9.92,303955
2020-07-13,10.35,11.06,11.22,10.27,318615
2020-07-14,11.06,11.13,11.37,10.71,259327
2020-07-15,11.14,10.59,11.32,10.46,252406
2020-07-16,10.59,9.87,10.64,9.72,215743
2020-07-17,9.77,9.87,10.05,9.66,146367
2020-07-20,9.91,10.03,10.05,9.77,97322
2020-07-21,10.02,10.1,10.29,9.94,102179
2020-07-22,10.05,10.07,10.23,10.0,96713
2020-07-23,9.97,9.93,10.07,9.69,111122
2020-07-24,9.85,9.39,9.99,9.35,139850
2020-07-27,9.49,9.51,9.77,9.41,88094
2020-07-28,9.54,9.57,9.72,9.48,105055
2020-07-29,9.54,9.89,9.91,9.44,149505
2020-07-30,9.88,9.59,9.99,9.56,208175
2020-07-31,9.67,9.42,9.67,9.3,154087
2020-08-03,9.48,9.83,9.84,9.42,144115
2020-08-04,9.83,9.76,9.93,9.62,84935
2020-08-05,9.78,9.87,9.88,9.6,123797
2020-08-06,9.88,9.72,9.9,9.62,87118
2020-08-07,9.76,9.52,9.76,9.4,94557
2020-08-10,9.53,9.47,9.54,9.39,82065
2020-08-11,9.47,9.3,9.58,9.26,74314
2020-08-12,9.29,9.09,9.3,8.86,104118
2020-08-13,9.06,9.25,9.3,9.06,61595
2020-08-14,9.26,9.37,9.43,9.21,54522
2020-08-17,9.38,9.51,9.56,9.37,74444
2020-08-18,9.49,9.58,9.63,9.44,74060
2020-08-19,9.59,9.59,9.87,9.47,136766
2020-08-20,9.56,9.3,9.57,9.22,83706
2020-08-21,9.25,9.58,9.67,9.24,98870
2020-08-24,9.69,9.81,9.95,9.49,158832
2020-08-25,9.96,9.83,10.09,9.79,138319
2020-08-26,9.79,9.63,9.94,9.49,96776
2020-08-27,9.66,9.62,9.72,9.48,55297
2020-08-28,9.63,9.94,10.09,9.55,148433
2020-08-31,9.79,9.84,9.97,9.72,143735
2020-09-01,9.76,9.5,9.83,9.42,126555
2020-09-02,9.5,9.38,9.55,9.31,83770
2020-09-03,9.39,9.52,9.94,9.35,136337
2020-09-04,9.31,9.2,9.63,9.15,104683
2020-09-07,9.29,8.91,9.33,8.87,101476
2020-09-08,8.97,8.94,9.01,8.77,74527
2020-09-09,8.88,8.69,8.88,8.69,71714
2020-09-10,8.75,8.48,8.81,8.47,56000
2020-09-11,8.43,8.91,8.95,8.4,73360
2020-09-14,8.92,8.89,8.94,8.8,38193
2020-09-15,8.87,8.8,8.91,8.78,33545
2020-09-16,8.93,8.97,9.14,8.88,66188
2020-09-17,8.9,8.86,8.94,8.66,46138
2020-09-18,8.81,8.86,8.94,8.8,33779
2020-09-21,8.85,8.95,9.03,8.77,64227
2020-09-22,8.9,8.89,8.95,8.77,40608
2020-09-23,8.91,8.84,8.92,8.8,34889
2020-09-24,8.8,8.76,8.88,8.6,47618
2020-09-25,8.74,8.59,8.79,8.54,42381
2020-09-28,8.59,8.46,8.66,8.46,30604
2020-09-29,8.53,8.69,8.73,8.48,36437
2020-09-30,8.76,8.64,8.76,8.56,18952
2020-10-09,8.72,8.77,8.84,8.66,47071
2020-10-12,8.79,8.95,9.0,8.78,47862
2020-10-13,8.96,8.94,9.01,8.83,40554
2020-10-14,8.9,8.92,9.03,8.8,40476
2020-10-15,8.93,8.79,9.0,8.78,46588
2020-10-16,8.82,8.81,8.86,8.69,21868
2020-10-19,8.85,8.71,8.9,8.71,34795
2020-10-20,8.7,8.88,8.91,8.66,49406
2020-10-21,8.92,9.02,9.08,8.86,73919
2020-10-22,9.08,9.03,9.11,8.89,65859
2020-10-23,9.05,9.16,9.49,8.94,158589
2020-10-26,9.09,8.97,9.09,8.88,87216
2020-10-27,8.85,8.82,9.01,8.8,50145
2020-10-28,8.79,8.84,8.99,8.69,98711
2020-10-29,8.73,9.07,9.17,8.69,107360
2020-10-30,9.1,8.69,9.13,8.67,94792
2020-11-02,8.62,8.66,8.86,8.59,70502
2020-11-03,8.67,9.55,9.55,8.64,165609
2020-11-04,9.72,9.46,9.78,9.39,264183
2020-11-05,9.59,9.91,10.22,9.4,390829
2020-11-06,9.89,9.73,9.89,9.56,229548
2020-11-09,9.7,9.68,9.84,9.56,196650
2020-11-10,9.6,9.94,10.07,9.49,217283
2020-11-11,9.86,10.05,10.59,9.82,319168
2020-11-12,9.92,10.91,11.07,9.87,524885
2020-11-13,10.63,9.8,10.64,9.8,415111
2020-11-16,9.79,10.23,10.25,9.75,283045
2020-11-17,10.19,10.11,10.69,9.97,359626
2020-11-18,10.09,9.84,10.19,9.7,253592
2020-11-19,9.74,10.85,10.85,9.7,668374
2020-11-20,10.79,11.96,11.96,10.69,809148
2020-11-23,12.44,12.64,13.16,12.21,1121332
2020-11-24,12.36,11.78,12.39,11.36,885843
2020-11-25,11.44,10.99,11.69,10.97,551124
2020-11-26,10.99,11.33,11.54,10.89,471460
2020-11-27,11.19,10.84,11.24,10.62,425547
2020-11-30,10.79,11.0,11.02,10.54,328469
2020-12-01,10.87,10.86,10.93,10.64,233699
2020-12-02,10.81,10.68,11.05,10.68,215133
2020-12-03,10.6,10.4,10.61,10.19,278374
2020-12-04,10.36,10.79,10.93,10.34,340853
2020-12-07,10.68,10.72,11.17,10.52,292455
2020-12-08,10.65,11.25,11.57,10.65,516516
2020-12-09,11.1,11.08,11.45,10.87,356261
2020-12-10,10.99,11.41,11.76,10.86,489327
2020-12-11,11.27,11.17,11.64,10.89,342568
2020-12-14,10.99,11.79,11.94,10.97,444916
2020-12-15,11.73,11.81,12.35,11.37,535748
2020-12-16,11.69,12.7,13.01,11.64,875744
2020-12-17,12.39,12.47,13.17,11.97,865904
2020-12-18,12.39,13.74,13.74,12.19,1004921
2020-12-21,13.9,15.14,15.14,13.9,553973
2020-12-22,16.09,16.68,16.68,15.7,1037812
2020-12-23,16.68,16.49,18.37,15.79,1798079
2020-12-24,15.08,14.82,15.48,14.82,359551
2020-12-25,13.32,13.32,14.46,13.32,1141913
2020-12-28,13.19,14.67,14.67,13.19,1052610
2020-12-29,15.04,15.47,16.07,14.36,1273670
2020-12-30,15.29,17.04,17.04,15.29,1105860
2020-12-31,17.43,16.8,18.34,16.24,1363966
2021-01-04,16.99,18.5,18.5,16.99,550164
2021-01-05,19.47,17.67,19.47,17.17,1523100
2021-01-06,17.34,17.04,17.59,16.25,895506
2021-01-07,16.82,16.16,16.89,16.11,584967
2021-01-08,16.59,17.8,17.8,16.57,1156238
2021-01-11,17.12,16.0,17.34,16.0,1036812
2021-01-12,15.43,16.49,16.74,15.26,696594
2021-01-13,16.36,15.71,16.75,15.29,625256
2021-01-14,15.44,14.56,15.5,14.29,500077
2021-01-15,14.52,14.26,14.81,13.78,428932
2021-01-18,14.26,14.43,15.01,13.99,417191
2021-01-19,14.48,13.92,15.06,13.67,561711
2021-01-20,13.59,13.94,14.11,13.02,499792
2021-01-21,13.89,14.27,14.86,13.52,651312
2021-01-22,14.14,13.53,14.23,13.51,407108
2021-01-25,13.52,13.85,14.29,13.32,449405
2021-01-26,13.94,13.17,14.04,13.0,370717
2021-01-27,12.79,12.65,12.88,12.09,400551
2021-01-28,12.58,12.12,12.9,12.09,303959
2021-01-29,12.39,12.18,12.77,11.9,348376
2021-02-01,12.07,11.87,12.48,11.87,293547
2021-02-02,11.99,12.19,12.31,11.55,382624
2021-02-03,12.14,11.79,12.27,11.69,273315
2021-02-04,11.75,11.72,12.22,11.5,344845
2021-02-05,11.65,11.1,11.65,11.1,328376
2021-02-08,11.12,10.86,11.29,10.75,250718
2021-02-09,11.02,11.18,11.37,10.79,250895
2021-02-10,11.23,11.37,11.79,11.23,294920
2021-02-18,11.49,11.25,11.62,11.13,261534
2021-02-19,11.24,12.4,12.4,11.04,493994
2021-02-22,12.29,11.86,12.29,11.71,474949
2021-02-23,11.69,11.94,12.26,11.62,371963
2021-02-24,11.77,11.32,11.78,11.19,333974
2021-02-25,11.38,11.45,11.46,11.08,221282
2021-02-26,11.33,11.56,11.89,11.12,275146
2021-03-01,11.51,11.5,11.66,11.29,188018
2021-03-02,11.54,11.6,12.09,11.44,262722
2021-03-03,11.4,11.62,11.67,11.16,246250
2021-03-04,11.47,11.07,11.49,11.04,221825
2021-03-05,10.91,11.45,11.82,10.87,321976
2021-03-08,11.39,11.07,11.49,11.06,230319
2021-03-09,11.09,11.09,11.49,10.69,234696
2021-03-10,11.14,11.6,11.78,11.1,363545
2021-03-11,11.47,11.63,11.84,11.24,301525
2021-03-12,11.55,11.31,11.61,11.15,204034
2021-03-15,11.25,11.04,11.34,10.92,164818
2021-03-16,11.02,11.09,11.24,10.93,123465
2021-03-17,11.09,10.99,11.14,10.91,110558
2021-03-18,11.0,11.07,11.24,10.96,174036
2021-03-19,10.96,11.11,11.44,10.89,209312
2021-03-22,11.09,11.08,11.19,10.99,127523
2021-03-23,11.03,11.14,11.22,11.0,152258
2021-03-24,11.04,11.56,11.84,11.0,353359
2021-03-25,11.42,11.16,11.46,11.09,186409
2021-03-26,11.13,11.33,11.51,11.03,197928
2021-03-29,11.4,11.67,11.86,11.4,337616
2021-03-30,11.58,11.44,12.04,11.4,263093
2021-03-31,11.33,11.22,11.45,11.17,151598
2021-04-01,11.24,11.33,11.56,11.22,133465
2021-04-02,11.42,11.57,11.79,11.41,203787
2021-04-06,11.71,11.74,11.89,11.49,214976
2021-04-07,11.67,11.52,11.67,11.35,185251
2021-04-08,11.43,11.43,11.59,11.4,122186
2021-04-09,11.38,11.18,11.39,11.18,146950
2021-04-12,11.2,11.09,11.27,11.05,122891
2021-04-13,11.06,11.09,11.23,11.05,112240
2021-04-14,11.08,10.93,11.12,10.81,132929
2021-04-15,10.89,10.97,11.07,10.87,89029
2021-04-16,11.04,11.46,11.83,11.03,466577
2021-04-19,11.39,11.98,12.11,11.3,571689
2021-04-20,11.89,12.59,13.18,11.88,767688
2021-04-21,12.39,12.85,13.19,12.33,562395
2021-04-22,12.81,12.45,12.95,12.37,384889
2021-04-23,12.57,12.22,12.69,12.11,289254
2021-04-26,12.14,11.76,12.19,11.74,260784
2021-04-27,11.77,11.37,11.87,11.22,206045
2021-04-28,11.54,12.53,12.53,11.41,414851
2021-04-29,12.79,12.26,12.87,12.18,438996
2021-04-30,12.04,11.78,12.07,11.61,371522
2021-05-06,11.76,11.72,12.01,11.49,264611
2021-05-07,11.63,11.39,11.82,11.35,259079
2021-05-10,11.39,11.37,11.58,11.19,195554
2021-05-11,11.32,11.75,11.87,11.31,340315
2021-05-12,11.6,11.58,11.78,11.51,228457
2021-05-13,11.56,11.72,11.78,11.44,250447
2021-05-14,11.6,12.17,12.48,11.48,480803
2021-05-17,12.04,11.94,12.25,11.92,307720
2021-05-18,11.95,12.03,12.18,11.87,222486
2021-05-19,11.99,11.77,11.99,11.69,220313
2021-05-20,11.7,12.03,12.22,11.69,333379
2021-05-21,11.98,12.08,12.51,11.87,373030
2021-05-24,12.12,12.85,12.99,12.06,601430
2021-05-25,12.71,12.77,12.82,12.49,415946
2021-05-26,12.77,12.78,13.36,12.69,472496
2021-05-27,12.7,12.96,13.34,12.63,427495
2021-05-28,12.93,13.5,13.67,12.59,576056
2021-05-31,13.58,13.84,14.07,13.31,579459
2021-06-01,13.62,14.69,14.88,13.48,704938
2021-06-02,14.42,14.55,15.64,14.39,771096
2021-06-03,14.38,14.41,15.13,14.27,654055
2021-06-04,14.31,14.99,15.05,14.11,593648
2021-06-07,15.28,15.78,15.86,14.51,854771
2021-06-08,15.45,14.18,15.45,14.18,683051
2021-06-09,13.76,13.67,14.14,13.38,444626
2021-06-10,13.57,13.39,13.82,13.2,366017
2021-06-11,13.54,13.16,13.67,13.04,335522
2021-06-15,13.03,13.25,13.33,12.71,275454
2021-06-16,13.16,12.74,13.19,12.69,228899
2021-06-17,12.76,13.14,13.34,12.69,286660
2021-06-18,13.09,13.01,13.44,12.95,329301
2021-06-21,12.98,12.81,13.21,12.7,274093
2021-06-22,12.81,13.57,13.89,12.63,477374
2021-06-23,13.44,13.11,13.54,13.06,290644
2021-06-24,13.05,12.91,13.1,12.79,199598
2021-06-25,12.84,13.04,13.22,12.68,244856
2021-06-28,12.95,13.09,13.29,12.95,189307
2021-06-29,13.04,12.72,13.12,12.63,237281
2021-06-30,12.7,12.8,13.06,12.64,202843
2021-07-01,12.85,12.52,12.93,12.41,231140
2021-07-02,12.51,11.96,12.52,11.94,247943
2021-07-05,11.98,12.06,12.19,11.89,124147
2021-07-06,12.05,12.02,12.09,11.74,177811
2021-07-07,11.93,12.05,12.26,11.91,179423
2021-07-08,11.87,11.87,12.09,11.84,148318
2021-07-09,11.78,11.77,11.84,11.49,177665
2021-07-12,11.82,11.85,11.96,11.67,144148
2021-07-13,11.87,11.96,12.14,11.87,195984
2021-07-14,11.93,12.14,12.29,11.75,232005
2021-07-15,12.01,12.42,12.54,11.97,288100
2021-07-16,12.28,12.24,12.37,12.14,197346
2021-07-19,12.14,12.41,12.51,12.1,169428
2021-07-20,12.3,13.11,13.4,12.29,485991
2021-07-21,12.95,12.89,13.09,12.75,331584
2021-07-22,12.92,12.62,13.04,12.54,241652
2021-07-23,12.59,12.29,12.59,12.16,210606
2021-07-26,12.09,11.69,12.12,11.54,239463
2021-07-27,11.65,11.34,11.87,11.34,155548
2021-07-28,11.34,11.23,11.47,10.72,166579
2021-07-29,11.23,11.17,11.38,11.04,130868
2021-07-30,11.16,10.83,11.16,10.74,169248
2021-08-02,10.78,11.23,11.32,10.52,182023
2021-08-03,11.14,11.11,11.25,11.02,117475
2021-08-04,11.08,11.02,11.2,10.96,101628
2021-08-05,10.85,10.78,11.12,10.64,152760
2021-08-06,10.72,10.79,10.92,10.7,94197
2021-08-09,10.74,10.98,11.1,10.69,114104
2021-08-10,11.02,11.34,11.41,10.9,220470
2021-08-11,11.23,11.16,11.31,11.07,148128
2021-08-12,11.16,11.1,11.31,11.08,95614
2021-08-13,11.07,11.1,11.24,11.04,92566
2021-08-16,11.04,11.18,11.24,10.98,106410
2021-08-17,11.11,10.85,11.19,10.84,129480
2021-08-18,10.85,10.89,10.98,10.84,106051
2021-08-19,10.84,10.72,10.93,10.68,106150
2021-08-20,10.61,10.28,10.62,9.99,170225
2021-08-23,10.06,10.31,10.47,10.05,103090
2021-08-24,10.33,10.36,10.43,10.27,92761
2021-08-25,10.36,10.57,10.71,10.34,129425
2021-08-26,10.49,10.27,10.5,10.25,111760
2021-08-27,10.27,10.26,10.39,10.2,78660
2021-08-30,10.19,10.19,10.28,10.07,104176
2021-08-31,10.2,10.06,10.25,9.98,89748
2021-09-01,10.05,10.29,10.37,9.96,130754
2021-09-02,10.3,10.22,10.33,10.13,96681
2021-09-03,10.18,10.42,10.49,10.11,163069
2021-09-06,10.4,10.69,10.73,10.3,209745
2021-09-07,10.59,10.66,10.73,10.57,129836
2021-09-08,10.66,10.74,10.81,10.6,125107
2021-09-09,10.82,11.11,11.49,10.71,253805
2021-09-10,11.04,11.0,11.25,10.85,173199
2021-09-13,10.96,10.77,11.05,10.69,130917
2021-09-14,10.76,10.65,10.94,10.6,109917
2021-09-15,10.65,10.57,10.7,10.49,80154
2021-09-16,10.57,10.92,11.19,10.57,248204
2021-09-17,10.82,10.97,11.23,10.54,249994
2021-09-22,10.81,10.72,10.91,10.61,122729
2021-09-23,10.73,10.79,10.94,10.71,109802
2021-09-24,10.79,10.95,11.19,10.74,201363
2021-09-27,10.98,11.48,11.72,10.97,386819
2021-09-28,11.36,11.06,11.37,10.84,198889
2021-09-29,10.98,10.88,11.24,10.85,150729
2021-09-30,10.88,10.88,11.03,10.82,109430
2021-10-08,10.9,11.3,11.31,10.84,245823
2021-10-11,11.26,11.23,11.52,11.19,172071
2021-10-12,11.19,11.28,11.38,11.1,137028
2021-10-13,11.29,11.56,11.6,11.2,268952
2021-10-14,11.46,11.41,11.56,11.25,169583
2021-10-15,11.36,11.23,11.44,11.16,112394
2021-10-18,11.2,10.55,11.23,10.54,208723
2021-10-19,10.55,10.59,10.72,10.54,88673
2021-10-20,10.59,10.52,10.66,10.35,93106
2021-10-21,10.54,10.42,10.59,10.35,75687
2021-10-22,10.41,10.57,10.61,10.39,81642
2021-10-25,10.74,10.7,10.82,10.6,96718
2021-10-26,10.64,10.88,10.99,10.53,136274
2021-10-27,10.8,10.49,10.81,10.46,169679
2021-10-28,10.49,10.45,10.76,10.42,121470
2021-10-29,10.54,10.68,10.83,10.45,172754
2021-11-01,10.58,10.94,11.16,10.45,197848
2021-11-02,10.97,10.77,11.09,10.69,117116
2021-11-03,10.76,10.97,10.99,10.76,99539
2021-11-04,10.89,11.12,11.18,10.88,151736
2021-11-05,11.07,11.21,11.32,11.07,166740
2021-11-08,11.17,10.97,11.2,10.92,118275
2021-11-09,10.93,10.97,11.04,10.89,85738
2021-11-10,10.93,10.78,11.03,10.69,99240
2021-11-11,10.77,10.79,10.87,10.72,70136
2021-11-12,10.79,10.68,10.88,10.64,85640
2021-11-15,10.69,10.82,10.85,10.65,94124
2021-11-16,10.8,10.95,11.08,10.8,138275
2021-11-17,10.95,10.78,10.95,10.7,126204
2021-11-18,10.75,11.0,11.07,10.75,177908
2021-11-19,11.01,10.99,11.1,10.89,123023
2021-11-22,11.04,11.0,11.18,10.94,151791
2021-11-23,10.96,11.0,11.07,10.92,94999
2021-11-24,11.0,11.23,11.3,10.97,223137
2021-11-25,11.22,11.27,11.39,11.15,143072
2021-11-26,11.27,11.29,11.32,11.17,100059
2021-11-29,11.22,11.21,11.37,11.14,116495
2021-11-30,11.25,11.18,11.38,11.12,115314
2021-12-01,11.26,11.24,11.57,11.18,101962
2021-12-02,11.3,11.27,11.42,11.22,99979
2021-12-03,11.27,11.27,11.41,11.17,125154
2021-12-06,11.34,11.27,11.34,11.17,114415
2021-12-07,11.33,11.48,11.5,11.24,199934
2021-12-08,11.47,11.84,11.99,11.36,339178
2021-12-09,11.85,11.9,12.06,11.76,330362
2021-12-10,11.79,12.52,12.74,11.76,528139
2021-12-13,12.51,12.38,12.63,12.23,360774
2021-12-14,12.27,12.39,12.54,12.15,258434
2021-12-15,12.29,12.15,12.38,11.97,273620
2021-12-16,12.13,12.05,12.22,11.91,180588
2021-12-17,12.08,11.77,12.09,11.76,158401
2021-12-20,11.84,11.72,11.97,11.64,166362
2021-12-21,11.56,11.75,11.77,11.56,113919
2021-12-22,11.69,11.65,11.8,11.64,90224
2021-12-23,11.72,12.02,12.03,11.65,231453
2021-12-24,12.64,12.72,13.24,12.4,760985
2021-12-27,12.34,12.43,12.72,12.21,417144
2021-12-28,12.42,12.71,12.87,12.37,329665
2021-12-29,12.67,12.07,12.71,12.03,372950
2021-12-30,12.03,12.04,12.17,11.94,233310
2021-12-31,12.07,12.07,12.11,11.8,175820
2022-01-04,12.12,12.18,12.19,11.88,217818
2022-01-05,12.13,12.47,12.49,11.95,320209
2022-01-06,12.35,12.24,12.47,12.21,209191
2022-01-07,12.24,11.85,12.29,11.84,190138
2022-01-10,11.74,11.76,11.82,11.51,134402
2022-01-11,11.7,11.71,11.91,11.66,105445
2022-01-12,11.79,11.88,11.88,11.72,88665
2022-01-13,11.9,11.53,11.9,11.51,125067
2022-01-14,11.54,11.34,11.63,11.29,108354
2022-01-17,11.19,11.39,11.4,11.16,87983
2022-01-18,11.44,11.5,11.62,11.33,111808
2022-01-19,11.42,11.23,11.44,11.17,92182
2022-01-20,11.26,11.19,11.33,11.17,73053
2022-01-21,11.14,10.92,11.32,10.92,88787
2022-01-24,10.87,10.92,11.03,10.84,67724
2022-01-25,10.85,10.42,10.93,10.35,125758
2022-01-26,10.42,10.43,10.6,10.18,97141
2022-01-27,10.44,10.05,10.55,10.01,102327
2022-01-28,10.05,10.03,10.19,9.97,97706
2022-02-07,10.14,10.13,10.23,10.12,70743
2022-02-08,10.21,10.33,10.34,10.09,69299
2022-02-09,10.29,10.47,10.49,10.29,89552
2022-02-10,10.44,10.47,10.51,10.35,82337
2022-02-11,10.39,10.33,10.56,10.3,82312
2022-02-14,10.31,10.35,10.4,10.25,57311
2022-02-15,10.36,10.5,10.58,10.35,85763
2022-02-16,10.45,10.54,10.57,10.45,60381
2022-02-17,10.59,10.5,10.76,10.47,84079
2022-02-18,10.45,10.75,10.82,10.43,107433
2022-02-21,10.74,10.84,10.86,10.69,65651
2022-02-22,10.78,10.73,10.78,10.44,82652
2022-02-23,10.69,10.71,10.76,10.62,54251
2022-02-24,10.7,10.32,10.74,10.15,123467
2022-02-25,10.38,10.36,10.46,10.34,64898
2022-02-28,10.35,10.38,10.4,10.21,52869
2022-03-01,10.38,10.65,10.69,10.37,106569
2022-03-02,10.65,10.68,10.7,10.54,55147
2022-03-03,10.66,10.59,10.72,10.58,52962
2022-03-04,10.55,10.44,10.64,10.42,61437
2022-03-07,10.39,10.22,10.49,10.19,75211
2022-03-08,10.26,9.88,10.37,9.87,96852
2022-03-09,9.9,9.76,10.07,9.38,114375
2022-03-10,9.96,9.95,10.14,9.89,80439
2022-03-11,9.86,10.24,10.26,9.78,114463
2022-03-14,10.15,9.92,10.19,9.91,65854
2022-03-15,9.84,9.1,9.84,9.08,139535
2022-03-16,9.24,9.32,9.4,8.89,103602
2022-03-17,9.43,9.55,9.71,9.43,94865
2022-03-18,9.64,9.63,9.69,9.51,58256
2022-03-21,9.64,9.56,9.69,9.47,68508
2022-03-22,9.44,9.48,9.59,9.42,58307
2022-03-23,9.49,9.64,9.73,9.45,66735
2022-03-24,9.59,9.49,9.64,9.47,52387
2022-03-25,9.5,9.47,9.64,9.46,46355
2022-03-28,9.37,9.36,9.41,9.17,61825
2022-03-29,9.37,9.21,9.41,9.19,55181
2022-03-30,9.29,9.43,9.44,9.23,65763
2022-03-31,9.47,9.47,9.61,9.39,55673
2022-04-01,9.39,9.54,9.6,9.35,51034
2022-04-06,9.51,9.64,9.69,9.44,67381
2022-04-07,9.56,9.53,9.76,9.49,69390
2022-04-08,9.56,9.45,9.57,9.3,80065
2022-04-11,9.34,9.19,9.43,9.14,72178
2022-04-12,9.19,9.43,9.48,9.06,66625
2022-04-13,9.41,9.53,9.66,9.38,84468
2022-04-14,9.53,9.76,9.92,9.52,144889
2022-04-15,9.76,9.69,9.93,9.62,110932
2022-04-18,9.62,10.08,10.14,9.58,210763
2022-04-19,9.94,9.99,10.13,9.92,157872
2022-04-20,9.95,10.37,10.54,9.94,284267
2022-04-21,10.27,10.27,10.75,10.21,340549
2022-04-22,9.99,9.91,10.13,9.68,230350
2022-04-25,9.73,9.12,9.82,9.1,182438
2022-04-26,9.17,9.23,9.76,9.07,199339
2022-04-27,9.02,8.89,9.12,8.41,286340
2022-04-28,8.74,8.9,9.4,8.7,241186
2022-04-29,9.04,9.12,9.29,8.97,214815
2022-05-05,9.12,9.41,9.57,9.07,190249
2022-05-06,9.18,8.91,9.31,8.87,196915
2022-05-09,8.86,9.19,9.23,8.85,169303
2022-05-10,9.1,9.48,9.5,8.97,260775
2022-05-11,9.54,9.64,10.13,9.47,367252
2022-05-12,9.64,9.92,10.04,9.54,225952
2022-05-13,9.85,9.87,10.04,9.76,160521
2022-05-16,9.84,10.03,10.2,9.8,247896
2022-05-17,9.84,9.88,9.97,9.66,173653
2022-05-18,9.87,9.62,9.87,9.6,131139
2022-05-19,9.51,9.41,9.53,9.29,129532
2022-05-20,9.45,10.37,10.37,9.45,184576
2022-05-23,10.72,10.62,10.92,10.46,712063
2022-05-24,10.51,10.12,10.63,10.09,425605
2022-05-25,10.08,10.21,10.33,9.96,265661
2022-05-26,10.16,10.23,10.47,10.01,359996
2022-05-27,10.21,9.98,10.33,9.82,308317
2022-05-30,9.98,10.11,10.2,9.95,222221
2022-05-31,10.03,10.24,10.34,9.98,263950
2022-06-01,10.2,10.16,10.34,10.02,189350
2022-06-02,10.09,10.01,10.16,9.96,137486
2022-06-06,10.01,10.09,10.11,9.84,190205
2022-06-07,10.06,10.12,10.21,9.97,181550
2022-06-08,10.1,10.05,10.22,9.85,192170
2022-06-09,10.01,10.07,10.34,10.0,242180
2022-06-10,9.94,10.11,10.21,9.94,143418
2022-06-13,10.04,9.95,10.06,9.83,209761
2022-06-14,9.84,10.24,10.34,9.8,296481
2022-06-15,10.24,10.25,10.55,10.15,333648
2022-06-16,10.29,10.14,10.46,10.07,180334
2022-06-17,10.12,10.31,10.33,10.04,220010
2022-06-20,10.25,10.52,10.57,10.23,255649
2022-06-21,10.46,10.46,10.69,10.33,262064
2022-06-22,10.48,10.03,10.49,10.03,182196
2022-06-23,10.07,10.11,10.13,9.89,172955
2022-06-24,10.1,11.13,11.13,10.1,446568
2022-06-27,11.29,10.98,11.39,10.94,632271
2022-06-28,11.03,10.83,11.03,10.77,296167
2022-06-29,10.85,10.68,10.94,10.67,255459
2022-06-30,10.67,10.92,11.1,10.67,401327
2022-07-01,10.84,10.8,11.02,10.71,225524
2022-07-04,10.74,10.82,10.83,10.68,174909
2022-07-05,10.84,10.7,10.88,10.57,194157
2022-07-06,10.61,10.48,10.74,10.43,159590
2022-07-07,10.53,10.53,10.65,10.43,123091
2022-07-08,10.59,10.67,10.72,10.55,123868
2022-07-11,10.62,10.35,10.62,10.21,163726
2022-07-12,10.32,10.15,10.32,10.12,119220
2022-07-13,10.21,10.2,10.27,10.12,115376
2022-07-14,10.21,10.12,10.21,10.07,113685
2022-07-15,10.12,9.89,10.19,9.87,172515
2022-07-18,9.93,10.02,10.03,9.82,117421
2022-07-19,9.98,10.02,10.09,9.93,133831
2022-07-20,10.08,10.14,10.15,10.02,128073
2022-07-21,10.13,10.03,10.18,10.02,112047
2022-07-22,10.05,9.99,10.11,9.9,96284
2022-07-25,9.98,9.94,10.05,9.91,92591
2022-07-26,9.91,9.97,10.01,9.91,80081
2022-07-27,9.93,9.91,9.97,9.9,83504
2022-07-28,9.95,10.01,10.2,9.92,153647
2022-07-29,9.97,9.82,9.98,9.82,135918
2022-08-01,9.79,9.87,9.97,9.76,87752
2022-08-02,9.82,9.52,9.82,9.35,159938
2022-08-03,9.52,9.42,9.65,9.39,97908
2022-08-04,9.47,9.54,9.57,9.36,93958
2022-08-05,9.52,9.66,9.66,9.47,72733
2022-08-08,9.6,9.62,9.69,9.56,59471
2022-08-09,9.59,9.66,9.71,9.57,74031
2022-08-10,9.62,9.59,9.68,9.55,66937
2022-08-11,9.63,9.7,9.7,9.58,95096
2022-08-12,9.67,9.67,9.75,9.64,95463
2022-08-15,9.65,9.61,9.67,9.58,81013
2022-08-16,9.62,9.68,9.68,9.61,68000
2022-08-17,9.67,9.7,9.74,9.63,69096
2022-08-18,9.69,9.58,9.69,9.58,71304
2022-08-19,9.58,9.55,9.62,9.55,53948
2022-08-22,9.55,9.6,9.61,9.51,49298
2022-08-23,9.57,9.56,9.6,9.53,48421
2022-08-24,9.56,9.4,9.6,9.39,96029
2022-08-25,9.42,9.44,9.46,9.35,75834
2022-08-26,9.45,9.46,9.59,9.42,93461
2022-08-29,9.37,9.45,9.47,9.32,52599
2022-08-30,9.43,9.45,9.48,9.4,50555
2022-08-31,9.45,9.53,9.6,9.38,128730
2022-09-01,9.48,9.39,9.52,9.37,100840
2022-09-02,9.42,9.43,9.44,9.34,64974
2022-09-05,9.41,9.4,9.42,9.35,45774
2022-09-06,9.42,9.49,9.49,9.39,58018
2022-09-07,9.43,9.46,9.48,9.43,42648
2022-09-08,9.45,9.47,9.51,9.44,53911
2022-09-09,10.32,9.6,10.32,9.48,162965
2022-09-13,9.63,9.66,9.75,9.56,111855
2022-09-14,9.53,9.51,9.59,9.48,89163
2022-09-15,9.54,9.42,9.57,9.35,86028
2022-09-16,9.34,9.15,9.43,9.14,96881
2022-09-19,9.17,9.1,9.21,9.0,54400
2022-09-20,9.11,9.16,9.24,9.09,49951
2022-09-21,9.12,9.15,9.17,9.0,54650
2022-09-22,9.1,9.03,9.15,9.03,46255
2022-09-23,9.03,9.07,9.14,8.98,61816
2022-09-26,9.0,8.96,9.15,8.95,50869
2022-09-27,8.96,9.22,9.3,8.93,89488
2022-09-28,9.17,9.01,9.28,9.0,76058
2022-09-29,9.09,8.81,9.12,8.78,85752
2022-09-30,8.8,8.77,8.89,8.67,56326
2022-10-10,8.76,8.47,8.78,8.44,68050
2022-10-11,8.46,8.44,8.5,8.33,46351
2022-10-12,8.44,8.51,8.51,8.22,61356
2022-10-13,8.49,8.61,8.68,8.44,53573
2022-10-14,8.61,8.84,9.0,8.61,90636
2022-10-17,8.8,8.85,8.87,8.73,48282
2022-10-18,8.89,8.8,8.91,8.8,45330
2022-10-19,8.81,8.65,8.83,8.64,40750
2022-10-20,8.65,8.77,8.9,8.63,61304
2022-10-21,8.75,8.69,8.81,8.68,34660
2022-10-24,8.7,8.52,8.79,8.46,48390
2022-10-25,8.47,8.67,8.77,8.44,76828
2022-10-26,8.62,8.75,8.78,8.62,71475
2022-10-27,8.77,8.79,8.85,8.7,69717
2022-10-28,8.78,8.54,8.79,8.48,62191
2022-10-31,8.55,8.61,8.68,8.45,38162
2022-11-01,8.6,8.83,8.87,8.6,94266
2022-11-02,8.8,8.94,9.02,8.77,101990
2022-11-03,8.89,8.91,8.93,8.84,49037
2022-11-04,8.92,9.07,9.09,8.92,86125
2022-11-07,9.0,9.07,9.09,8.97,64081
2022-11-08,9.08,9.05,9.09,8.99,45606
2022-11-09,9.02,9.03,9.07,9.0,41373
2022-11-10,8.99,9.09,9.12,8.98,68052
2022-11-11,9.2,9.14,9.28,9.1,78179
2022-11-14,9.19,9.06,9.19,9.03,65148
2022-11-15,9.13,9.18,9.19,9.04,64675
2022-11-16,9.18,9.21,9.28,9.13,80000
2022-11-17,9.2,9.22,9.25,9.16,50375
2022-11-18,9.28,9.19,9.3,9.18,53245
2022-11-21,9.19,9.04,9.19,8.96,66487
2022-11-22,9.04,9.01,9.11,8.98,68473
2022-11-23,9.02,9.0,9.05,8.93,54636
2022-11-24,9.01,8.97,9.03,8.96,34970
2022-11-25,8.97,8.97,9.01,8.94,37494
2022-11-28,8.92,9.0,9.01,8.82,58766
2022-11-29,9.04,9.14,9.17,9.02,89742
2022-11-30,9.11,9.11,9.17,9.1,53507
2022-12-01,9.2,9.25,9.37,9.2,123663
2022-12-02,9.23,9.39,9.49,9.2,151191
2022-12-05,9.47,9.44,9.6,9.43,143716
2022-12-06,9.41,9.6,9.79,9.41,214735
2022-12-07,9.59,9.62,9.7,9.47,116799
2022-12-08,9.62,9.59,9.63,9.51,71240
2022-12-09,9.59,9.65,9.67,9.42,141080
2022-12-12,9.61,9.54,9.72,9.52,83586
2022-12-13,9.58,9.64,9.7,9.48,81576
2022-12-14,9.62,9.83,10.0,9.62,246198
2022-12-15,9.83,9.85,10.17,9.68,310518
2022-12-16,9.71,10.08,10.3,9.69,460324
2022-12-19,10.08,9.58,10.09,9.52,290442
2022-12-20,9.65,9.34,9.67,9.28,186915
2022-12-21,9.34,9.47,9.62,9.32,145117
2022-12-22,9.5,9.66,9.99,9.44,303959
2022-12-23,9.61,9.74,9.87,9.52,223452
2022-12-26,9.78,9.64,9.81,9.57,175037
2022-12-27,9.7,9.64,9.79,9.51,186118
2022-12-28,9.61,9.5,9.65,9.42,138333
2022-12-29,9.45,9.37,9.48,9.27,122888
2022-12-30,9.45,9.63,9.7,9.34,162428
2023-01-03,9.63,9.57,9.91,9.53,163480
2023-01-04,9.63,9.55,9.67,9.51,102487
2023-01-05,9.56,9.67,9.81,9.54,197710
2023-01-06,9.67,9.45,9.71,9.43,168670
2023-01-09,9.42,9.74,9.77,9.4,267592
2023-01-10,9.69,9.67,9.95,9.64,258873
2023-01-11,9.74,9.47,9.78,9.44,179956
2023-01-12,9.47,9.3,9.51,9.27,137675
2023-01-13,9.32,9.56,9.64,9.31,183322
2023-01-16,9.62,9.68,9.85,9.56,209718
2023-01-17,9.7,9.49,9.71,9.44,125912
2023-01-18,9.57,9.45,9.67,9.43,99576
2023-01-19,9.42,9.45,9.49,9.36,100629
2023-01-20,9.49,9.47,9.51,9.42,103288
2023-01-30,9.61,9.59,9.71,9.5,183502
2023-01-31,9.55,9.53,9.66,9.5,111957
2023-02-01,9.53,9.69,9.75,9.51,147187
2023-02-02,9.69,9.87,9.95,9.65,251950
2023-02-03,9.91,9.81,9.91,9.73,135782
2023-02-06,9.75,9.68,9.79,9.63,86488
2023-02-07,9.68,9.64,9.74,9.6,94773
2023-02-08,9.65,9.5,9.67,9.5,110605
2023-02-09,9.49,9.82,9.89,9.49,270659
2023-02-10,9.82,10.07,10.07,9.8,350373
2023-02-13,10.03,10.53,10.57,9.99,475130
2023-02-14,10.53,10.9,11.01,10.43,424742
2023-02-15,10.92,10.84,11.03,10.8,238908
2023-02-16,10.83,10.76,11.08,10.71,277960
2023-02-17,10.83,10.68,10.96,10.66,183271
2023-02-20,10.68,10.71,10.75,10.53,141108
2023-02-21,10.73,10.67,10.74,10.6,121488
2023-02-22,10.67,10.68,10.8,10.6,130600
2023-02-23,10.64,10.54,10.75,10.5,92440
2023-02-24,10.52,10.43,10.55,10.41,111405
2023-02-27,10.44,10.37,10.5,10.35,104634
2023-02-28,10.41,10.44,10.53,10.37,78900
2023-03-01,10.42,10.47,10.52,10.34,94016
2023-03-02,10.47,10.63,10.67,10.45,137650
2023-03-03,10.63,10.5,10.65,10.42,147270
2023-03-06,10.52,10.57,10.7,10.47,142189
2023-03-07,10.54,10.34,10.67,10.33,135230
2023-03-08,10.29,10.35,10.45,10.29,70155
2023-03-09,10.4,10.26,10.41,10.16,77458
2023-03-10,10.17,10.2,10.29,10.11,71182
2023-03-13,10.2,10.34,10.38,10.15,79717
2023-03-14,10.34,10.19,10.38,10.17,72383
2023-03-15,10.27,10.21,10.31,10.19,47595
2023-03-16,10.2,10.1,10.24,10.01,103718
2023-03-17,10.19,10.1,10.22,10.06,55016
2023-03-20,10.1,9.98,10.17,9.93,91368
2023-03-21,10.01,10.14,10.19,9.98,62178
2023-03-22,10.18,10.15,10.24,10.13,45614
2023-03-23,10.17,10.19,10.24,10.06,51204
2023-03-24,10.22,10.36,10.49,10.19,107312
2023-03-27,10.4,10.09,10.41,9.98,129218
2023-03-28,10.11,10.26,10.36,10.07,94938
2023-03-29,10.19,10.47,10.54,10.1,129444
2023-03-30,10.45,10.4,10.59,10.28,128070
2023-03-31,10.42,10.33,10.56,10.3,115786
2023-04-03,10.32,10.16,10.39,10.07,153674
2023-04-04,10.18,10.29,10.35,10.11,113187
2023-04-06,10.27,10.09,10.3,10.09,86123
2023-04-07,10.11,10.13,10.19,10.06,65649
2023-04-10,10.13,9.92,10.17,9.82,145348
2023-04-11,9.99,9.86,10.0,9.83,68851
2023-04-12,9.84,9.78,9.89,9.74,92281
2023-04-13,9.8,9.94,10.01,9.78,97248
2023-04-14,9.96,9.82,10.0,9.76,91712
2023-04-17,9.82,9.86,9.91,9.8,87057
2023-04-18,9.83,9.89,9.95,9.82,61137
2023-04-19,9.89,9.89,9.93,9.83,73793
2023-04-20,9.86,9.78,9.91,9.72,68345
2023-04-21,9.77,9.63,9.8,9.58,74061
2023-04-24,9.65,9.49,9.68,9.44,90821
2023-04-25,9.52,9.48,9.54,9.27,89632
2023-04-26,9.49,9.56,9.64,9.42,86247
2023-04-27,9.6,9.63,9.67,9.5,74772
2023-04-28,9.61,9.82,9.86,9.61,78383
2023-05-04,9.77,9.9,9.95,9.75,94892
2023-05-05,9.9,9.91,9.96,9.83,64674
2023-05-08,9.94,9.91,10.03,9.89,86303
2023-05-09,9.91,9.91,10.08,9.89,87116
2023-05-10,9.91,9.89,9.92,9.83,50287
2023-05-11,9.92,9.96,10.0,9.84,68799
2023-05-12,9.94,10.01,10.15,9.94,96665
2023-05-15,10.01,10.07,10.11,9.96,66275
2023-05-16,10.04,9.9,10.07,9.88,75436
2023-05-17,9.88,9.88,9.94,9.82,48832
2023-05-18,9.94,9.86,9.98,9.86,59450
2023-05-19,9.84,9.95,10.05,9.75,70445
2023-05-22,10.0,10.18,10.2,9.94,113296
2023-05-23,10.21,10.04,10.22,10.04,70418
2023-05-24,10.01,9.82,10.04,9.82,77291
2023-05-25,9.79,9.68,9.89,9.53,85367
2023-05-26,9.67,9.65,9.71,9.59,39911
2023-05-29,9.65,9.64,9.77,9.58,47686
2023-05-30,9.64,9.61,9.67,9.5,55719
2023-05-31,9.57,9.51,9.62,9.49,58167
2023-06-01,9.52,9.52,9.59,9.44,63585
2023-06-02,9.55,9.62,9.67,9.52,55529
2023-06-05,9.65,9.56,9.67,9.55,52050
2023-06-06,9.57,9.42,9.59,9.41,56780
2023-06-07,9.42,9.4,9.5,9.37,49478
2023-06-08,9.42,9.38,9.46,9.35,54197
2023-06-09,9.38,9.41,9.45,9.37,44935
2023-06-12,9.45,9.76,9.81,9.45,158752
2023-06-13,9.74,10.45,10.68,9.72,396831
2023-06-14,10.5,11.5,11.5,10.48,530251
2023-06-15,11.53,10.92,11.57,10.82,928987
2023-06-16,10.82,10.81,11.23,10.63,543617
2023-06-19,10.84,10.75,11.08,10.71,335886
2023-06-20,10.8,10.57,10.86,10.51,235058
2023-06-21,10.56,10.35,10.64,10.34,179566
2023-06-26,10.45,10.29,10.55,10.25,167574
2023-06-27,10.32,10.33,10.36,10.24,147605
