date,open,close,high,low,volume
2000-05-25,12.36,14.89,14.9,11.89,285829
2000-05-26,14.24,14.1,14.74,13.79,138973
2000-05-29,13.89,13.71,14.25,13.42,65999
2000-05-30,13.71,13.72,14.15,13.41,36579
2000-05-31,14.03,13.51,14.04,13.43,19998
2000-06-01,13.56,13.35,13.74,13.27,32074
2000-06-02,13.41,13.16,13.53,12.85,29260
2000-06-05,13.1,13.12,13.22,12.84,17462
2000-06-06,13.21,13.37,13.6,13.17,18835
2000-06-07,13.31,13.07,13.5,13.03,12817
2000-06-08,13.03,13.33,13.33,12.86,10466
2000-06-09,13.31,13.01,13.38,12.98,8616
2000-06-12,12.95,13.12,13.19,12.81,9024
2000-06-13,13.12,13.22,13.31,13.03,6940
2000-06-14,13.22,12.98,13.22,12.89,7913
2000-06-15,13.03,13.28,13.3,12.91,7991
2000-06-16,13.3,13.65,13.66,13.18,24793
2000-06-19,13.78,13.68,13.93,13.66,33967
2000-06-20,13.61,13.56,13.62,13.36,8998
2000-06-21,13.55,13.77,13.77,13.46,7262
2000-06-22,13.82,13.47,13.84,13.41,7363
2000-06-23,13.48,13.6,13.6,13.36,9350
2000-06-26,13.54,13.5,13.7,13.46,7057
2000-06-27,13.48,13.23,13.48,13.22,10479
2000-06-28,13.22,13.26,13.39,13.17,8495
2000-06-29,13.27,13.42,13.55,13.22,7014
2000-07-03,13.3,12.99,13.3,12.98,6017
2000-07-04,12.9,13.06,13.17,12.9,3111
2000-07-05,13.08,13.12,13.31,13.08,2736
2000-07-06,13.12,13.02,13.21,12.95,3513
2000-07-07,12.98,13.3,13.4,12.93,3474
2000-07-10,13.41,13.37,13.5,13.2,4900
2000-07-11,13.37,13.2,13.49,13.2,3061
2000-07-12,13.21,13.84,13.96,13.08,18635
2000-07-13,13.87,13.98,14.79,13.87,34382
2000-07-14,13.98,14.03,14.23,13.7,12581
2000-07-17,14.09,13.89,14.41,13.84,9715
2000-07-18,13.9,13.89,14.07,13.75,7365
2000-07-19,13.9,13.8,13.98,13.77,5308
2000-07-20,13.8,13.65,13.93,13.65,4749
2000-07-21,13.65,13.64,13.79,13.58,4024
2000-07-24,13.64,13.58,13.64,13.5,4159
2000-07-25,13.6,13.74,13.88,13.6,3343
2000-07-26,13.79,13.62,13.79,13.54,4610
2000-07-27,13.65,13.59,13.7,13.55,5426
2000-07-28,13.56,13.62,13.79,13.51,2981
2000-07-31,13.56,13.91,13.96,13.56,6245
2000-08-01,14.03,13.76,14.03,13.71,4223
2000-08-02,13.79,13.79,14.03,13.46,7912
2000-08-03,13.79,13.58,13.93,13.55,6250
2000-08-04,13.3,13.22,13.45,13.1,7385
2000-08-07,13.12,13.23,13.31,12.93,7663
2000-08-08,13.22,13.23,13.43,13.08,7669
2000-08-09,13.27,13.35,13.41,13.18,4086
2000-08-10,13.35,13.17,13.39,13.12,6262
2000-08-11,13.17,13.33,13.4,13.12,5213
2000-08-14,13.39,13.43,13.47,13.24,4072
2000-08-15,13.39,13.6,13.65,13.39,5437
2000-08-16,13.6,13.51,13.69,13.42,3675
2000-08-17,13.55,13.48,13.64,13.46,3817
2000-08-18,13.5,13.31,13.52,13.24,5145
2000-08-21,13.31,13.35,13.46,13.23,5366
2000-08-22,13.37,13.37,13.71,13.37,6787
2000-08-23,13.41,13.89,14.03,13.04,18795
2000-08-24,13.9,14.08,14.25,13.74,35879
2000-08-25,14.24,13.99,14.24,13.82,16880
2000-08-28,14.01,14.19,14.34,14.01,19776
2000-08-29,14.19,14.02,14.22,13.89,9834
2000-08-30,14.03,13.79,14.06,13.76,10287
2000-08-31,13.7,13.83,14.08,13.6,10601
2000-09-01,13.77,13.57,13.89,13.56,5529
2000-09-04,13.62,13.52,13.66,13.22,4545
2000-09-05,13.52,13.12,13.63,13.08,4091
2000-09-06,13.02,13.09,13.33,12.98,5552
2000-09-07,13.22,13.1,13.41,13.04,4257
2000-09-08,13.3,13.2,13.3,13.08,3797
2000-09-11,13.22,13.47,13.52,13.13,2852
2000-09-12,13.44,13.35,13.55,13.27,2677
2000-09-13,13.33,13.31,13.37,13.24,3358
2000-09-14,13.3,13.21,13.31,13.12,4026
2000-09-15,13.18,13.37,13.44,13.17,3322
2000-09-18,13.38,13.12,13.54,13.11,3524
2000-09-19,13.12,12.74,13.21,12.55,5638
2000-09-20,12.74,12.84,13.03,12.53,4771
2000-09-21,12.9,12.65,12.9,12.65,1985
2000-09-22,12.53,12.44,12.55,12.39,3276
2000-09-25,12.36,12.07,12.44,12.03,7046
2000-09-26,12.07,12.26,12.42,12.07,2357
2000-09-27,12.25,12.48,12.48,12.19,1637
2000-09-28,12.53,12.35,12.53,12.29,1480
2000-09-29,12.34,12.55,12.7,12.32,1978
2000-10-09,12.55,12.59,12.6,12.36,2942
2000-10-10,12.6,12.77,12.82,12.55,3141
2000-10-11,12.74,12.68,12.9,12.65,2814
2000-10-12,12.68,12.56,12.88,12.5,2612
2000-10-13,12.56,12.48,12.73,12.47,2128
2000-10-16,12.46,12.44,12.6,12.29,1783
2000-10-17,12.36,12.43,12.46,12.27,1265
2000-10-18,12.41,12.5,12.54,12.38,1353
2000-10-19,12.51,12.36,12.55,12.35,2228
2000-10-20,12.38,12.7,12.78,12.36,2717
2000-10-23,12.9,12.73,12.9,12.66,4607
2000-10-24,12.7,13.1,13.11,12.7,9149
2000-10-25,13.12,13.27,13.41,12.93,11094
2000-10-26,13.36,13.35,13.7,13.26,16947
2000-10-27,13.31,13.22,13.41,13.14,4506
2000-10-30,13.27,13.4,13.53,13.27,4035
2000-10-31,13.4,13.05,13.5,13.01,4067
2000-11-01,13.12,13.17,13.28,13.07,2787
2000-11-02,13.27,13.18,13.27,13.12,2594
2000-11-03,13.18,13.15,13.28,13.12,1987
2000-11-06,13.15,13.3,13.31,13.15,3418
2000-11-07,13.28,13.39,13.42,13.28,3145
2000-11-08,13.41,13.48,13.5,13.36,4484
2000-11-09,13.48,13.4,13.5,13.32,4189
2000-11-10,13.41,13.31,13.46,13.27,6387
2000-11-13,13.41,13.46,13.5,13.31,6021
2000-11-14,13.46,13.64,13.65,13.35,8080
2000-11-15,13.7,13.51,13.79,13.45,6708
2000-11-16,13.5,13.53,13.6,13.41,4969
2000-11-17,13.6,13.46,13.64,13.41,4630
2000-11-20,13.47,13.31,13.47,13.18,5641
2000-11-21,13.31,13.26,13.41,13.22,4164
2000-11-22,13.3,13.55,13.55,13.27,6193
2000-11-23,13.65,13.8,13.93,13.54,15766
2000-11-24,13.89,13.35,13.93,13.22,10812
2000-11-27,13.31,13.36,13.52,13.22,8637
2000-11-28,13.39,13.78,13.88,13.39,14619
2000-11-29,13.79,14.29,14.35,13.7,31314
2000-11-30,14.29,14.12,14.29,13.98,12170
2000-12-01,14.13,14.08,14.26,13.91,8592
2000-12-04,14.08,14.16,14.36,14.08,12104
2000-12-05,14.17,13.99,14.22,13.93,8366
2000-12-06,13.99,13.72,14.07,13.7,11038
2000-12-07,13.7,13.71,13.79,13.55,5826
2000-12-08,13.7,13.81,14.03,13.7,5316
2000-12-11,13.74,13.63,13.88,13.6,3585
2000-12-12,13.64,13.83,13.89,13.41,8178
2000-12-13,13.83,13.94,14.06,13.65,6238
2000-12-14,13.97,13.93,14.08,13.87,4122
2000-12-15,13.93,14.0,14.06,13.74,3884
2000-12-18,14.06,14.17,14.22,13.93,9421
2000-12-19,14.27,14.24,14.41,14.1,14995
2000-12-20,14.25,14.29,14.36,14.15,10290
2000-12-21,14.36,14.46,14.77,14.28,21334
2000-12-22,14.5,14.46,14.55,14.31,9404
2000-12-25,14.5,14.78,14.81,14.5,20128
2000-12-26,14.55,14.63,14.81,14.34,12130
2000-12-27,14.63,14.37,14.63,14.36,10202
2000-12-28,14.36,14.25,14.37,14.17,8601
2000-12-29,14.25,14.48,14.6,14.22,5837
2001-01-02,14.53,14.6,14.74,14.32,9994
2001-01-03,14.63,15.07,15.21,14.61,22211
2001-01-04,15.07,15.03,15.18,14.93,13232
2001-01-05,15.03,15.22,15.22,15.01,10313
2001-01-08,15.3,15.22,15.5,15.03,15142
2001-01-09,15.22,14.89,15.3,14.84,11383
2001-01-10,15.08,14.98,15.22,14.89,6383
2001-01-11,15.03,15.1,15.22,14.74,14132
2001-01-12,15.1,14.71,15.12,14.71,9622
2001-01-15,14.69,14.23,14.69,14.22,16777
2001-01-16,13.96,14.13,14.27,13.9,7261
2001-01-17,14.15,13.9,14.27,13.87,6841
2001-01-18,13.89,14.07,14.12,13.87,3311
2001-01-19,14.17,14.19,14.33,14.17,4058
2001-02-05,14.14,13.36,14.19,13.27,8045
2001-02-06,13.31,13.6,13.6,13.13,5167
2001-02-07,13.65,13.43,13.7,13.28,4391
2001-02-08,13.43,13.01,13.49,12.36,7153
2001-02-09,13.01,13.17,13.41,13.01,7577
2001-02-12,13.22,13.29,13.31,13.01,3171
2001-02-13,13.33,13.29,13.5,13.24,2310
2001-02-14,13.22,13.31,13.39,13.22,780
2001-02-15,13.32,13.22,13.46,13.17,1379
2001-02-16,13.22,13.2,13.22,12.96,2767
2001-02-19,13.27,13.44,13.49,13.22,1950
2001-02-20,13.44,13.38,13.59,13.37,2865
2001-02-21,13.31,13.1,13.39,13.01,2844
2001-02-22,13.03,13.03,13.17,13.02,1973
2001-02-23,13.03,13.16,13.16,12.93,2518
2001-02-26,13.23,13.41,13.41,13.22,2222
2001-02-27,13.49,13.5,13.53,13.39,1865
2001-02-28,13.52,13.42,13.55,13.36,1224
2001-03-01,13.51,13.49,13.51,13.35,1296
2001-03-02,13.5,13.58,13.62,13.5,2425
2001-03-05,13.63,13.45,13.65,13.41,2060
2001-03-06,13.39,13.4,13.46,13.34,1844
2001-03-07,13.46,13.4,13.5,13.36,2660
2001-03-08,13.41,13.27,13.41,13.08,3054
2001-03-09,13.28,13.3,13.33,13.2,3855
2001-03-12,13.22,13.31,13.31,13.12,3309
2001-03-13,13.33,13.22,13.34,13.12,3125
2001-03-14,13.17,13.46,13.48,13.17,1460
2001-03-15,13.48,13.66,13.66,13.48,5337
2001-03-16,13.65,13.6,13.73,13.58,3268
2001-03-19,13.62,13.89,13.92,13.52,4002
2001-03-20,13.89,13.91,13.96,13.77,4148
2001-03-21,13.93,13.88,13.96,13.8,3358
2001-03-22,13.8,13.77,13.93,13.69,5492
2001-03-23,13.8,13.81,14.03,13.77,6705
2001-03-26,13.79,14.12,14.14,13.65,5638
2001-03-27,14.24,14.13,14.24,14.09,3778
2001-03-28,14.19,14.06,14.22,14.03,3007
2001-03-29,14.06,14.05,14.13,14.03,4048
2001-03-30,14.05,14.01,14.1,13.8,3126
2001-04-02,14.18,14.25,14.25,14.08,6397
2001-04-03,14.27,14.12,14.3,13.99,4394
2001-04-04,14.12,13.81,14.21,13.79,6007
2001-04-05,13.77,14.02,14.02,13.75,4574
2001-04-06,14.02,13.89,14.06,13.85,3614
2001-04-09,13.79,14.34,14.41,13.79,10030
2001-04-10,14.41,14.47,14.55,14.36,11757
2001-04-11,14.49,14.46,14.51,14.31,6433
2001-04-12,14.36,14.41,14.46,14.1,5153
2001-04-13,14.41,14.36,14.46,14.27,4557
2001-04-16,14.41,14.5,14.61,14.36,10180
2001-04-17,14.5,14.47,14.55,14.18,7113
2001-04-18,14.5,14.32,14.5,14.28,6861
2001-04-19,14.31,14.64,14.65,14.27,12501
2001-04-20,14.68,14.67,15.2,14.65,26743
2001-04-23,14.65,14.51,14.65,14.25,9427
2001-04-24,14.5,14.63,14.84,14.46,9987
2001-04-25,14.57,14.29,14.7,14.27,8256
2001-04-26,14.18,14.1,14.36,14.08,7120
2001-04-27,14.1,14.1,14.15,13.98,4405
2001-04-30,14.06,14.09,14.11,13.98,4348
2001-05-08,14.09,14.33,14.55,14.04,2276
2001-05-09,14.36,14.51,14.55,14.27,4413
2001-05-10,14.67,14.65,14.7,14.49,5880
2001-05-11,14.91,15.47,15.93,14.91,83425
2001-05-14,15.46,15.69,15.74,15.32,42766
2001-05-15,15.74,15.89,15.93,15.55,32899
2001-05-16,15.89,15.6,15.9,15.55,19770
2001-05-17,15.59,15.32,15.65,15.23,20019
2001-05-18,15.2,15.48,15.6,15.2,13661
2001-05-21,15.5,16.54,17.0,15.46,55472
2001-05-22,16.54,16.46,16.72,16.29,26557
2001-05-23,16.46,16.83,16.89,15.94,30826
2001-05-24,16.83,16.74,17.12,16.56,23365
2001-05-25,16.74,16.56,16.93,16.27,18429
2001-05-28,16.63,16.53,16.79,16.27,11719
2001-05-29,16.46,16.55,16.74,16.31,11458
2001-05-30,16.65,16.79,16.79,16.37,12682
2001-05-31,16.82,16.9,17.1,16.63,14125
2001-06-01,16.84,16.72,16.99,16.65,9782
2001-06-04,16.72,16.31,16.74,16.22,17740
2001-06-05,16.3,16.82,16.84,16.27,12112
2001-06-06,16.84,16.9,17.11,16.61,10539
2001-06-07,16.82,16.53,16.9,16.46,6594
2001-06-08,16.53,16.43,16.6,16.36,5201
2001-06-11,16.43,16.36,16.43,16.27,8029
2001-06-12,16.34,16.77,16.88,16.34,7490
2001-06-13,16.96,17.52,17.6,16.94,27279
2001-06-14,17.55,16.84,17.6,16.67,15676
2001-06-15,16.84,17.3,17.43,16.84,9109
2001-06-18,17.31,16.57,17.46,16.37,12974
2001-06-19,16.57,15.62,16.7,15.53,20095
2001-06-20,15.6,15.83,15.9,15.52,15089
2001-06-21,15.84,16.02,16.13,15.41,8240
2001-06-22,16.09,16.26,16.44,16.06,9404
2001-06-25,16.29,16.36,16.5,16.06,9079
2001-06-26,16.36,16.16,16.46,16.12,8059
2001-06-27,16.16,15.96,16.17,15.85,9147
2001-06-29,15.87,15.86,16.07,15.79,4526
2001-07-02,15.87,15.72,15.92,15.67,5335
2001-07-03,15.79,15.93,15.93,15.61,3289
2001-07-04,15.94,15.89,15.95,15.79,2101
2001-07-05,15.98,15.83,16.13,15.81,4521
2001-07-06,15.93,15.65,15.98,15.61,2740
2001-07-09,15.65,15.5,15.78,15.41,2610
2001-07-10,15.52,15.63,15.7,15.52,2344
2001-07-11,15.7,15.41,15.79,15.41,2778
2001-07-12,15.39,15.14,15.39,14.98,5465
2001-07-13,15.08,14.89,15.13,14.82,4164
2001-07-16,15.1,14.98,15.41,14.84,6067
2001-07-17,14.93,15.31,15.31,14.93,2984
2001-07-18,15.49,15.5,15.5,15.31,2316
2001-07-19,15.65,15.5,15.65,15.31,1573
2001-07-20,15.5,15.69,15.7,15.4,3928
2001-07-23,15.71,15.52,15.75,15.49,2130
2001-07-24,15.47,15.08,15.47,15.03,3544
2001-07-25,14.93,14.99,15.1,14.9,2637
2001-07-26,15.01,14.65,15.03,14.46,5136
2001-07-27,14.67,14.52,14.76,14.48,2087
2001-07-30,13.81,13.08,14.0,13.08,8778
2001-07-31,12.82,13.09,13.57,12.82,5935
2001-08-01,13.1,13.49,13.58,13.1,4549
2001-08-02,13.49,13.15,13.52,12.57,5980
2001-08-03,13.13,13.33,13.43,12.87,2060
2001-08-06,13.33,13.12,13.52,13.01,3968
2001-08-07,13.03,13.34,13.43,13.03,2550
2001-08-08,13.41,13.32,13.5,13.25,2791
2001-08-09,13.36,13.58,13.59,13.36,2361
2001-08-10,13.62,13.71,13.9,13.62,3678
2001-08-13,13.81,13.62,13.81,13.58,2539
2001-08-14,13.6,13.41,13.74,13.14,2081
2001-08-15,13.33,13.35,13.49,13.24,1865
2001-08-16,13.26,13.12,13.29,13.05,2465
2001-08-17,13.05,13.2,13.31,13.05,1329
2001-08-20,13.24,13.21,13.31,12.86,2139
2001-08-21,13.19,13.23,13.32,13.19,1390
2001-08-22,13.23,13.05,13.23,12.93,1496
2001-08-23,12.76,13.33,13.33,12.76,1459
2001-08-24,13.33,13.03,13.33,12.97,944
2001-08-27,12.95,12.63,13.01,12.62,2925
2001-08-28,12.63,12.65,12.65,12.3,2258
2001-08-29,12.67,12.51,12.77,12.5,2426
2001-08-30,12.48,12.48,12.61,12.41,1227
2001-08-31,12.49,12.48,12.57,12.38,738
2001-09-03,12.43,12.14,12.48,12.14,1442
2001-09-04,12.08,12.45,12.48,12.03,2310
2001-09-05,12.46,12.7,12.86,12.36,8167
2001-09-06,12.55,12.57,12.69,12.48,2288
2001-09-07,12.57,11.91,12.57,11.9,5140
2001-09-10,11.76,12.29,12.32,11.62,2572
2001-09-11,12.31,12.15,12.33,12.09,2090
2001-09-12,11.9,11.89,12.23,11.43,5095
2001-09-13,11.83,11.84,12.05,11.82,1426
2001-09-14,11.9,11.65,11.96,11.6,2328
2001-09-18,11.42,10.88,11.71,10.49,17093
2001-09-19,10.83,10.88,10.9,10.5,5924
2001-09-20,10.88,10.93,11.17,10.77,5489
2001-09-21,10.91,10.83,11.0,10.81,1790
2001-09-24,10.83,10.68,10.86,10.66,1530
2001-09-25,10.71,10.88,10.94,10.68,1857
2001-09-26,10.9,10.51,10.94,10.5,2441
2001-09-27,10.49,10.71,10.76,10.48,2360
2001-09-28,10.85,10.57,10.85,10.29,2851
2001-10-08,10.59,10.08,10.61,10.0,2011
2001-10-09,10.03,10.24,10.38,9.94,2329
2001-10-10,10.24,9.73,10.27,9.7,2406
2001-10-11,9.74,9.51,9.82,9.39,2862
2001-10-12,9.57,10.02,10.1,9.24,5311
2001-10-15,10.05,10.1,10.26,9.9,3133
2001-10-16,10.11,9.73,10.11,9.52,1485
2001-10-17,9.71,9.6,9.82,9.6,953
2001-10-18,9.59,9.5,9.7,9.43,1885
2001-10-19,9.34,9.03,9.41,8.9,4551
2001-10-22,8.81,8.78,9.16,8.76,1756
2001-10-23,9.66,9.66,9.66,9.43,6946
2001-10-24,9.71,10.6,10.62,9.71,19827
2001-10-25,10.57,10.12,10.57,10.1,8899
2001-10-26,10.14,10.19,10.22,9.83,4093
2001-10-29,10.19,10.52,10.57,10.19,4022
2001-10-30,10.52,10.33,10.57,10.3,2894
2001-10-31,10.24,10.63,10.63,10.05,3880
2001-11-01,10.68,10.75,10.89,10.57,8087
2001-11-02,10.74,10.71,10.84,10.66,5260
2001-11-05,10.57,10.51,10.66,10.37,2930
2001-11-06,10.48,10.37,10.53,10.34,1917
2001-11-07,10.29,9.6,10.29,9.52,6712
2001-11-08,9.38,9.62,9.81,9.33,5323
2001-11-09,9.67,9.71,9.81,9.33,2851
2001-11-12,9.71,9.54,9.79,9.53,1975
2001-11-13,9.52,9.6,9.69,9.33,902
2001-11-14,9.62,9.6,9.67,9.55,739
2001-11-15,9.62,9.54,9.63,9.5,1947
2001-11-16,10.47,9.79,10.49,9.73,6788
2001-11-19,9.79,10.14,10.14,9.79,6788
2001-11-20,10.29,10.42,10.55,10.17,2712
2001-11-21,10.46,10.39,10.52,10.31,4712
2001-11-22,10.4,10.66,10.71,10.4,6108
2001-11-23,10.67,10.88,10.88,10.52,7460
2001-11-26,10.96,11.04,11.2,10.95,20325
2001-11-27,11.05,11.18,11.18,10.95,6484
2001-11-28,11.2,11.18,11.25,11.1,8200
2001-11-29,11.17,11.33,11.38,10.95,8337
2001-11-30,11.31,11.32,11.38,11.24,5603
2001-12-03,11.35,11.3,11.39,11.24,7954
2001-12-04,11.31,11.31,11.34,11.1,5304
2001-12-05,11.24,10.83,11.24,10.82,10688
2001-12-06,10.71,11.03,11.1,10.67,4738
2001-12-07,11.03,10.9,11.1,10.9,1905
2001-12-10,10.81,11.0,11.05,10.71,1780
2001-12-11,11.05,10.84,11.05,10.81,1651
2001-12-12,10.81,10.67,10.81,10.65,2869
2001-12-13,10.67,10.57,10.82,10.48,3178
2001-12-14,10.48,10.37,10.52,10.25,2365
2001-12-17,10.29,10.1,10.36,10.1,1979
2001-12-18,10.1,10.29,10.29,10.0,2451
2001-12-19,10.27,10.17,10.36,10.15,2026
2001-12-20,10.01,9.84,10.14,9.67,2261
2001-12-21,9.84,9.84,9.92,9.72,1244
2001-12-24,9.84,9.57,9.84,9.52,2922
2001-12-25,9.57,9.67,9.75,9.5,1317
2001-12-26,9.57,9.9,9.9,9.53,912
2001-12-27,9.9,9.78,9.94,9.76,1259
2001-12-28,9.78,9.93,9.95,9.76,1027
2001-12-31,10.08,10.03,10.16,9.95,1772
2002-01-04,10.05,9.78,10.05,9.71,1110
2002-01-07,9.67,9.59,9.67,9.5,1560
2002-01-08,9.52,9.59,9.71,9.52,772
2002-01-09,9.53,9.46,9.62,9.43,1854
2002-01-10,9.46,9.62,9.67,9.14,2313
2002-01-11,9.54,9.27,9.6,9.24,1320
2002-01-14,9.24,8.9,9.27,8.9,2177
2002-01-15,8.76,8.46,8.9,8.43,2878
2002-01-16,8.47,8.62,8.67,8.33,1846
2002-01-17,8.62,7.8,8.62,7.77,2138
2002-01-18,7.62,7.25,7.62,7.02,6589
2002-01-21,7.09,6.53,7.16,6.52,5318
2002-01-22,6.37,6.51,6.86,6.33,4549
2002-01-23,6.49,7.16,7.16,6.49,5125
2002-01-24,6.99,7.43,7.7,6.9,9173
2002-01-25,7.33,7.43,7.57,7.24,3967
2002-01-29,6.69,7.45,7.46,6.69,8735
2002-01-30,7.38,7.49,7.65,7.24,5579
2002-01-31,7.57,8.1,8.21,7.57,10470
2002-02-01,8.14,8.03,8.35,7.9,6781
2002-02-04,8.0,8.27,8.35,7.98,4132
2002-02-05,8.27,8.32,8.5,8.15,3851
2002-02-06,8.29,7.92,8.32,7.91,4113
2002-02-07,7.9,8.16,8.21,7.89,3000
2002-02-08,8.14,8.1,8.41,8.1,2307
2002-02-25,8.21,8.13,8.29,7.9,6049
2002-02-26,8.05,8.17,8.21,7.95,3278
2002-02-27,8.19,8.38,8.48,8.11,6225
2002-02-28,8.36,8.2,8.44,8.18,3348
2002-03-01,8.15,8.0,8.18,7.99,2814
2002-03-04,7.95,8.13,8.17,7.95,1679
2002-03-05,8.23,8.44,8.53,8.19,6461
2002-03-06,8.49,8.6,8.84,8.4,10232
2002-03-07,8.52,8.92,8.93,8.52,7968
2002-03-08,9.05,9.05,9.13,8.81,12367
2002-03-11,9.09,9.38,9.38,9.05,11642
2002-03-12,9.39,9.03,9.41,9.0,10008
2002-03-13,8.95,8.8,9.14,8.77,6623
2002-03-14,8.76,9.21,9.22,8.74,5383
2002-03-15,9.24,8.87,9.45,8.84,8629
2002-03-18,9.04,8.98,9.33,8.88,4724
2002-03-19,8.9,9.7,9.75,8.9,20529
2002-03-20,9.71,9.77,9.99,9.53,19454
2002-03-21,9.68,9.61,9.86,9.53,8889
2002-03-22,9.57,9.7,9.78,9.52,6986
2002-03-25,9.71,9.9,9.98,9.68,7385
2002-03-26,9.81,9.63,9.9,9.52,6095
2002-03-27,9.54,9.55,9.7,9.36,4594
2002-03-28,9.6,9.64,9.79,9.55,4132
2002-03-29,9.64,9.13,9.67,9.09,6583
2002-04-01,9.13,9.2,9.22,9.03,3605
2002-04-02,9.19,8.86,9.19,8.78,4712
2002-04-03,8.84,8.84,8.95,8.8,2547
2002-04-04,8.84,9.2,9.23,8.78,3106
2002-04-05,9.24,9.24,9.41,9.2,4123
2002-04-08,9.24,9.26,9.33,9.08,1904
2002-04-09,9.27,9.45,9.52,9.27,4111
2002-04-10,9.52,9.63,9.7,9.52,3572
2002-04-11,9.63,9.25,9.67,9.24,4278
2002-04-12,9.19,9.41,9.48,9.19,2708
2002-04-15,9.41,9.27,9.41,9.22,2157
2002-04-16,9.33,9.26,9.46,9.24,1802
2002-04-17,9.33,9.45,9.46,9.3,2426
2002-04-18,9.45,9.22,9.45,9.18,2118
2002-04-19,9.18,9.2,9.27,8.88,3374
2002-04-22,9.18,9.1,9.27,9.05,1413
2002-04-23,9.08,8.99,9.17,8.95,2025
2002-04-24,8.99,8.91,9.0,8.89,1670
2002-04-25,8.91,8.95,9.09,8.86,1721
2002-04-26,8.98,9.19,9.29,8.95,1944
2002-04-29,9.33,9.57,9.62,9.2,5468
2002-04-30,10.48,9.66,10.48,9.33,7346
2002-05-08,9.64,9.5,9.71,9.45,2299
2002-05-09,9.39,9.45,9.56,9.39,2139
2002-05-10,9.48,9.36,9.52,9.34,1952
2002-05-13,9.17,9.24,9.33,9.17,1967
2002-05-14,9.32,9.25,9.35,9.22,1740
2002-05-15,9.33,9.27,9.38,9.2,1586
2002-05-16,9.23,8.91,9.24,8.82,3214
2002-05-17,8.86,8.91,9.05,8.67,4152
2002-05-20,8.76,8.73,8.86,8.6,2376
2002-05-21,9.05,9.05,9.3,8.86,3432
2002-05-22,9.05,8.68,9.05,8.65,5768
2002-05-23,8.81,8.98,9.12,8.69,4990
2002-05-24,8.96,8.83,8.96,8.63,4861
2002-05-27,7.94,7.94,8.13,7.94,79536
2002-05-28,7.64,8.03,8.1,7.62,74903
2002-05-29,7.91,7.81,7.98,7.68,36178
2002-05-30,7.8,7.9,7.96,7.7,19630
2002-05-31,7.82,7.82,7.98,7.81,12363
2002-06-03,7.8,7.51,7.8,7.5,14865
2002-06-04,7.5,7.4,7.62,7.21,15900
2002-06-05,7.38,7.22,7.41,7.07,10912
2002-06-06,7.06,7.77,7.9,7.06,34856
2002-06-07,8.01,8.01,8.19,7.86,58701
2002-06-10,7.98,8.12,8.16,7.82,32683
2002-06-11,8.1,8.23,8.43,7.99,34315
2002-06-12,8.23,8.11,8.23,7.93,16623
2002-06-13,8.11,7.91,8.23,7.9,13778
2002-06-14,7.88,7.62,7.95,7.58,15676
2002-06-17,7.59,7.76,7.77,7.48,7483
2002-06-18,7.89,8.06,8.18,7.79,16629
2002-06-19,8.1,7.87,8.1,7.86,9212
2002-06-20,7.87,7.95,8.09,7.87,9883
2002-06-21,7.99,8.27,8.33,7.95,32183
2002-06-25,9.1,9.1,9.1,8.95,85139
2002-06-26,8.93,9.24,9.29,8.85,52409
2002-06-27,9.24,9.33,9.49,9.19,45037
2002-06-28,9.33,9.52,9.67,9.27,53391
2002-07-01,9.6,9.3,9.67,9.29,22984
2002-07-02,9.17,9.57,9.6,9.1,20628
2002-07-03,9.52,9.73,9.74,9.48,30025
2002-07-04,9.76,9.58,9.9,9.54,30213
2002-07-05,9.49,9.58,9.68,9.46,14899
2002-07-08,9.6,9.75,9.77,9.49,14837
2002-07-09,9.75,9.59,9.75,9.58,12229
2002-07-10,9.6,9.3,9.62,9.28,16776
2002-07-11,9.24,9.23,9.4,9.2,9541
2002-07-12,9.24,9.3,9.38,9.19,6287
2002-07-15,9.3,9.17,9.31,9.14,4690
2002-07-16,9.16,9.2,9.35,9.14,4270
2002-07-17,9.24,9.57,9.61,9.2,6909
2002-07-18,9.57,9.6,9.7,9.49,23632
2002-07-19,9.6,9.69,9.71,9.57,11223
2002-07-22,9.69,9.39,9.69,9.33,14119
2002-07-23,9.35,9.35,9.49,9.33,7179
2002-07-24,9.35,9.3,9.43,9.27,4676
2002-07-25,9.41,9.29,9.46,9.22,3588
2002-07-26,9.33,9.25,9.41,9.24,2635
2002-07-29,9.25,9.46,9.5,9.19,4443
2002-07-30,9.46,9.5,9.59,9.35,6420
2002-07-31,9.44,9.3,9.52,9.24,6392
2002-08-01,9.25,9.19,9.33,9.1,6473
2002-08-02,9.19,9.22,9.28,9.1,3223
2002-08-05,9.25,9.02,9.25,9.0,5556
2002-08-06,9.0,9.17,9.26,9.0,4406
2002-08-07,9.15,9.19,9.22,9.08,1572
2002-08-08,9.19,9.1,9.21,9.05,2245
2002-08-09,9.0,9.01,9.07,8.98,2529
2002-08-12,8.96,8.94,9.03,8.91,1878
2002-08-13,8.95,9.0,9.09,8.95,1643
2002-08-14,9.05,9.16,9.17,9.05,1828
2002-08-15,9.07,9.04,9.14,9.03,1456
2002-08-16,9.01,9.14,9.21,8.95,2552
2002-08-19,9.1,9.14,9.15,9.04,1521
2002-08-20,9.15,9.23,9.35,9.14,8073
2002-08-21,9.24,9.16,9.24,9.14,3776
2002-08-22,9.17,9.32,9.41,9.13,6944
2002-08-23,9.32,9.27,9.35,9.25,2174
2002-08-26,9.22,9.16,9.27,9.12,3625
2002-08-27,9.16,9.24,9.32,9.14,3761
2002-08-28,9.24,9.27,9.38,9.19,3168
2002-08-29,9.28,9.47,9.58,9.26,17021
2002-08-30,9.47,9.35,9.47,9.33,7688
2002-09-02,9.44,9.8,9.81,9.38,44876
2002-09-03,9.8,9.87,9.9,9.7,31949
2002-09-04,9.87,9.73,9.89,9.67,17808
2002-09-05,9.64,9.47,9.73,9.46,20056
2002-09-06,9.38,9.4,9.52,9.34,9393
2002-09-09,9.38,9.2,9.38,9.16,7669
2002-09-10,9.21,9.22,9.27,9.16,3936
2002-09-11,9.24,9.14,9.26,8.94,8163
2002-09-12,9.16,9.12,9.24,9.0,5286
2002-09-13,9.1,9.14,9.14,9.06,2352
2002-09-16,9.14,8.85,9.14,8.81,6650
2002-09-17,8.87,8.81,8.95,8.69,3800
2002-09-18,8.81,8.67,8.85,8.67,2872
2002-09-19,8.62,8.9,8.95,8.48,5626
2002-09-20,8.9,8.71,8.9,8.69,2808
2002-09-23,8.71,8.65,8.73,8.62,1813
2002-09-24,8.72,8.61,8.74,8.57,2898
2002-09-25,8.61,8.71,8.73,8.57,1401
2002-09-26,8.7,8.62,8.76,8.59,1889
2002-09-27,8.62,8.43,8.67,8.38,4291
2002-10-08,8.36,8.29,8.36,8.2,2508
2002-10-09,8.32,8.19,8.4,8.06,2441
2002-10-10,8.17,8.18,8.36,8.15,1715
2002-10-11,8.18,8.14,8.27,8.11,1879
2002-10-14,8.13,8.26,8.27,7.98,4524
2002-10-15,8.26,8.15,8.33,8.14,2081
2002-10-16,8.17,8.23,8.35,8.14,4234
2002-10-17,8.21,8.01,8.24,8.0,3641
2002-10-18,7.98,7.95,8.0,7.77,5496
2002-10-21,7.94,7.9,7.95,7.81,1853
2002-10-22,7.89,8.11,8.17,7.89,4974
2002-10-23,8.1,8.18,8.19,8.01,2621
2002-10-24,8.18,8.0,8.18,7.98,2650
2002-10-25,8.0,7.83,8.08,7.81,2364
2002-10-28,7.83,7.79,7.89,7.63,3002
2002-10-29,7.68,7.78,7.81,7.68,2273
2002-10-30,7.78,7.73,7.82,7.68,1641
2002-10-31,7.86,7.79,7.98,7.78,1546
2002-11-01,7.83,7.84,7.9,7.79,1088
2002-11-04,7.9,8.04,8.05,7.86,2274
2002-11-05,8.04,8.19,8.25,8.0,5762
2002-11-06,8.19,8.13,8.21,8.1,2435
2002-11-07,8.13,8.08,8.19,8.04,2026
2002-11-08,8.18,7.77,8.27,7.76,3623
2002-11-11,7.79,7.67,7.85,7.67,2055
2002-11-12,7.67,7.37,7.76,7.3,5076
2002-11-13,7.37,7.38,7.41,7.15,4063
2002-11-14,7.33,6.98,7.34,6.94,3826
2002-11-15,6.95,7.08,7.22,6.82,7099
2002-11-18,7.08,7.15,7.27,7.05,4960
2002-11-19,7.15,7.24,7.27,7.09,2682
2002-11-20,7.22,6.82,7.22,6.81,3206
2002-11-21,6.76,6.73,6.87,6.72,3811
2002-11-22,6.81,6.81,6.95,6.67,4039
2002-11-25,6.8,6.84,6.92,6.7,1818
2002-11-26,6.82,6.58,6.9,6.58,2606
2002-11-27,6.49,6.67,6.71,6.48,2980
2002-11-28,6.67,6.9,6.9,6.58,2776
2002-11-29,6.9,6.98,7.12,6.84,7860
2002-12-02,6.87,6.65,6.97,6.63,2866
2002-12-03,6.62,6.81,6.82,6.57,2551
2002-12-04,6.78,6.89,7.06,6.78,4326
2002-12-05,6.89,6.9,6.9,6.78,2583
2002-12-06,6.86,6.91,6.95,6.83,1723
2002-12-09,6.9,6.82,6.95,6.79,1366
2002-12-10,6.81,6.67,6.88,6.66,1862
2002-12-11,6.67,6.53,6.67,6.5,2137
2002-12-12,6.53,6.61,6.71,6.53,2425
2002-12-13,6.51,6.77,6.81,6.43,2786
2002-12-16,6.77,6.93,6.97,6.69,4505
2002-12-17,6.93,6.95,7.0,6.87,2608
2002-12-18,6.97,6.88,7.05,6.87,2767
2002-12-19,6.86,6.9,6.9,6.76,2588
2002-12-20,6.94,7.05,7.07,6.9,5258
2002-12-23,7.1,7.04,7.22,7.01,4737
2002-12-24,7.01,7.05,7.06,6.9,4106
2002-12-25,7.1,6.91,7.1,6.87,3334
2002-12-26,6.87,6.68,6.9,6.59,5121
2002-12-27,6.65,6.58,6.66,6.5,5574
2002-12-30,6.57,6.52,6.66,6.49,2740
2002-12-31,6.52,6.48,6.59,6.48,2773
2003-01-02,6.38,6.3,6.51,6.22,3651
2003-01-03,6.27,6.31,6.36,6.24,2327
2003-01-06,6.29,6.43,6.46,6.25,2086
2003-01-07,6.45,6.36,6.52,6.33,2379
2003-01-08,6.33,6.64,6.67,6.33,3198
2003-01-09,6.64,6.88,6.93,6.56,9691
2003-01-10,6.86,6.87,6.9,6.74,8026
2003-01-13,7.1,7.23,7.42,7.1,33446
2003-01-14,7.18,7.47,7.62,7.14,23526
2003-01-15,7.49,7.34,7.53,7.31,14918
2003-01-16,7.38,7.7,7.77,7.34,16773
2003-01-17,7.71,7.54,7.72,7.52,10132
2003-01-20,7.48,7.43,7.48,7.32,6428
2003-01-21,7.44,7.32,7.57,7.3,8992
2003-01-22,7.26,7.36,7.41,7.15,5833
2003-01-23,7.34,7.3,7.45,7.29,6350
2003-01-24,7.22,7.38,7.4,7.18,4102
2003-01-27,7.48,7.51,7.61,7.41,6355
2003-01-28,7.52,7.52,7.54,7.44,4510
2003-01-29,7.52,7.45,7.56,7.44,3877
2003-02-10,7.47,7.28,7.5,7.24,2327
2003-02-11,7.33,7.39,7.42,7.28,1962
2003-02-12,7.35,7.65,7.65,7.32,8788
2003-02-13,7.67,7.58,7.67,7.55,5476
2003-02-14,7.58,7.63,7.64,7.55,4802
2003-02-17,7.63,7.64,7.79,7.61,8414
2003-02-18,7.62,7.58,7.67,7.54,3597
2003-02-19,7.59,7.59,7.61,7.49,2229
2003-02-20,7.66,7.65,7.75,7.62,3201
2003-02-21,7.7,7.38,7.7,7.36,5699
2003-02-24,7.33,7.48,7.49,7.28,3637
2003-02-25,7.45,7.58,7.59,7.45,4319
2003-02-26,7.57,7.71,7.71,7.52,4817
2003-02-27,7.67,7.69,7.74,7.59,5918
2003-02-28,7.67,7.67,7.67,7.53,3292
2003-03-03,7.66,7.7,7.72,7.6,2696
2003-03-04,7.75,7.86,7.94,7.75,12271
2003-03-05,7.89,7.83,7.89,7.68,5772
2003-03-06,7.83,7.6,7.83,7.58,4218
2003-03-07,7.6,7.56,7.69,7.56,2983
2003-03-10,7.54,7.33,7.61,7.33,3344
2003-03-11,7.32,7.33,7.41,7.25,2473
2003-03-12,7.3,7.34,7.36,7.19,2103
2003-03-13,7.37,7.25,7.38,7.24,1987
2003-03-14,7.22,7.26,7.33,7.22,1768
2003-03-17,7.26,7.14,7.26,7.05,2565
2003-03-18,7.16,7.05,7.24,7.05,1881
2003-03-19,7.04,7.04,7.07,6.91,1920
2003-03-20,7.05,7.02,7.08,7.0,1501
2003-03-21,6.96,7.09,7.12,6.96,1795
2003-03-24,7.06,7.1,7.14,7.06,794
2003-03-25,7.1,6.95,7.1,6.95,939
2003-03-26,6.93,6.91,7.0,6.91,1073
2003-03-27,6.88,7.14,7.29,6.76,2770
2003-03-28,7.12,7.19,7.31,7.07,4910
2003-03-31,7.14,7.2,7.24,7.1,3103
2003-04-01,7.2,7.19,7.21,7.12,4028
2003-04-02,7.2,7.14,7.31,7.13,1773
2003-04-03,7.14,7.01,7.14,7.01,2894
2003-04-04,7.0,7.01,7.07,6.99,1934
2003-04-07,7.01,6.87,7.02,6.77,3252
2003-04-08,6.84,6.99,7.01,6.78,4688
2003-04-09,6.96,6.95,7.0,6.84,5513
2003-04-10,6.95,6.9,7.03,6.81,7525
2003-04-11,6.83,6.92,6.97,6.77,11612
2003-04-14,6.92,7.15,7.16,6.84,16114
2003-04-15,7.24,7.15,7.3,7.1,9097
2003-04-16,7.14,6.76,7.18,6.67,15050
2003-04-17,6.68,6.87,6.89,6.68,7158
2003-04-18,6.88,6.87,6.93,6.76,4632
2003-04-21,6.87,6.9,6.94,6.79,5371
2003-04-22,6.9,7.15,7.18,6.86,8936
2003-04-23,7.15,7.02,7.15,6.98,7135
2003-04-24,6.95,6.78,6.95,6.76,4799
2003-04-25,6.75,6.49,6.82,6.48,4341
2003-04-28,6.49,6.44,6.49,6.29,6431
2003-04-29,6.44,6.32,6.53,6.3,4185
2003-04-30,6.5,6.51,6.67,6.29,4529
2003-05-12,6.29,5.89,6.33,5.87,33166
2003-05-13,5.88,5.54,5.88,5.5,17112
2003-05-14,5.5,5.78,5.82,5.48,15438
2003-05-15,5.77,5.91,5.93,5.64,12022
2003-05-16,6.08,5.79,6.08,5.75,10224
2003-05-19,5.71,5.9,5.97,5.7,11247
2003-05-20,5.9,5.95,5.96,5.77,8835
2003-05-21,5.95,6.12,6.19,5.9,26961
2003-05-22,6.12,6.13,6.22,6.05,11734
2003-05-23,6.13,6.19,6.21,6.1,12210
2003-05-26,6.19,6.18,6.28,6.14,8485
2003-05-27,6.19,6.2,6.21,6.05,6447
2003-05-28,6.24,6.15,6.24,6.14,5514
2003-05-29,6.11,6.19,6.19,6.1,5164
2003-05-30,6.19,6.25,6.27,6.12,13801
2003-06-02,6.29,6.39,6.46,6.29,14063
2003-06-03,6.41,6.29,6.41,6.29,4917
2003-06-04,6.01,6.2,6.29,6.01,5326
2003-06-05,6.2,6.17,6.38,6.16,5396
2003-06-06,6.14,6.1,6.2,5.99,6488
2003-06-09,6.1,6.09,6.17,6.05,3266
2003-06-10,6.09,6.15,6.17,6.09,2509
2003-06-11,6.19,6.31,6.36,6.14,5765
2003-06-12,6.33,6.29,6.34,6.25,4662
2003-06-13,6.29,6.3,6.34,6.22,3602
2003-06-16,6.32,6.33,6.33,6.23,3032
2003-06-17,6.34,6.27,6.34,6.24,4842
2003-06-18,6.24,6.18,6.29,6.17,3722
2003-06-19,6.16,6.1,6.2,6.06,4524
2003-06-20,6.1,6.14,6.17,6.1,2939
2003-06-23,6.14,6.11,6.2,6.05,3180
2003-06-24,6.11,6.11,6.13,6.05,2261
2003-06-25,6.1,6.1,6.13,6.05,2297
2003-06-26,6.08,5.98,6.08,5.9,3741
2003-06-27,5.98,5.9,6.02,5.9,3749
2003-07-01,5.9,5.82,5.94,5.81,3250
2003-07-02,5.8,5.81,5.81,5.67,4465
2003-07-03,5.79,5.83,5.84,5.79,1843
2003-07-04,5.87,5.8,5.87,5.79,1319
2003-07-07,5.79,5.8,5.81,5.73,1482
2003-07-08,5.81,5.9,5.9,5.8,1013
2003-07-09,5.9,5.87,5.92,5.81,2921
2003-07-10,5.87,5.96,5.98,5.86,3281
2003-07-11,5.93,6.16,6.18,5.92,6478
2003-07-14,6.16,6.1,6.18,6.05,3971
2003-07-15,6.08,6.27,6.29,6.05,6492
2003-07-16,6.27,6.24,6.29,6.18,5301
2003-07-17,6.2,6.19,6.26,6.14,6171
2003-07-18,6.19,5.94,6.22,5.92,5110
2003-07-21,5.83,5.93,5.94,5.83,2962
2003-07-22,5.9,5.92,5.98,5.9,3139
2003-07-23,6.03,6.1,6.1,5.86,2579
2003-07-24,6.14,6.25,6.27,6.01,7441
2003-07-25,6.27,6.15,6.27,6.05,5981
2003-07-28,6.15,6.12,6.17,6.06,2735
2003-07-29,6.08,6.24,6.24,6.08,5305
2003-07-30,6.19,6.19,6.24,6.13,2079
2003-07-31,6.24,6.11,6.24,6.08,2702
2003-08-01,6.15,6.22,6.23,6.08,2327
2003-08-04,6.15,6.31,6.35,6.05,7914
2003-08-05,6.29,6.35,6.36,6.27,12872
2003-08-06,6.33,6.3,6.33,6.26,6693
2003-08-07,6.33,6.33,6.46,6.33,53975
2003-08-08,6.24,6.08,6.27,6.07,14047
2003-08-11,6.06,5.96,6.06,5.89,6662
2003-08-12,5.9,5.98,6.05,5.9,4213
2003-08-13,5.97,5.9,5.97,5.89,3991
2003-08-14,5.89,5.9,5.98,5.83,3287
2003-08-15,5.9,5.81,5.9,5.78,4689
2003-08-18,5.78,5.81,5.85,5.77,1601
2003-08-19,5.83,5.82,5.87,5.78,1200
2003-08-20,5.81,5.84,5.89,5.77,1220
2003-08-21,5.84,5.81,5.85,5.78,1360
2003-08-22,5.81,5.62,5.83,5.61,5258
2003-08-25,5.53,5.43,5.59,5.38,5166
2003-08-26,5.43,5.5,5.5,5.39,3093
2003-08-27,5.41,5.5,5.6,5.41,1059
2003-08-28,5.52,5.38,5.52,5.38,1507
2003-08-29,5.38,5.31,5.38,5.24,2660
2003-09-01,5.24,5.47,5.47,5.24,2235
2003-09-02,5.47,5.39,5.5,5.35,2131
2003-09-03,5.37,5.47,5.48,5.3,3812
2003-09-04,5.46,5.46,5.55,5.43,3603
2003-09-05,5.46,5.41,5.5,5.3,1821
2003-09-08,5.34,5.35,5.4,5.3,1178
2003-09-09,5.43,5.31,5.43,5.3,1092
2003-09-10,5.31,5.3,5.41,5.27,1374
2003-09-11,5.3,5.27,5.33,5.27,1197
2003-09-12,5.28,5.12,5.36,5.12,2129
2003-09-15,4.99,4.98,5.13,4.97,1913
2003-09-16,5.0,5.06,5.06,4.95,1812
2003-09-17,5.1,4.9,5.1,4.9,2765
2003-09-18,4.86,4.88,4.92,4.77,3075
2003-09-19,4.88,4.9,4.92,4.82,2542
2003-09-22,4.93,4.88,4.95,4.84,2533
2003-09-23,4.86,4.9,4.92,4.79,4673
2003-09-24,4.9,5.01,5.03,4.89,4914
2003-09-25,5.03,4.88,5.03,4.87,2351
2003-09-26,4.86,4.87,4.89,4.84,1089
2003-09-29,4.87,4.7,4.91,4.67,3328
2003-09-30,4.68,4.78,4.85,4.67,2937
2003-10-08,4.76,4.82,4.91,4.71,1221
2003-10-09,4.83,4.82,4.88,4.81,640
2003-10-10,4.86,4.96,4.98,4.79,3757
2003-10-13,4.96,4.94,4.98,4.88,2121
2003-10-14,4.94,4.88,4.95,4.86,1097
2003-10-15,4.85,4.84,4.9,4.81,1886
2003-10-16,4.81,4.7,4.82,4.7,2105
2003-10-17,4.76,4.75,4.76,4.7,1044
2003-10-20,4.75,4.75,4.76,4.7,1880
2003-10-21,4.74,4.79,4.8,4.7,1726
2003-10-22,4.8,4.91,4.94,4.8,3257
2003-10-23,4.92,4.94,5.02,4.91,5682
2003-10-24,4.96,4.89,4.96,4.84,2216
2003-10-27,4.89,4.79,4.89,4.75,2944
2003-10-28,4.84,5.04,5.18,4.84,27467
2003-10-29,5.01,4.54,5.01,4.53,17022
2003-10-30,4.48,4.29,4.48,4.28,8108
2003-10-31,4.29,4.33,4.49,4.29,6613
2003-11-03,4.3,4.33,4.35,4.24,4730
2003-11-04,4.33,4.41,4.5,4.31,9658
2003-11-05,4.39,4.23,4.4,4.23,7767
2003-11-06,4.21,4.0,4.28,3.9,8604
2003-11-07,3.95,4.03,4.06,3.9,4625
2003-11-10,4.05,3.97,4.05,3.92,2353
2003-11-11,3.96,4.05,4.06,3.92,3124
2003-11-12,4.08,4.09,4.28,4.07,12823
2003-11-13,4.05,4.08,4.16,3.9,4396
2003-11-17,4.1,4.45,4.49,4.08,40305
2003-11-18,4.34,4.38,4.42,4.29,16364
2003-11-19,4.32,4.48,4.59,4.3,23877
2003-11-20,4.46,4.57,4.69,4.37,24625
2003-11-21,4.62,4.46,4.75,4.4,19084
2003-11-24,4.46,4.6,4.65,4.46,14656
2003-11-25,4.71,4.69,4.87,4.54,29676
2003-11-26,4.71,4.8,4.85,4.65,16584
2003-11-27,4.83,4.63,4.85,4.62,9652
2003-11-28,4.57,4.58,4.66,4.54,6929
2003-12-01,4.62,4.73,4.74,4.57,8409
2003-12-02,4.76,4.82,4.94,4.48,18527
2003-12-03,4.81,4.91,4.97,4.71,20813
2003-12-04,4.94,4.98,4.99,4.84,12243
2003-12-05,4.95,4.92,4.95,4.86,7237
2003-12-08,4.92,4.8,4.93,4.79,7247
2003-12-09,4.76,4.71,4.76,4.6,6942
2003-12-10,4.7,4.82,4.83,4.7,7912
2003-12-11,4.82,4.76,4.85,4.7,8687
2003-12-15,4.75,4.69,4.76,4.57,12808
2003-12-16,4.65,4.59,4.65,4.52,9304
2003-12-17,4.57,4.5,4.62,4.49,7138
2003-12-18,4.41,4.32,4.48,4.3,8527
2003-12-19,4.29,4.08,4.36,3.9,12114
2003-12-22,4.12,4.2,4.21,3.96,8067
2003-12-23,4.22,4.39,4.48,4.14,16116
2003-12-24,4.39,4.35,4.39,4.3,7603
2003-12-25,4.34,4.33,4.38,4.25,10627
2003-12-26,4.31,4.41,4.43,4.28,8467
2003-12-29,4.4,4.25,4.4,4.23,5714
2003-12-30,4.23,4.19,4.23,4.14,5322
2003-12-31,4.2,4.17,4.21,4.13,3698
2004-01-02,4.17,4.3,4.32,4.14,5152
2004-01-05,4.29,4.27,4.32,4.14,11090
2004-01-06,4.24,4.52,4.52,4.21,26748
2004-01-07,4.53,4.59,4.66,4.37,37279
2004-01-08,4.59,4.59,4.64,4.49,15775
2004-01-09,4.61,4.38,4.65,4.37,16452
2004-01-12,4.38,4.4,4.47,4.31,8256
2004-01-13,4.4,4.48,4.51,4.39,7364
2004-01-14,4.48,4.55,4.57,4.44,8944
2004-01-15,4.55,4.47,4.55,4.46,6145
2004-01-16,4.47,4.51,4.52,4.38,6155
2004-01-29,4.55,4.69,4.69,4.49,11312
2004-01-30,4.75,4.66,4.78,4.63,12701
2004-02-02,4.71,4.81,4.9,4.62,15635
2004-02-03,4.82,4.98,4.98,4.76,26279
2004-02-04,5.03,5.01,5.04,4.89,21290
2004-02-05,4.96,5.18,5.19,4.92,25731
2004-02-06,5.17,5.0,5.17,5.0,20424
2004-02-09,4.99,5.07,5.1,4.99,16682
2004-02-10,5.09,5.15,5.2,5.04,18961
2004-02-11,5.14,5.15,5.25,5.08,15653
2004-02-12,5.17,5.43,5.67,5.17,67886
2004-02-13,5.3,5.42,5.56,5.3,30044
2004-02-16,5.43,5.52,5.52,5.35,12709
2004-02-17,5.52,5.61,5.65,5.46,21932
2004-02-18,5.57,5.61,5.66,5.49,14327
2004-02-19,5.63,5.76,5.79,5.57,24730
2004-02-20,5.77,5.94,6.07,5.71,30640
2004-02-23,5.95,6.02,6.32,5.95,46289
2004-02-24,6.0,6.09,6.1,5.71,35768
2004-02-25,6.04,5.85,6.29,5.81,34376
2004-02-26,5.72,5.77,5.94,5.71,21813
2004-02-27,5.77,5.86,6.0,5.74,16541
2004-03-01,5.9,5.92,5.98,5.84,14884
2004-03-02,5.92,6.16,6.27,5.86,32477
2004-03-03,6.18,5.93,6.24,5.87,18670
2004-03-04,5.88,5.94,6.01,5.8,13076
2004-03-05,5.95,5.84,6.0,5.74,10306
2004-03-08,5.84,5.81,5.9,5.76,9746
2004-03-09,5.79,5.49,5.86,5.43,15645
2004-03-10,5.49,5.67,5.71,5.45,13165
2004-03-11,5.71,5.79,5.8,5.52,12694
2004-03-12,5.77,5.75,5.81,5.71,11402
2004-03-15,5.8,5.9,6.1,5.77,18933
2004-03-16,5.92,5.99,6.05,5.89,12417
2004-03-17,5.95,5.99,6.02,5.93,9281
2004-03-18,6.0,5.95,6.16,5.86,16937
2004-03-19,5.83,5.99,6.05,5.83,12855
2004-03-22,6.01,6.14,6.17,5.97,14676
2004-03-23,6.09,6.19,6.25,6.04,24247
2004-03-24,6.21,6.11,6.24,6.08,10953
2004-03-25,6.18,6.34,6.36,5.9,35989
2004-03-26,6.32,6.37,6.38,6.24,21441
2004-03-29,6.38,6.6,6.69,6.38,37944
2004-03-30,6.62,6.63,6.64,6.48,14547
2004-03-31,6.65,6.66,6.82,6.58,20001
2004-04-01,6.67,6.66,6.71,6.52,18121
2004-04-02,6.67,6.67,6.74,6.55,19729
2004-04-05,6.67,6.62,6.72,6.55,17092
2004-04-06,6.58,6.74,6.82,6.58,24524
2004-04-07,7.12,6.76,7.12,6.67,27721
2004-04-08,6.67,7.3,7.44,6.45,90123
2004-04-09,7.39,7.17,7.48,6.98,45438
2004-04-12,7.12,7.26,7.3,7.01,21174
2004-04-13,7.24,7.34,7.48,7.12,28685
2004-04-14,7.34,6.94,7.43,6.9,25940
2004-04-15,6.71,6.5,7.04,6.49,32468
2004-04-16,6.43,6.55,6.65,6.1,27505
2004-04-19,6.46,6.6,6.63,6.3,11961
2004-04-20,6.62,6.71,6.72,6.46,10518
2004-04-21,6.72,6.76,6.83,6.63,7764
2004-04-22,6.72,6.67,6.82,6.65,6810
2004-04-23,6.76,6.34,6.76,6.24,14316
2004-04-26,6.28,6.32,6.48,6.19,7165
2004-04-27,6.52,6.34,6.52,6.24,5644
2004-04-28,6.29,5.96,6.38,5.9,9526
2004-04-29,5.96,5.84,6.1,5.82,12800
2004-04-30,5.9,5.83,5.99,5.57,7142
2004-05-10,5.8,5.71,5.89,5.67,3791
2004-05-11,5.79,5.94,5.96,5.69,4186
2004-05-12,5.94,6.3,6.3,5.94,6496
2004-05-13,6.33,6.32,6.35,6.21,5411
2004-05-14,6.37,6.13,6.42,6.1,7693
2004-05-17,6.06,6.13,6.21,6.05,3176
2004-05-19,6.29,6.2,6.41,6.19,4893
2004-05-20,6.18,6.18,6.29,6.0,5571
2004-05-21,6.23,6.1,6.23,5.95,3801
2004-05-24,6.1,5.94,6.17,5.92,4353
2004-05-25,6.1,5.81,6.1,5.71,5550
2004-05-26,5.72,5.81,5.9,5.71,4317
2004-05-27,5.6,5.91,5.94,5.6,7573
2004-05-28,6.17,5.94,6.17,5.84,4499
2004-05-31,6.14,6.1,6.21,5.87,8382
2004-06-01,6.05,6.17,6.21,6.05,6519
2004-06-02,6.19,6.13,6.26,6.07,8662
2004-06-03,6.26,6.15,6.26,6.07,4091
2004-06-04,6.19,6.01,6.19,5.9,12029
2004-06-07,6.17,5.91,6.17,5.72,5090
2004-06-08,5.82,5.87,5.9,5.79,2765
2004-06-09,6.0,5.78,6.0,5.65,5341
2004-06-10,5.72,5.8,5.81,5.62,4457
2004-06-11,5.79,5.89,5.99,5.67,8480
2004-06-14,5.72,5.75,5.89,5.6,3799
2004-06-15,5.75,5.85,5.86,5.64,5465
2004-06-16,5.77,5.72,5.93,5.7,3057
2004-06-17,5.73,5.51,5.77,5.47,6705
2004-06-18,5.51,5.28,5.51,4.96,21378
2004-06-21,5.1,5.14,5.28,5.02,9666
2004-06-22,5.31,5.13,5.31,4.76,9089
2004-06-23,5.1,5.04,5.12,4.91,4142
2004-06-24,5.14,4.97,5.14,4.86,7814
2004-06-25,4.89,4.67,4.94,4.57,12399
2004-06-28,4.81,4.39,4.81,4.29,10393
2004-06-29,4.29,4.41,4.47,4.29,9242
2004-06-30,4.41,4.36,4.48,4.34,4643
2004-07-01,4.45,4.72,4.79,4.36,16928
2004-07-02,4.48,4.88,5.03,4.48,17693
2004-07-05,4.77,4.9,4.92,4.76,5262
2004-07-06,4.9,4.85,5.0,4.81,7304
2004-07-07,4.82,4.74,4.84,4.68,4784
2004-07-08,4.72,4.74,4.79,4.61,3048
2004-07-09,4.86,4.69,4.86,4.65,4507
2004-07-12,4.62,4.52,4.66,4.48,2979
2004-07-13,4.52,4.43,4.57,4.38,3240
2004-07-14,4.43,4.5,4.52,4.38,8999
2004-07-15,4.24,4.23,4.38,4.05,14225
2004-07-16,4.23,4.5,4.54,4.18,17795
2004-07-19,4.52,4.41,4.55,4.38,6092
2004-07-20,4.41,4.3,4.41,4.25,5068
2004-07-21,4.26,4.3,4.34,4.25,3063
2004-07-22,4.3,4.48,4.5,4.27,13091
2004-07-23,4.43,4.47,4.48,4.3,5938
2004-07-26,4.4,4.3,4.51,4.3,2741
2004-07-27,4.31,4.4,4.44,4.3,3020
2004-07-28,4.38,4.3,4.48,4.18,6256
2004-07-29,4.29,4.26,4.39,4.1,7070
2004-07-30,4.26,4.13,4.33,4.05,6278
2004-08-02,4.08,4.22,4.23,4.08,2936
2004-08-03,4.27,4.18,4.37,4.1,8267
2004-08-04,4.18,4.25,4.36,4.06,10416
2004-08-05,4.24,4.25,4.3,4.2,6202
2004-08-06,4.28,4.37,4.38,4.24,6602
2004-08-09,4.37,4.32,4.37,4.25,2333
2004-08-10,4.32,4.29,4.32,4.25,2767
2004-08-11,4.3,4.29,4.3,4.24,3045
2004-08-12,4.36,4.34,4.53,4.29,34917
2004-08-13,4.28,4.06,4.28,4.01,15554
2004-08-16,4.04,3.93,4.05,3.81,9508
2004-08-17,3.86,3.99,4.02,3.86,3182
2004-08-18,3.99,3.91,4.0,3.87,2303
2004-08-19,3.9,3.79,3.91,3.73,5210
2004-08-20,3.73,3.74,3.79,3.6,5247
2004-08-23,3.52,3.91,4.0,3.52,6147
2004-08-24,3.91,4.04,4.2,3.87,9383
2004-08-25,4.04,3.96,4.04,3.94,1790
2004-08-26,3.94,3.98,3.99,3.82,3889
2004-08-27,3.95,3.94,3.98,3.84,3492
2004-08-30,3.74,3.85,3.94,3.74,1355
2004-08-31,3.98,3.95,4.01,3.87,2837
2004-09-01,4.01,3.95,4.01,3.87,1537
2004-09-02,3.95,4.01,4.03,3.83,3057
2004-09-03,3.98,4.02,4.04,3.91,2524
2004-09-06,3.98,3.98,4.0,3.92,1121
2004-09-07,3.98,3.96,4.01,3.92,852
2004-09-08,3.98,3.95,4.01,3.9,1173
2004-09-09,3.9,3.86,3.94,3.84,880
2004-09-10,3.84,3.92,3.95,3.79,3279
2004-09-13,3.9,3.8,3.92,3.8,2076
2004-09-14,3.86,3.94,3.98,3.86,2764
2004-09-15,3.93,4.22,4.25,3.9,10234
2004-09-16,4.2,4.23,4.28,4.12,7280
2004-09-17,4.22,4.43,4.5,4.16,16155
2004-09-20,4.48,4.88,4.88,4.38,35746
2004-09-21,4.89,4.85,5.05,4.58,27540
2004-09-22,4.85,4.75,4.98,4.74,14364
2004-09-23,4.74,4.83,4.84,4.62,8968
2004-09-24,4.88,4.54,4.93,4.52,22878
2004-09-27,4.48,4.47,4.66,4.38,8596
2004-09-28,4.52,4.41,4.63,4.35,7406
2004-09-29,4.4,4.24,4.49,4.17,7824
2004-09-30,4.24,4.1,4.24,4.06,5170
2004-10-08,4.05,4.08,4.08,3.92,8266
2004-10-11,4.1,4.15,4.21,4.0,9918
2004-10-12,4.1,3.9,4.15,3.88,5792
2004-10-13,3.86,3.9,3.93,3.84,5337
2004-10-14,3.9,3.74,3.91,3.68,5793
2004-10-15,3.74,3.71,3.77,3.6,6456
2004-10-18,3.67,3.64,3.71,3.52,4877
2004-10-19,3.62,3.75,3.77,3.62,7669
2004-10-20,3.7,3.62,3.72,3.6,4452
2004-10-21,3.61,3.26,3.61,3.26,8804
2004-10-22,3.14,3.19,3.26,2.93,13057
2004-10-26,3.12,3.31,3.31,2.95,7913
2004-10-27,3.29,3.43,3.46,3.14,13960
2004-10-28,3.38,3.33,3.45,3.29,8544
2004-10-29,3.29,3.18,3.29,3.1,6847
2004-11-01,3.12,3.17,3.26,3.1,4857
2004-11-02,3.18,3.2,3.23,3.15,2048
2004-11-03,3.24,3.29,3.29,3.2,3624
2004-11-04,3.29,3.15,3.29,3.13,4326
2004-11-05,3.2,3.11,3.2,3.1,2971
2004-11-08,3.12,3.17,3.19,3.11,1456
2004-11-09,3.17,3.15,3.17,3.12,2209
2004-11-10,3.16,3.28,3.33,3.16,5944
2004-11-11,3.28,3.6,3.6,3.28,18339
2004-11-12,3.59,3.53,3.79,3.51,29809
2004-11-15,3.5,3.52,3.54,3.43,8158
2004-11-16,3.52,3.47,3.54,3.44,4620
2004-11-17,3.44,3.41,3.5,3.33,8395
2004-11-18,3.37,3.46,3.52,3.37,8021
2004-11-19,3.48,3.57,3.61,3.4,9073
2004-11-22,3.55,3.93,3.93,3.51,32747
2004-11-23,3.98,3.98,4.24,3.86,40694
2004-11-24,3.98,4.08,4.19,3.93,30898
2004-11-25,4.06,3.86,4.13,3.68,23578
2004-11-26,3.84,3.87,3.9,3.73,8138
2004-11-29,3.89,3.8,3.89,3.77,5643
2004-11-30,3.79,3.93,3.93,3.79,9225
2004-12-01,3.93,3.81,3.93,3.76,10855
2004-12-02,3.8,3.78,3.81,3.64,17659
2004-12-03,3.76,3.81,3.82,3.68,15546
2004-12-06,3.86,3.89,3.92,3.82,12338
2004-12-07,3.86,3.71,3.9,3.71,8097
2004-12-08,3.74,3.85,3.88,3.63,11958
2004-12-09,3.85,3.84,3.89,3.74,11648
2004-12-10,3.81,3.68,3.81,3.68,7075
2004-12-13,3.62,3.68,3.7,3.6,3526
2004-12-14,3.66,3.65,3.7,3.62,1568
2004-12-15,3.64,3.34,3.64,3.29,12770
2004-12-16,3.33,3.24,3.41,3.16,4666
2004-12-17,3.19,3.27,3.33,3.19,2043
2004-12-20,3.22,3.31,3.33,3.22,1794
2004-12-21,3.37,3.3,3.37,3.29,2319
2004-12-22,3.3,3.47,3.49,3.3,6373
2004-12-23,3.45,3.37,3.45,3.34,3414
2004-12-24,3.36,3.31,3.36,3.3,1779
2004-12-27,3.31,3.31,3.32,3.24,3357
2004-12-28,3.29,3.28,3.3,3.25,1629
2004-12-29,3.28,3.24,3.28,3.22,2209
2004-12-30,3.24,3.25,3.31,3.2,4046
2004-12-31,3.25,3.04,3.27,3.0,6730
2005-01-04,3.0,3.01,3.08,2.93,3481
2005-01-05,3.01,3.11,3.13,3.01,4131
2005-01-06,3.1,3.07,3.1,3.01,2345
2005-01-07,3.1,3.11,3.12,3.05,1968
2005-01-10,3.1,3.15,3.15,3.1,2358
2005-01-11,3.15,3.12,3.16,3.1,1994
2005-01-12,3.12,3.18,3.22,3.12,3189
2005-01-13,3.19,3.16,3.19,3.11,2248
2005-01-14,3.15,3.1,3.19,3.09,2307
2005-01-17,3.09,3.02,3.09,2.99,3171
2005-01-18,3.05,3.11,3.12,3.03,3379
2005-01-19,3.1,3.16,3.21,3.1,4124
2005-01-20,3.11,3.08,3.16,3.05,3092
2005-01-21,3.07,3.15,3.21,3.05,5695
2005-01-24,3.3,3.23,3.33,3.17,5152
2005-01-25,3.19,3.18,3.2,3.11,3057
2005-01-26,3.13,3.07,3.18,3.06,3159
2005-01-27,3.07,3.0,3.1,3.0,3430
2005-01-28,3.01,2.9,3.06,2.74,6157
2005-01-31,2.88,2.76,2.88,2.74,3284
2005-02-01,2.74,2.7,2.81,2.58,3368
2005-02-02,2.69,2.88,2.9,2.68,5281
2005-02-03,2.86,2.78,2.88,2.78,3494
2005-02-04,2.82,2.85,2.88,2.76,3646
2005-02-16,2.99,2.9,3.0,2.88,1842
2005-02-17,2.9,2.91,2.91,2.86,1621
2005-02-18,2.88,2.88,2.9,2.86,2107
2005-02-21,2.86,2.93,2.95,2.84,2397
2005-02-22,2.94,3.04,3.04,2.89,5698
2005-02-23,3.04,3.1,3.14,3.0,11753
2005-02-24,3.05,3.08,3.1,3.02,4737
2005-02-25,3.08,3.04,3.1,3.03,5078
2005-02-28,3.02,3.0,3.04,2.98,3380
2005-03-01,2.99,3.04,3.04,2.93,4325
2005-03-02,3.01,2.96,3.05,2.93,3812
2005-03-03,2.96,2.96,2.96,2.89,2847
2005-03-04,2.95,2.89,2.95,2.87,2870
2005-03-07,2.88,2.89,2.9,2.86,3184
2005-03-08,2.9,2.96,2.96,2.89,4906
2005-03-09,2.96,2.97,3.06,2.94,8791
2005-03-10,2.98,3.09,3.12,2.91,15716
2005-03-11,3.06,2.97,3.06,2.93,8379
2005-03-14,2.99,2.9,3.01,2.87,5895
2005-03-15,2.88,2.86,2.9,2.79,3934
2005-03-16,2.84,2.87,2.9,2.82,3191
2005-03-17,2.83,2.77,2.88,2.77,3095
2005-03-18,2.77,2.69,2.79,2.67,3970
2005-03-21,2.73,2.69,2.73,2.62,1682
2005-03-22,2.67,2.61,2.73,2.56,3310
2005-03-23,2.57,2.56,2.64,2.54,3901
2005-03-24,2.36,2.57,2.59,2.36,2295
2005-03-25,2.59,2.55,2.59,2.53,2211
2005-03-28,2.55,2.5,2.56,2.46,2095
2005-03-29,2.51,2.48,2.51,2.46,2114
2005-03-30,2.48,2.33,2.48,2.3,3491
2005-03-31,2.33,2.42,2.42,2.33,3294
2005-04-01,2.39,2.49,2.52,2.38,3937
2005-04-04,2.47,2.73,2.73,2.42,30201
2005-04-05,2.7,2.74,2.9,2.62,46551
2005-04-06,2.68,2.9,2.9,2.68,23251
2005-04-07,2.91,2.91,2.99,2.85,25563
2005-04-08,2.91,2.91,2.95,2.84,10433
2005-04-11,2.94,2.86,2.95,2.82,10201
2005-04-12,2.84,2.68,2.86,2.62,13839
2005-04-13,2.67,2.72,2.78,2.63,12397
2005-04-14,2.71,2.74,2.75,2.65,8816
2005-04-15,2.7,2.59,2.7,2.58,7164
2005-04-18,2.54,2.49,2.59,2.46,4438
2005-04-19,2.46,2.67,2.73,2.46,22115
2005-04-20,2.61,2.58,2.71,2.48,10879
2005-04-21,2.48,2.52,2.67,2.39,6627
2005-04-22,2.52,2.48,2.53,2.41,5338
2005-04-25,2.48,2.54,2.57,2.46,2506
2005-04-26,2.5,2.62,2.68,2.5,5764
2005-04-27,2.64,2.36,2.65,2.36,8440
2005-04-28,2.36,2.26,2.36,2.12,23852
2005-04-29,2.25,2.23,2.28,2.17,6508
2005-05-09,2.23,2.1,2.23,2.07,4517
2005-05-10,2.1,2.09,2.18,2.05,4079
2005-05-11,2.16,1.97,2.16,1.95,5546
2005-05-12,1.97,1.89,1.97,1.79,8546
2005-05-13,1.88,1.94,1.94,1.84,6338
2005-05-16,1.94,1.95,1.97,1.88,7794
2005-05-17,1.94,2.0,2.03,1.94,5243
2005-05-18,2.0,2.01,2.01,1.92,6885
2005-05-19,2.0,1.97,2.03,1.94,4760
2005-05-20,1.97,1.95,1.98,1.92,4093
2005-05-24,1.82,2.01,2.06,1.81,10435
2005-05-25,2.0,2.1,2.15,1.99,25755
2005-05-26,2.08,2.05,2.11,2.04,7847
2005-05-27,2.04,2.03,2.08,2.01,5389
2005-05-30,2.02,2.07,2.08,2.0,6183
2005-05-31,2.1,2.04,2.1,2.01,5213
2005-06-01,2.02,2.01,2.03,1.86,7721
2005-06-02,2.01,1.99,2.08,1.94,6287
2005-06-03,1.99,1.96,2.02,1.92,3982
2005-06-06,1.92,1.98,1.98,1.91,3647
2005-06-07,1.95,1.97,2.03,1.95,5043
2005-06-08,1.97,2.12,2.16,1.95,25590
2005-06-09,2.1,2.27,2.28,2.03,50029
2005-06-10,2.27,2.13,2.27,2.08,50170
2005-06-13,2.14,2.21,2.22,2.12,25765
2005-06-14,2.21,2.13,2.24,2.12,10852
2005-06-15,2.13,2.02,2.13,2.01,8370
2005-06-16,2.02,2.0,2.05,1.95,6497
2005-06-17,2.0,1.98,2.02,1.94,6718
2005-06-20,1.98,2.02,2.04,1.92,6060
2005-06-21,2.0,2.02,2.04,1.98,5431
2005-06-22,2.02,1.99,2.02,1.96,4794
2005-06-23,1.99,1.96,1.99,1.95,4975
2005-06-24,1.94,1.93,1.96,1.9,8851
2005-06-27,1.93,2.0,2.0,1.93,7635
2005-06-28,2.0,1.92,2.0,1.92,4628
2005-06-29,1.92,1.93,1.95,1.91,2916
2005-06-30,1.92,1.87,1.92,1.87,4736
2005-07-01,1.86,1.81,1.88,1.8,5934
2005-07-04,1.81,1.72,1.83,1.67,3923
2005-07-05,1.72,1.7,1.74,1.69,2683
2005-07-06,1.71,1.73,1.76,1.7,1633
2005-07-07,1.72,1.75,1.76,1.7,2672
2005-07-08,1.75,1.65,1.75,1.65,3266
2005-07-11,1.64,1.59,1.7,1.59,3475
2005-07-12,1.58,1.64,1.65,1.57,4917
2005-07-13,1.67,1.61,1.67,1.6,4713
2005-07-14,1.58,1.53,1.62,1.52,5248
2005-07-15,1.53,1.5,1.57,1.47,5747
2005-07-18,1.47,1.48,1.5,1.42,5427
2005-07-19,1.45,1.54,1.55,1.45,6286
2005-07-20,1.51,1.52,1.55,1.47,5597
2005-07-21,1.54,1.49,1.54,1.48,4305
2005-07-22,1.52,1.53,1.58,1.5,8518
2005-07-25,1.53,1.61,1.64,1.5,12862
2005-07-26,1.58,1.74,1.77,1.58,33090
2005-07-27,1.74,1.73,1.77,1.66,22750
2005-07-28,1.7,1.72,1.73,1.68,11812
2005-07-29,1.71,1.67,1.71,1.64,10310
2005-08-01,1.65,1.7,1.7,1.64,6959
2005-08-02,1.7,1.73,1.76,1.66,12157
2005-08-03,1.71,1.79,1.85,1.71,19454
2005-08-04,1.78,1.81,1.84,1.77,16551
2005-08-05,1.83,1.88,1.89,1.82,38797
2005-08-08,1.88,1.86,1.88,1.79,19699
2005-08-09,1.85,1.92,1.92,1.8,19065
2005-08-10,1.9,1.9,1.92,1.87,13661
2005-08-11,1.91,1.94,1.94,1.88,15609
2005-08-12,1.94,1.87,1.99,1.86,18289
2005-08-15,1.85,1.89,1.9,1.82,10514
2005-08-16,1.9,1.93,1.94,1.88,12217
2005-08-17,1.94,1.99,2.01,1.81,21092
2005-08-18,1.99,1.88,2.07,1.87,26949
2005-08-19,1.86,1.81,1.9,1.77,17150
2005-08-22,1.84,1.9,1.9,1.81,11706
2005-08-23,1.93,1.9,1.96,1.85,12810
2005-08-24,1.93,1.9,1.93,1.87,11969
2005-08-25,1.9,1.97,1.97,1.86,18703
2005-08-26,2.0,2.04,2.09,1.95,52890
2005-08-29,2.02,2.01,2.08,1.96,22072
2005-08-30,1.96,1.91,2.01,1.9,13109
2005-08-31,1.9,1.9,1.91,1.73,25719
2005-09-01,1.88,1.96,1.97,1.86,20489
2005-09-02,1.98,2.01,2.02,1.94,20990
2005-09-05,2.0,2.04,2.08,1.99,15057
2005-09-06,2.04,2.02,2.09,2.0,27784
2005-09-07,2.0,2.08,2.09,1.98,17206
2005-09-08,2.09,2.1,2.1,2.04,18309
2005-09-09,2.1,2.05,2.12,2.01,13027
2005-09-12,2.04,2.05,2.07,2.01,7152
2005-09-13,2.03,2.11,2.12,2.03,21845
2005-09-14,2.11,2.2,2.26,2.08,36889
2005-09-15,2.18,2.22,2.23,2.12,22266
2005-09-16,2.2,2.18,2.23,2.15,11676
2005-09-19,2.19,2.25,2.26,2.15,16762
2005-09-20,2.25,2.28,2.42,2.24,34169
2005-09-21,2.25,2.22,2.35,2.21,28114
2005-09-22,2.2,2.01,2.2,2.0,27975
2005-09-23,2.0,1.99,2.06,1.94,13269
2005-09-26,2.0,1.98,2.0,1.92,9216
2005-09-27,1.98,1.9,2.0,1.9,11630
2005-09-28,1.88,1.9,1.94,1.86,10194
2005-09-29,1.9,1.94,1.95,1.9,6707
2005-09-30,1.95,1.9,1.96,1.9,6491
2005-10-10,1.9,1.91,1.93,1.88,3953
2005-10-11,1.9,1.96,1.98,1.9,4672
2005-10-12,1.95,1.97,2.03,1.94,9496
2005-10-13,1.94,1.97,2.01,1.94,4432
2005-10-14,1.96,1.9,1.96,1.9,5585
2005-10-17,1.9,1.9,1.91,1.89,3629
2005-10-18,1.9,1.93,1.95,1.89,5345
2005-10-19,1.92,2.02,2.05,1.92,25122
2005-10-20,1.99,2.06,2.07,1.94,12789
2005-10-21,2.05,2.03,2.09,2.01,11468
2005-10-24,2.01,1.99,2.05,1.96,9075
2005-10-25,2.0,1.9,2.0,1.9,7696
2005-10-26,1.89,1.78,1.9,1.77,9065
2005-10-27,1.77,1.77,1.83,1.76,6281
2005-10-28,1.76,1.67,1.82,1.62,6972
2005-10-31,1.64,1.72,1.73,1.64,5234
2005-11-01,1.71,1.69,1.71,1.64,4895
2005-11-02,1.69,1.75,1.77,1.69,6259
2005-11-03,1.75,1.75,1.82,1.72,5305
2005-11-04,1.75,1.75,1.78,1.73,3633
2005-11-07,1.77,1.77,1.79,1.73,4532
2005-11-08,1.76,1.82,1.83,1.75,6781
2005-11-09,1.82,1.78,1.82,1.78,4465
2005-11-10,1.76,1.7,1.78,1.7,6698
2005-11-11,1.71,1.75,1.79,1.7,6063
2005-11-14,1.77,1.83,1.88,1.77,13107
2005-11-15,1.81,1.82,1.85,1.79,7946
2005-11-16,1.83,1.82,1.83,1.74,4594
2005-11-17,1.82,1.8,1.83,1.79,3285
2005-11-18,1.83,1.85,1.86,1.81,6605
2005-11-21,1.85,1.95,1.98,1.85,14111
2005-11-22,1.9,1.87,1.92,1.86,9474
2005-11-23,1.82,1.9,1.91,1.82,9622
2005-11-24,1.88,1.9,1.92,1.87,10211
2005-11-25,1.91,1.9,1.91,1.87,3663
2005-11-28,1.9,1.87,1.9,1.86,4800
2005-11-29,1.88,1.85,1.89,1.84,4577
2005-11-30,1.85,1.83,1.85,1.77,6017
2005-12-01,1.8,1.83,1.85,1.79,2620
2005-12-02,1.83,1.82,1.84,1.71,5927
2005-12-05,1.78,1.78,1.81,1.71,4088
2005-12-06,1.78,1.86,1.89,1.75,10245
2005-12-07,1.85,1.86,1.9,1.82,23463
2005-12-08,1.87,1.97,2.02,1.86,62160
2005-12-09,1.92,1.92,1.95,1.81,21631
2005-12-12,1.9,1.93,1.96,1.88,11227
2005-12-13,1.92,1.93,1.93,1.89,7395
2005-12-14,1.93,1.93,1.95,1.9,6704
2005-12-15,1.9,1.88,1.94,1.87,7703
2005-12-16,1.86,1.88,1.9,1.83,8875
2005-12-19,1.88,1.86,1.89,1.83,4492
2005-12-20,1.86,1.9,1.91,1.82,10928
2005-12-21,1.89,1.89,1.9,1.86,5208
2005-12-22,1.87,1.86,1.87,1.83,5337
2005-12-23,1.86,1.87,1.9,1.84,5156
2005-12-26,1.86,1.87,1.89,1.85,5558
2005-12-27,1.87,1.85,1.87,1.83,5296
2005-12-28,1.85,1.85,1.86,1.83,3542
2005-12-29,1.85,1.86,1.88,1.84,5288
2005-12-30,1.86,1.82,1.86,1.8,6482
2006-01-04,1.81,1.82,1.84,1.78,7279
2006-01-05,1.81,1.84,1.85,1.79,9187
2006-01-06,1.84,1.84,1.86,1.81,9961
2006-01-09,1.83,1.88,1.88,1.82,14128
2006-01-10,1.88,1.9,1.91,1.86,14865
2006-01-11,1.9,1.88,1.91,1.85,9950
2006-01-12,1.87,1.91,1.93,1.85,14293
2006-01-13,1.91,1.96,1.98,1.9,23510
2006-01-16,2.0,1.96,2.05,1.96,43451
2006-01-17,1.95,1.9,1.95,1.9,13474
2006-01-18,1.9,1.92,1.93,1.9,9795
2006-01-19,1.92,1.92,1.95,1.89,11162
2006-01-20,1.92,1.9,1.93,1.88,9939
2006-01-23,1.9,1.83,1.9,1.81,18610
2006-01-24,1.86,2.01,2.01,1.86,38512
2006-01-25,2.08,1.98,2.1,1.95,42187
2006-02-06,1.96,1.98,2.03,1.92,17470
2006-02-07,1.96,2.0,2.02,1.94,12122
2006-02-08,1.99,2.1,2.11,1.98,30391
2006-02-09,2.1,1.99,2.1,1.98,16499
2006-02-10,1.98,2.02,2.05,1.98,9765
2006-02-13,2.03,2.07,2.07,1.99,12419
2006-02-14,2.06,2.06,2.08,2.03,8596
2006-02-15,2.05,2.13,2.16,2.05,40593
2006-02-16,2.11,2.23,2.34,2.06,47271
2006-02-17,2.24,2.45,2.45,2.17,128340
2006-02-20,2.47,2.31,2.47,2.29,71014
2006-02-21,2.29,2.28,2.33,2.17,46404
2006-02-22,2.25,2.25,2.32,2.2,34213
2006-02-23,2.25,2.22,2.3,2.19,26853
2006-02-24,2.2,2.17,2.22,2.14,29660
2006-02-27,2.15,2.21,2.26,2.15,20666
2006-02-28,2.19,2.17,2.2,2.1,21070
2006-03-01,2.16,2.31,2.34,2.13,38488
2006-03-02,2.28,2.17,2.3,2.15,24168
2006-03-03,2.15,2.26,2.29,2.1,27828
2006-03-06,2.22,2.19,2.26,2.17,11961
2006-03-07,2.19,2.09,2.21,2.06,11170
2006-03-08,2.06,2.03,2.09,1.99,11659
2006-03-09,2.03,2.0,2.07,1.96,10842
2006-03-10,1.99,2.04,2.07,1.96,13720
2006-03-13,2.02,2.0,2.03,1.97,7835
2006-03-14,2.0,2.0,2.01,1.96,6985
2006-03-15,1.98,2.01,2.04,1.98,9062
2006-03-16,2.02,2.03,2.04,2.01,8930
2006-03-17,2.02,2.0,2.04,1.99,8057
2006-03-20,2.0,2.02,2.02,1.98,9459
2006-03-21,2.02,2.01,2.02,1.96,10391
2006-03-22,2.01,2.06,2.08,1.98,9985
2006-03-23,2.03,2.07,2.08,2.0,10880
2006-03-24,2.06,2.01,2.06,2.01,9412
2006-03-27,2.01,2.01,2.02,1.95,12501
2006-03-28,2.01,2.0,2.01,1.98,8175
2006-03-29,1.99,2.01,2.03,1.98,11662
2006-03-30,2.01,1.95,2.01,1.95,9538
2006-03-31,1.92,1.88,1.95,1.87,17484
2006-04-03,1.88,1.85,1.89,1.79,22449
2006-04-04,1.85,1.86,1.88,1.81,14287
2006-04-05,1.86,1.92,1.93,1.85,17613
2006-04-06,1.92,1.87,1.93,1.87,16446
2006-04-07,1.87,1.9,1.9,1.85,13395
2006-04-10,1.92,1.98,1.98,1.9,20026
2006-04-11,2.0,2.01,2.03,1.95,19697
2006-04-12,2.01,2.0,2.02,1.96,14583
2006-04-13,2.01,1.91,2.01,1.91,13487
2006-04-14,1.9,1.94,1.95,1.89,9884
2006-04-17,1.93,2.04,2.06,1.9,31866
2006-04-18,2.04,2.0,2.04,1.98,12277
2006-04-19,2.01,1.96,2.01,1.93,11611
2006-04-21,1.96,1.77,1.96,1.76,34714
2006-04-24,1.76,1.59,1.77,1.59,26761
2006-04-25,1.57,1.6,1.64,1.46,15616
2006-04-26,1.55,1.6,1.63,1.52,14832
2006-04-27,1.6,1.64,1.68,1.55,17238
2006-04-28,1.6,1.61,1.67,1.59,11394
2006-05-09,1.53,1.53,1.56,1.53,14598
2006-05-10,1.5,1.61,1.61,1.5,43686
2006-05-11,1.61,1.65,1.68,1.59,33209
2006-05-12,1.66,1.71,1.73,1.66,29426
2006-05-15,1.71,1.7,1.77,1.65,33918
2006-05-16,1.7,1.72,1.76,1.66,35814
2006-05-17,1.7,1.7,1.74,1.67,25101
2006-05-18,1.7,1.7,1.7,1.66,18470
2006-05-19,1.7,1.74,1.77,1.68,29623
2006-05-22,1.74,1.82,1.83,1.72,32993
2006-05-23,1.83,1.81,1.89,1.8,30432
2006-05-24,1.8,1.72,1.87,1.72,33700
2006-05-25,1.71,1.73,1.76,1.69,15595
2006-05-29,1.79,1.82,1.82,1.79,13171
2006-05-30,1.91,1.91,1.91,1.89,23920
2006-05-31,2.0,2.01,2.01,1.96,44202
2006-06-01,2.1,2.11,2.11,2.05,36704
2006-06-02,2.21,2.18,2.22,2.05,62557
2006-06-05,2.18,2.22,2.26,2.09,40162
2006-06-06,2.19,2.28,2.29,2.15,45403
2006-06-07,2.27,2.16,2.27,2.16,25584
2006-06-08,2.06,2.06,2.06,2.06,2674
2006-06-09,1.96,1.95,2.06,1.95,34423
2006-06-12,1.9,1.86,1.91,1.86,19286
2006-06-13,1.86,1.84,1.9,1.78,13788
2006-06-14,1.82,1.86,1.87,1.77,14223
2006-06-15,1.85,1.84,1.88,1.82,8519
2006-06-16,1.84,1.87,1.88,1.8,14056
2006-06-19,1.83,1.87,1.89,1.81,10069
2006-06-20,1.86,1.96,1.96,1.86,16999
2006-06-21,1.97,1.9,1.98,1.9,16218
2006-06-22,1.89,1.9,1.97,1.88,10696
2006-06-23,1.9,1.86,1.9,1.81,12580
2006-06-26,1.83,1.88,1.9,1.83,9306
2006-06-27,1.88,1.92,1.93,1.86,13386
2006-06-28,1.91,1.95,1.97,1.88,15498
2006-06-29,1.95,1.98,1.99,1.93,20012
2006-06-30,1.96,2.0,2.08,1.95,40699
2006-07-03,1.99,2.02,2.05,1.98,21069
2006-07-04,2.03,2.08,2.1,1.99,19969
2006-07-05,2.07,2.0,2.07,1.97,16077
2006-07-06,2.02,2.08,2.09,2.01,17323
2006-07-07,2.06,2.06,2.1,2.04,13748
2006-07-10,2.06,2.07,2.1,2.04,10283
2006-07-11,2.07,2.09,2.1,2.05,18981
2006-07-12,2.11,2.01,2.11,2.0,11260
2006-07-13,2.01,1.9,2.01,1.9,16385
2006-07-14,1.82,1.84,1.88,1.81,19778
2006-07-17,1.83,1.9,1.91,1.82,7804
2006-07-18,1.9,1.88,1.9,1.85,5536
2006-07-19,1.9,1.9,1.96,1.86,11584
2006-07-20,1.91,1.9,1.92,1.88,5698
2006-07-21,1.9,1.92,1.93,1.9,6413
2006-07-24,1.9,1.95,1.97,1.87,8899
2006-07-25,1.94,1.98,2.01,1.93,6951
2006-07-26,1.98,1.98,2.0,1.94,8487
2006-07-27,1.98,1.96,2.01,1.94,9798
2006-07-28,1.97,1.92,1.99,1.91,10433
2006-07-31,1.92,1.88,1.96,1.87,12282
2006-08-01,1.89,1.86,1.9,1.84,7151
2006-08-02,1.86,1.84,1.88,1.8,7153
2006-08-03,1.85,1.93,1.93,1.81,7584
2006-08-04,1.96,2.03,2.03,1.96,53496
2006-08-07,2.1,1.96,2.1,1.92,35094
2006-08-08,1.94,2.06,2.06,1.93,24412
2006-08-09,2.07,2.13,2.15,2.03,35392
2006-08-10,2.12,2.07,2.15,2.03,19250
2006-08-11,2.05,2.07,2.11,2.03,11305
2006-08-14,2.1,1.99,2.1,1.96,11855
2006-08-15,2.04,2.05,2.06,1.98,6134
2006-08-16,2.05,2.06,2.06,2.0,6971
2006-08-17,2.04,2.03,2.05,2.0,6980
2006-08-18,2.02,2.09,2.1,2.02,12625
2006-08-21,2.08,2.09,2.1,2.02,12284
2006-08-22,2.08,2.06,2.1,2.04,10108
2006-08-23,2.08,2.05,2.08,2.02,10310
2006-08-24,2.04,2.1,2.14,2.01,20019
2006-08-25,2.13,2.07,2.13,2.06,16304
2006-08-28,2.07,2.08,2.1,2.05,12199
2006-08-29,2.07,2.15,2.15,2.02,32533
2006-08-30,2.14,2.13,2.15,2.1,12588
2006-08-31,2.13,2.16,2.2,2.11,19636
2006-09-01,2.16,2.1,2.19,2.07,13770
2006-09-04,2.13,2.11,2.13,2.06,10369
2006-09-05,2.12,2.18,2.22,2.09,26165
2006-09-06,2.17,2.17,2.24,2.15,19055
2006-09-07,2.15,2.15,2.19,2.11,12833
2006-09-08,2.13,2.2,2.24,2.13,17632
2006-09-11,2.22,2.31,2.31,2.18,40666
2006-09-12,2.36,2.3,2.36,2.28,20640
2006-09-13,2.3,2.4,2.41,2.3,45154
2006-09-14,2.38,2.35,2.38,2.28,31935
2006-09-15,2.33,2.36,2.45,2.31,26183
2006-09-18,2.36,2.43,2.47,2.34,29759
2006-09-19,2.42,2.41,2.47,2.37,18574
2006-09-20,2.41,2.36,2.42,2.34,17499
2006-09-21,2.4,2.43,2.44,2.36,20886
2006-09-22,2.43,2.34,2.45,2.32,25410
2006-09-25,2.32,2.3,2.35,2.27,17746
2006-09-26,2.3,2.3,2.33,2.27,13475
2006-09-27,2.3,2.31,2.35,2.24,16700
2006-09-28,2.3,2.3,2.34,2.29,14673
2006-09-29,2.31,2.38,2.42,2.31,19440
2006-10-09,2.43,2.38,2.44,2.35,13020
2006-10-10,2.38,2.5,2.5,2.37,29509
2006-10-11,2.5,2.51,2.53,2.45,13861
2006-10-12,2.52,2.47,2.53,2.44,13896
2006-10-13,2.5,2.59,2.59,2.49,31367
2006-10-16,2.59,2.61,2.7,2.57,23083
2006-10-17,2.6,2.57,2.63,2.55,14667
2006-10-18,2.56,2.56,2.59,2.5,9689
2006-10-19,2.55,2.55,2.62,2.53,16538
2006-10-20,2.55,2.44,2.56,2.43,22239
2006-10-23,2.43,2.47,2.55,2.34,19471
2006-10-24,2.47,2.51,2.52,2.38,11199
2006-10-25,2.5,2.48,2.54,2.45,8797
2006-10-26,2.46,2.47,2.49,2.35,13497
2006-10-27,2.42,2.43,2.48,2.39,7448
2006-10-30,2.3,2.3,2.33,2.3,12910
2006-10-31,2.19,2.19,2.24,2.19,14786
2006-11-01,2.14,2.24,2.28,2.13,43226
2006-11-02,2.2,2.12,2.22,2.12,18105
2006-11-03,2.1,2.05,2.11,2.02,56390
2006-11-06,2.03,2.03,2.09,2.01,31199
2006-11-07,2.03,1.92,2.03,1.92,51587
2006-11-08,1.9,1.94,1.97,1.87,25126
2006-11-09,1.94,1.95,1.98,1.93,19537
2006-11-10,1.95,1.9,1.97,1.86,24800
2006-11-13,1.88,1.8,1.91,1.8,22150
2006-11-14,1.74,1.76,1.79,1.71,52522
2006-11-15,1.74,1.79,1.8,1.7,36055
2006-11-16,1.79,1.88,1.88,1.78,57496
2006-11-17,1.86,1.92,1.97,1.82,40912
2006-11-20,1.9,1.85,1.95,1.83,23420
2006-11-21,1.83,1.89,1.93,1.83,18021
2006-11-22,1.9,1.88,1.9,1.83,15652
2006-11-23,1.87,1.84,1.87,1.79,22569
2006-11-24,1.84,1.85,1.87,1.82,12699
2006-11-27,1.85,1.86,1.86,1.8,16544
2006-11-28,1.85,1.9,1.91,1.84,22651
2006-11-29,1.89,1.87,1.89,1.83,19489
2006-11-30,1.86,1.88,1.9,1.85,25458
2006-12-01,1.87,1.86,1.87,1.82,26202
2006-12-04,1.85,1.82,1.85,1.79,30356
2006-12-05,1.82,1.82,1.84,1.76,47502
2006-12-06,1.8,1.86,1.88,1.8,56166
2006-12-07,1.86,1.85,1.88,1.83,31275
2006-12-08,1.86,1.79,1.86,1.79,25564
2006-12-11,1.77,1.81,1.82,1.77,17894
2006-12-12,1.8,1.84,1.84,1.76,26773
2006-12-13,1.83,1.82,1.84,1.8,16151
2006-12-14,1.82,1.91,1.91,1.8,54990
2006-12-15,1.93,1.88,1.99,1.88,48950
2006-12-18,1.87,1.83,1.88,1.83,22911
2006-12-19,1.84,1.84,1.88,1.82,21463
2006-12-20,1.86,1.9,1.91,1.81,26709
2006-12-21,1.9,1.99,1.99,1.85,68715
2006-12-22,2.0,2.04,2.08,1.96,41721
2006-12-25,2.04,2.04,2.07,1.93,31181
2006-12-26,2.04,2.14,2.14,2.0,57429
2006-12-27,2.11,2.15,2.16,2.04,41246
2006-12-28,2.14,2.05,2.14,2.05,21899
2006-12-29,1.96,1.95,2.03,1.94,47453
2007-01-04,1.9,2.02,2.05,1.87,16841
2007-01-05,1.98,1.95,2.05,1.91,25608
2007-01-08,1.92,1.97,1.99,1.89,14826
2007-01-09,1.96,2.01,2.04,1.94,28633
2007-01-10,2.01,2.05,2.05,1.99,27795
2007-01-11,2.05,2.14,2.15,2.04,37370
2007-01-12,2.1,2.04,2.21,2.04,33682
2007-01-15,2.04,2.06,2.07,1.96,24801
2007-01-16,2.05,2.05,2.07,2.01,18518
2007-01-17,2.07,2.0,2.07,1.96,30271
2007-01-18,2.0,2.0,2.05,1.97,19905
2007-01-19,2.03,2.1,2.1,2.0,54800
2007-01-22,2.1,2.21,2.21,2.1,55210
2007-01-23,2.22,2.3,2.32,2.16,57141
2007-01-24,2.3,2.35,2.4,2.24,51174
2007-01-25,2.33,2.31,2.43,2.24,40545
2007-01-26,2.3,2.25,2.34,2.2,41296
2007-01-29,2.27,2.28,2.29,2.19,26793
2007-01-30,2.19,2.16,2.25,2.16,64492
2007-01-31,2.14,2.14,2.22,2.13,39281
2007-02-01,2.13,2.05,2.17,2.04,38248
2007-02-02,2.05,2.06,2.07,2.0,26337
2007-02-05,2.06,2.08,2.1,2.06,18095
2007-02-06,2.08,2.1,2.13,2.07,14196
2007-02-07,2.11,2.21,2.21,2.1,54970
2007-02-08,2.29,2.32,2.32,2.23,30239
2007-02-09,2.4,2.37,2.44,2.33,64634
2007-02-12,2.38,2.49,2.49,2.29,44630
2007-02-13,2.53,2.61,2.61,2.49,42410
2007-02-14,2.63,2.74,2.74,2.63,28577
2007-02-15,2.88,2.78,2.88,2.68,65371
2007-02-16,2.78,2.81,2.84,2.68,47345
2007-02-26,2.81,2.95,2.95,2.68,30603
2007-02-27,3.08,3.05,3.1,2.87,73280
2007-03-01,3.2,3.2,3.2,2.97,46484
2007-03-02,3.34,3.36,3.36,3.22,14578
2007-03-05,3.53,3.53,3.53,3.46,21070
2007-03-06,3.71,3.43,3.71,3.35,61943
2007-03-07,3.37,3.42,3.43,3.26,61033
2007-03-08,3.32,3.38,3.45,3.25,49555
2007-03-09,3.38,3.3,3.38,3.27,25612
2007-03-12,3.32,3.27,3.33,3.19,30237
2007-03-13,3.3,3.43,3.43,3.29,26369
2007-03-14,3.49,3.6,3.6,3.48,52672
2007-03-15,3.7,3.78,3.78,3.7,48337
2007-03-16,3.97,3.63,3.97,3.59,87137
2007-03-19,3.48,3.53,3.62,3.45,38702
2007-03-20,3.52,3.7,3.71,3.35,55771
2007-03-21,3.67,3.89,3.89,3.64,86979
2007-03-22,3.93,4.08,4.08,3.93,129731
2007-03-23,4.08,4.05,4.17,3.88,92410
2007-03-26,3.97,3.85,3.97,3.85,89482
2007-03-27,3.71,4.0,4.02,3.66,106755
2007-03-28,3.97,4.2,4.2,3.95,151683
2007-03-29,4.35,4.29,4.41,4.06,144837
2007-03-30,4.09,4.49,4.5,4.09,103634
2007-04-02,4.52,4.71,4.71,4.48,109491
2007-04-03,4.8,4.95,4.95,4.8,52324
2007-04-04,5.2,5.2,5.2,5.11,73263
2007-04-05,5.33,5.46,5.46,5.32,35713
2007-04-06,5.72,5.73,5.73,5.62,29793
2007-04-09,6.02,6.02,6.02,6.02,15112
2007-04-10,6.32,5.71,6.32,5.71,150568
2007-04-11,5.44,5.95,6.0,5.43,136216
2007-04-12,5.9,5.99,6.17,5.71,73081
2007-04-13,5.92,6.24,6.29,5.74,102391
2007-04-16,6.13,6.54,6.55,6.0,102292
2007-04-17,6.62,6.87,6.87,6.62,71797
2007-04-18,7.21,7.21,7.21,6.93,27765
2007-04-19,7.56,7.3,7.57,6.91,97368
2007-04-20,7.61,7.2,7.62,6.97,79681
2007-04-23,6.96,6.84,7.13,6.84,110633
2007-04-24,6.51,6.5,6.56,6.5,48953
2007-04-25,6.19,6.82,6.82,6.17,136094
2007-04-26,6.85,7.16,7.16,6.85,70448
2007-04-27,7.52,7.52,7.52,7.43,116950
2009-01-19,6.8,6.6,7.07,6.18,271611
2009-01-20,6.88,6.93,6.93,6.88,57027
2009-01-21,7.28,7.28,7.28,7.28,6710
2009-01-22,7.64,7.64,7.64,7.51,202678
2009-01-23,7.64,8.02,8.02,7.51,167953
2009-02-02,8.1,8.16,8.39,7.83,97308
2009-02-03,8.17,8.13,8.22,7.94,87661
2009-02-04,8.16,8.15,8.36,8.02,108687
2009-02-05,8.17,8.56,8.56,8.09,96248
2009-02-06,8.75,8.99,8.99,8.66,110935
2009-02-09,9.26,9.41,9.44,8.99,106469
2009-02-10,9.6,9.87,9.88,9.31,77362
2009-02-11,9.73,9.62,10.19,9.58,98896
2009-02-12,9.42,9.18,9.7,9.14,109419
2009-02-13,9.11,9.23,9.45,8.97,80671
2009-02-16,9.23,9.4,9.47,9.0,76982
2009-02-17,9.5,9.27,9.65,9.15,70206
2009-02-18,9.08,8.81,9.29,8.81,53786
2009-02-19,8.76,8.88,9.0,8.71,41878
2009-02-20,8.89,9.32,9.32,8.8,56314
2009-02-23,9.39,9.79,9.79,9.31,56172
2009-02-24,9.88,10.28,10.28,9.82,104485
2009-02-25,10.28,10.79,10.79,10.28,83355
2009-02-26,11.0,10.25,11.3,10.25,100354
2009-02-27,9.74,9.74,9.97,9.74,62341
2009-03-02,9.57,9.84,9.95,9.52,36131
2009-03-03,9.55,9.35,9.55,9.35,65226
2009-03-04,9.17,9.82,9.82,9.17,45576
2009-03-05,10.25,10.24,10.31,9.82,76015
2009-03-06,10.0,9.92,10.19,9.8,35844
2009-03-09,10.0,10.08,10.42,9.89,60546
2009-03-10,9.97,10.58,10.58,9.91,74706
2009-03-11,10.78,10.99,11.11,10.71,81721
2009-03-12,11.08,11.53,11.54,10.44,84188
2009-03-13,11.6,11.87,12.07,11.32,96133
2009-03-16,11.63,12.46,12.46,11.42,87297
2009-03-17,12.66,12.61,13.08,12.32,166000
2009-03-18,12.4,12.58,13.2,12.31,84537
2009-03-19,12.5,13.21,13.21,12.5,66084
2009-03-20,13.35,13.87,13.87,13.35,89666
2009-03-23,14.17,14.55,14.56,13.8,73050
2009-03-24,14.55,15.28,15.28,13.99,43989
2009-03-25,15.52,16.04,16.04,15.4,43715
2009-03-26,16.66,16.84,16.84,15.81,140033
2009-03-27,17.0,17.68,17.68,17.0,20158
2009-03-30,17.9,16.86,18.56,16.8,147060
2009-03-31,16.02,16.19,16.82,16.02,118090
2009-04-01,16.1,16.21,16.84,16.1,70604
2009-04-02,16.0,15.63,16.46,15.5,80333
2009-04-03,15.8,16.41,16.41,15.41,79477
2009-04-07,16.72,17.23,17.23,16.72,84395
2009-04-08,17.51,18.09,18.09,17.51,83202
2009-04-09,18.2,18.99,18.99,18.17,49245
2009-04-10,19.82,18.97,19.94,18.26,123722
2009-04-13,18.78,18.71,18.95,18.04,78623
2009-04-14,18.8,19.65,19.65,18.8,73447
2009-04-15,20.42,19.88,20.63,19.68,103044
2009-04-16,19.82,18.89,19.82,18.89,67467
2009-04-17,18.6,18.09,18.7,17.95,58415
2009-04-20,17.29,18.7,18.79,17.28,54015
2009-04-21,18.3,18.46,19.2,17.96,33553
2009-04-22,18.35,17.54,18.66,17.54,42010
2009-04-23,16.66,16.96,17.26,16.66,54831
2009-04-24,16.96,17.12,17.7,16.9,37979
2009-04-27,17.1,16.26,17.1,16.26,28375
2009-04-28,15.7,15.45,15.99,15.45,42212
2009-04-29,14.71,16.13,16.18,14.68,76317
2009-04-30,15.97,16.07,16.39,15.41,33475
2009-05-04,15.8,16.51,16.6,15.66,48474
2009-05-05,16.56,16.33,16.56,16.16,38344
2009-05-06,16.34,17.15,17.15,16.21,52207
2009-05-07,17.42,17.5,17.95,16.94,43211
2009-05-08,17.67,16.95,17.79,16.69,30931
2009-05-11,16.8,16.1,16.85,16.1,36780
2009-05-12,15.94,16.46,16.6,15.6,21511
2009-05-13,16.5,16.74,17.1,16.33,29636
2009-05-14,16.63,16.9,16.96,16.31,23821
2009-05-15,16.67,17.33,17.4,16.67,26189
2009-06-18,18.2,18.2,18.2,18.2,1597
2009-06-19,19.11,19.11,19.11,19.11,1534
2009-06-22,20.07,20.07,20.07,20.07,1959
2009-06-23,21.07,21.07,21.07,20.07,21758
2009-06-24,22.12,20.5,22.12,20.07,83110
2009-06-25,20.43,19.48,20.43,19.48,74690
2009-06-26,19.19,19.57,19.8,19.11,33927
2009-06-29,19.66,18.88,19.66,18.68,31972
2009-06-30,18.85,19.22,19.45,18.75,26744
2009-07-01,19.15,19.05,19.29,18.26,29872
2009-07-02,19.23,19.19,19.5,18.83,29446
2009-07-03,19.06,18.51,19.2,18.5,29221
2009-07-06,18.51,18.25,18.8,18.06,30407
2009-07-07,18.42,18.74,18.91,18.2,42688
2009-07-08,18.66,18.47,18.68,18.19,25877
2009-07-09,18.48,18.77,18.8,18.39,29707
2009-07-10,18.85,18.84,19.35,18.6,40094
2009-07-13,18.84,18.31,18.84,18.22,41783
2009-07-14,18.3,18.43,18.55,18.2,28331
2009-07-15,18.46,19.35,19.35,18.3,67015
2009-07-16,19.35,18.96,19.94,18.77,85817
2009-07-17,18.81,18.95,19.2,18.42,52356
2009-07-20,18.99,19.71,19.82,18.99,79820
2009-07-21,19.76,18.87,19.86,18.8,61047
2009-07-22,18.8,18.85,19.09,18.5,38212
2009-07-23,18.88,19.16,19.31,18.85,42120
2009-07-24,19.23,18.94,19.28,18.35,36773
2009-07-27,18.9,19.65,19.89,18.64,87454
2009-07-28,19.62,19.51,19.95,19.35,62352
2009-07-29,19.49,18.53,19.49,18.53,43717
2009-07-30,18.02,17.85,18.46,17.6,53376
2009-07-31,17.9,18.33,18.39,17.35,42620
2009-08-03,18.43,18.51,18.88,18.17,40245
2009-08-04,18.55,18.21,18.67,17.96,33139
2009-08-05,18.19,17.51,18.19,17.3,53852
2009-08-06,17.4,16.99,17.4,16.63,42197
2009-08-07,17.0,16.95,17.45,16.7,25986
2009-08-10,17.18,17.1,17.36,16.78,22974
2009-08-11,17.11,17.96,17.96,17.11,34802
2009-08-12,18.78,17.29,18.86,17.06,66215
2009-08-13,17.65,17.45,17.65,16.73,27496
2009-08-14,17.58,17.99,18.32,17.29,84171
2009-08-17,17.62,17.09,17.88,17.09,40170
2009-08-18,16.78,16.59,16.96,16.24,33320
2009-08-19,16.57,15.76,16.57,15.76,24856
2009-08-20,15.88,16.13,16.49,15.26,20979
2009-08-21,16.13,16.17,16.3,16.0,15444
2009-08-24,16.35,16.67,16.97,16.35,23825
2009-08-25,16.66,16.18,16.66,15.89,16612
2009-08-26,16.36,16.63,16.96,16.08,21306
2009-08-27,16.77,16.97,17.08,16.46,27770
2009-08-28,16.9,17.23,17.48,16.8,25449
2009-08-31,16.91,16.37,17.29,16.37,23033
2009-09-01,16.25,15.72,16.52,15.55,26101
2009-09-02,15.7,15.95,16.15,15.35,15872
2009-09-03,16.11,16.75,16.75,15.9,27532
2009-09-04,17.17,17.59,17.59,17.1,23160
2009-09-07,18.21,18.47,18.47,17.77,83016
2009-09-08,18.4,18.53,18.85,18.15,56596
2009-09-09,18.44,18.52,18.9,18.06,58969
2009-09-10,18.41,18.13,18.42,17.8,42043
2009-09-11,17.97,18.11,18.32,17.92,21253
2009-09-14,18.11,18.91,19.02,18.0,60157
2009-09-15,18.92,18.89,19.21,18.51,48322
2009-09-16,18.81,19.21,19.41,18.61,35354
2009-09-17,19.08,19.22,19.95,19.08,40770
2009-09-18,19.25,18.53,19.37,18.26,36780
2009-09-21,18.34,18.04,18.59,17.82,27869
2009-09-22,18.0,17.56,18.07,17.55,36896
2009-09-23,17.42,16.76,17.69,16.68,51841
2009-09-24,16.75,17.06,17.45,16.28,45599
2009-09-25,17.08,16.41,17.08,16.4,30169
2009-09-28,16.37,15.59,16.6,15.59,50395
2009-09-29,15.35,14.81,15.46,14.81,44397
2009-09-30,14.99,15.01,15.29,14.82,35187
2009-10-09,15.7,15.76,15.76,15.31,51615
2009-10-12,15.78,15.1,15.83,15.05,43739
2009-10-13,15.1,15.41,15.45,14.8,57984
2009-10-14,15.38,15.53,15.85,15.2,60319
2009-10-15,14.9,15.46,15.82,14.9,84361
2009-10-16,15.46,15.46,15.47,15.19,45516
2009-10-19,15.49,16.12,16.2,15.49,65512
2009-10-20,16.22,16.52,16.57,16.18,55150
2009-10-21,16.53,16.3,16.53,16.23,38736
2009-10-22,16.29,15.99,16.46,15.97,42896
2009-10-23,15.99,16.25,16.31,15.95,41504
2009-10-26,16.2,16.0,16.23,15.9,24937
2009-10-27,15.84,15.29,15.84,15.21,38412
2009-10-28,15.16,15.7,15.85,15.1,28559
2009-10-29,15.45,15.3,15.45,15.2,17901
2009-10-30,15.48,15.44,15.71,15.3,20539
2009-11-02,15.16,15.62,15.66,14.86,32218
2009-11-03,15.64,15.67,15.8,15.51,35613
2009-11-04,15.7,15.93,16.1,15.66,39398
2009-11-05,16.0,15.76,16.03,15.55,38214
2009-11-06,15.83,16.36,16.55,15.71,86676
2009-11-09,16.34,16.49,16.51,16.12,55828
2009-11-10,16.56,16.28,16.6,16.21,35847
2009-11-11,16.28,16.18,16.4,16.1,32117
2009-11-12,16.2,16.26,16.37,16.03,33231
2009-11-13,16.2,16.23,16.35,16.02,29186
2009-11-16,16.21,16.56,16.65,16.2,62150
2009-11-17,16.65,16.43,16.68,16.38,42052
2009-11-18,16.42,16.22,16.55,16.16,47734
2009-11-19,16.22,16.27,16.36,16.0,45403
2009-11-20,16.24,17.08,17.08,16.06,77636
2009-11-23,17.41,17.74,17.92,17.1,102724
2009-11-24,17.76,16.85,17.83,16.85,76527
2009-11-25,16.75,17.52,17.58,16.65,69713
2009-11-26,17.66,17.67,18.3,17.51,121582
2009-11-27,17.45,16.84,17.58,16.79,62554
2009-11-30,16.84,17.08,17.26,16.45,56216
2009-12-01,17.06,17.47,17.53,16.88,49390
2009-12-02,17.65,17.5,17.65,17.3,55309
2009-12-03,17.55,17.13,17.55,17.03,42910
2009-12-04,17.05,16.54,17.27,16.36,58361
2009-12-07,16.5,16.72,16.79,16.46,30264
2009-12-08,16.75,17.0,17.13,16.5,31560
2009-12-09,16.78,16.42,16.79,16.34,26397
2009-12-10,16.45,16.64,16.74,16.45,21300
2009-12-11,16.69,16.69,16.77,16.6,20528
2009-12-14,16.68,16.44,16.7,16.06,24392
2009-12-15,16.56,16.3,16.56,16.23,15892
2009-12-16,16.3,16.02,16.44,16.01,21466
2009-12-17,16.02,16.05,16.17,15.95,22390
2009-12-18,16.02,15.25,16.02,15.25,34707
2009-12-21,15.3,15.28,15.38,15.0,26099
2009-12-22,15.28,15.0,15.4,14.99,31589
2009-12-23,15.02,15.24,15.6,15.01,22720
2009-12-24,15.25,15.61,15.65,15.21,24980
2009-12-25,15.68,15.43,15.7,15.39,18251
2009-12-28,15.4,15.57,15.67,15.4,17628
2009-12-29,15.59,15.75,15.83,15.59,16363
2009-12-30,15.69,15.6,15.9,15.49,19116
2009-12-31,15.61,15.66,15.77,15.6,13186
2010-01-04,15.75,16.06,16.2,15.66,33998
2010-01-05,16.18,16.2,16.3,16.0,25922
2010-01-06,16.22,16.26,16.45,16.2,24956
2010-01-07,16.26,15.87,16.43,15.65,35856
2010-01-08,15.71,15.57,15.76,15.31,27996
2010-01-11,15.65,15.85,16.1,15.49,28289
2010-01-12,16.0,16.0,16.13,15.7,29244
2010-01-13,15.8,15.56,15.8,15.5,31954
2010-01-14,15.5,15.7,15.78,15.4,26885
2010-01-15,15.7,15.73,15.86,15.5,22436
2010-01-18,15.71,15.73,15.75,15.45,19834
2010-01-19,15.73,16.52,16.52,15.72,54043
2010-01-20,16.73,16.51,17.1,16.48,78660
2010-01-21,16.51,16.57,16.98,16.22,33147
2010-01-22,16.45,16.06,16.45,15.9,24376
2010-01-25,15.95,16.42,16.62,15.87,19549
2010-01-26,16.4,16.33,16.79,16.2,26653
2010-01-27,16.26,15.91,16.3,15.9,14530
2010-01-28,15.88,16.0,16.09,15.83,11446
2010-01-29,15.99,15.89,16.11,15.81,16487
2010-02-01,15.76,15.36,15.96,15.11,22720
2010-02-02,15.36,15.34,15.58,15.32,12781
2010-02-03,15.26,15.4,15.5,14.8,24656
2010-02-04,15.39,15.9,16.07,15.3,26424
2010-02-05,15.51,15.58,15.69,15.35,19535
2010-02-08,15.44,15.58,15.72,15.43,9622
2010-02-09,15.58,16.03,16.16,15.5,16657
2010-02-10,16.08,16.16,16.36,16.04,11652
2010-02-11,16.16,16.52,16.97,16.15,35717
2010-02-12,16.52,16.24,16.76,16.19,21877
2010-02-22,16.35,16.21,16.63,16.18,16894
2010-02-23,16.21,16.0,16.26,15.8,12290
2010-02-24,15.9,16.19,16.23,15.9,10149
2010-02-25,16.23,16.45,16.5,16.13,21027
2010-02-26,16.45,16.37,16.56,16.28,15953
2010-03-01,16.56,16.56,16.85,16.49,31078
2010-03-02,16.56,16.19,16.57,16.15,19898
2010-03-03,16.2,16.51,16.53,16.14,23731
2010-03-04,16.55,16.33,16.68,16.25,30395
2010-03-05,16.25,16.45,16.48,16.0,17797
2010-03-08,16.51,16.79,17.14,16.45,49041
2010-03-09,16.78,16.76,17.02,16.3,25448
2010-03-10,16.77,16.69,16.99,16.55,20888
2010-03-11,16.59,16.74,16.99,16.41,17128
2010-03-12,16.74,17.19,17.58,16.74,68848
2010-03-15,17.19,17.58,17.9,17.12,65489
2010-03-16,17.5,17.36,17.98,17.15,37676
2010-03-17,17.37,17.48,17.55,17.08,38465
2010-03-18,17.5,17.3,17.53,17.15,27154
2010-03-19,17.23,17.41,17.87,17.1,45418
2010-03-22,17.41,17.28,17.45,17.11,31003
2010-03-23,17.31,17.44,17.58,17.17,27055
2010-03-24,17.46,17.69,17.81,17.35,30198
2010-03-25,17.62,17.2,17.7,17.15,25242
2010-03-26,17.21,17.48,17.49,17.15,18977
2010-03-29,17.53,17.74,18.1,17.53,35573
2010-03-30,17.68,17.92,18.1,17.68,36528
2010-03-31,17.94,18.81,18.82,17.93,78318
2010-04-01,18.71,19.75,19.75,18.68,89602
2010-04-02,19.83,20.12,20.7,19.62,81514
2010-04-06,20.0,20.1,20.5,19.78,52288
2010-04-07,20.1,21.11,21.11,19.95,78458
2010-04-08,21.33,20.69,21.49,20.5,67017
2010-04-09,20.7,21.12,21.29,20.53,40966
2010-04-12,21.15,22.18,22.18,21.15,47650
2010-04-13,22.2,22.83,23.29,21.7,88870
2010-04-14,22.9,22.66,23.2,22.4,40689
2010-04-15,22.58,21.53,22.78,21.53,69327
2010-04-16,21.43,21.98,22.49,20.78,51548
2010-04-19,21.5,21.94,22.85,21.4,69738
2010-04-20,21.82,23.04,23.04,21.21,97157
2010-04-21,23.41,24.19,24.19,23.3,48573
2010-04-22,25.3,25.4,25.4,24.52,86084
2010-04-26,24.8,24.27,25.37,24.13,117672
2010-04-27,24.3,24.58,24.95,23.4,85157
2010-04-28,24.06,23.9,24.48,23.5,63324
2010-04-29,23.88,22.71,24.37,22.71,50880
2010-04-30,21.59,21.57,22.18,21.57,41864
2010-05-04,20.6,20.96,22.25,20.6,41829
2010-05-05,20.6,21.72,21.75,20.26,40720
2010-05-06,21.52,21.45,22.79,21.4,52206
2010-05-07,20.7,21.02,21.55,20.7,37259
2010-05-10,20.82,20.69,21.38,19.97,47864
2010-05-11,21.0,19.99,21.2,19.9,35135
2010-05-12,19.5,18.99,19.97,18.99,47522
2010-05-13,18.91,19.94,19.94,18.79,37687
2010-05-14,20.16,20.77,20.94,20.0,54846
2010-05-19,20.9,20.61,21.8,20.16,112829
2010-05-20,19.81,18.56,20.99,18.55,73539
2010-05-21,17.5,18.26,18.95,17.3,67795
2010-05-24,18.7,20.09,20.09,18.7,45853
2010-05-25,20.48,21.7,22.1,20.46,210757
2010-05-26,21.88,22.4,23.18,21.36,174799
2010-05-27,22.0,24.64,24.64,21.82,133016
2010-05-28,24.88,27.1,27.1,24.44,301222
2010-05-31,27.0,27.38,29.05,26.7,303645
2010-06-01,26.81,30.12,30.12,26.81,302088
2010-06-02,30.0,30.49,32.15,27.91,330296
2010-06-03,29.95,29.89,31.1,29.17,232888
2010-06-04,29.7,29.4,30.75,28.86,203843
2010-06-07,29.01,30.27,31.05,28.85,256781
2010-06-08,29.8,29.53,30.0,28.48,195548
2010-06-09,29.45,29.31,30.49,28.7,236057
2010-06-10,28.88,29.54,30.19,28.86,159290
2010-06-11,29.55,29.07,30.09,28.8,180377
2010-06-17,29.2,27.2,29.5,27.16,199663
2010-06-18,26.9,26.79,27.46,26.25,135569
2010-06-21,26.75,27.36,27.65,26.5,140752
2010-06-22,27.1,26.73,27.69,26.6,119971
2010-06-23,26.05,27.64,28.14,25.82,202066
2010-06-24,27.2,26.31,27.45,26.02,142580
2010-06-25,26.3,26.34,26.96,25.85,90863
2010-06-28,26.26,25.68,26.58,25.3,80284
2010-06-29,25.64,25.19,26.27,24.86,99398
2010-06-30,24.95,25.38,26.18,24.95,128656
2010-07-01,25.05,26.62,27.6,24.65,198053
2010-07-02,26.0,24.97,26.3,23.96,172680
2010-07-05,24.05,23.84,24.38,23.23,88477
2010-07-06,23.66,24.98,25.65,23.64,127339
2010-07-07,24.65,24.81,25.68,24.5,109268
2010-07-08,24.88,25.65,26.5,24.36,131218
2010-07-09,25.46,25.9,26.46,25.15,126237
2010-07-12,25.93,26.31,27.37,25.9,132429
2010-07-13,25.9,25.9,26.8,25.43,97646
2010-07-14,26.05,26.19,26.76,25.88,84907
2010-07-15,26.1,24.52,26.1,24.5,105465
2010-07-16,24.0,24.41,24.56,23.78,61838
2010-07-19,24.05,25.21,25.45,24.0,79549
2010-07-20,25.22,26.08,26.37,25.17,110669
2010-07-21,26.1,25.97,26.66,25.82,93589
2010-07-22,25.68,28.57,28.57,25.68,194394
2010-07-23,29.69,29.24,29.94,28.7,262709
2010-07-26,29.64,29.27,30.29,28.88,144116
2010-07-27,29.01,28.53,29.19,28.1,122441
2010-07-28,28.5,29.36,29.48,28.32,118922
2010-07-29,29.4,28.82,29.64,28.61,96599
2010-07-30,28.8,29.68,30.33,28.5,176226
2010-08-02,29.5,29.95,30.23,29.37,111876
2010-08-03,30.6,28.83,30.9,28.73,153082
2010-08-04,28.6,29.16,29.46,28.2,109206
2010-08-05,29.16,28.39,29.16,28.29,88620
2010-08-06,28.3,28.8,28.95,28.2,70871
2010-08-09,28.9,29.66,30.0,28.9,90541
2010-08-10,29.93,29.21,30.65,29.12,125971
2010-08-11,29.5,28.94,30.08,28.58,86340
2010-08-12,28.5,29.78,29.99,28.28,127644
2010-08-13,29.91,29.7,30.24,28.94,79525
2010-08-16,29.7,31.54,32.3,29.32,170973
2010-08-17,31.46,31.73,32.23,30.8,119915
2010-08-18,32.0,31.91,32.28,31.11,110402
2010-08-19,31.68,31.21,32.06,31.0,104457
2010-08-20,30.9,29.3,30.97,29.1,127714
2010-08-23,29.1,29.48,30.15,29.1,71314
2010-08-25,29.4,29.56,30.67,29.4,77434
2010-08-26,29.5,28.79,29.5,28.2,81478
2010-08-27,28.5,29.2,29.58,28.5,58578
2010-08-30,29.72,32.12,32.12,29.5,195032
2010-08-31,31.6,33.21,34.97,31.51,221978
2010-09-01,33.0,31.88,33.2,31.15,135797
2010-09-02,32.3,32.25,33.2,31.8,121771
2010-09-03,32.34,32.59,33.2,31.33,116180
2010-09-06,32.98,32.15,34.85,32.0,145940
2010-09-07,32.0,32.77,33.0,31.77,70723
2010-09-08,32.89,36.05,36.05,32.8,142506
2010-09-09,39.66,39.66,39.66,37.55,327361
2010-09-10,40.22,40.32,43.25,39.0,322794
2010-09-13,40.2,44.35,44.35,39.08,239786
2010-09-14,43.3,46.64,48.36,43.3,289044
2010-09-15,46.0,45.73,47.78,44.65,194884
2010-09-16,45.4,46.01,47.39,44.7,181215
2010-09-17,46.07,42.84,46.5,41.41,177895
2010-09-20,42.05,40.36,42.68,39.4,142328
2010-09-21,40.55,40.58,41.95,40.0,108939
2010-09-27,42.22,44.64,44.64,41.1,124351
2010-09-28,46.88,47.91,49.1,45.3,299131
2010-09-29,47.59,52.7,52.7,47.0,258034
2010-09-30,53.5,57.97,57.97,53.0,169345
2010-10-08,63.0,61.12,63.77,60.5,208992
2010-10-11,59.8,62.94,66.75,59.5,222414
2010-10-12,61.0,69.23,69.23,60.78,188785
2010-10-13,72.0,76.15,76.15,69.5,185703
2010-10-14,78.17,83.77,83.77,78.17,166212
2010-10-15,86.0,92.15,92.15,80.22,92935
2010-10-18,99.09,91.7,101.37,85.56,226511
2010-10-22,89.0,85.75,93.99,83.0,188153
2010-10-25,83.0,86.41,88.8,82.6,189105
2010-10-26,85.0,82.86,87.46,82.0,157445
2010-10-27,81.92,91.15,91.15,81.5,204522
2010-10-28,94.67,89.93,99.68,89.18,211261
2010-10-29,86.9,87.82,89.79,83.66,147892
2010-11-01,85.0,91.66,95.5,84.37,208477
2010-11-02,91.0,88.36,95.78,88.0,179833
2010-11-03,88.38,80.06,89.89,79.8,168538
2010-11-04,78.0,81.66,84.12,76.0,154589
2010-11-05,83.5,80.58,83.96,79.6,101630
2010-11-08,79.1,78.77,79.6,76.5,98612
2010-11-09,78.36,80.55,82.5,77.5,93392
2010-11-10,80.0,83.84,85.0,78.53,128439
2010-11-11,82.1,81.25,85.0,81.2,118555
2010-11-12,80.97,74.64,82.18,73.6,93688
2010-11-15,74.61,82.1,82.1,73.62,186423
2010-11-16,81.0,73.89,81.0,73.89,134631
2010-11-17,70.13,71.08,75.58,69.0,90722
2010-11-18,73.23,72.02,74.0,70.23,69921
2010-11-19,72.4,71.91,72.88,69.03,77365
2010-11-22,71.0,74.07,76.29,69.5,125013
2010-11-23,72.3,69.7,72.4,68.5,80127
2010-11-24,68.5,70.84,73.4,68.45,69787
2010-11-25,71.0,72.44,74.59,69.46,107233
2010-11-26,71.01,70.46,71.89,69.88,67515
2010-11-29,70.0,66.17,70.1,65.51,88376
2010-11-30,66.2,66.95,67.95,63.03,89922
2010-12-01,66.7,67.08,68.63,65.21,81218
2010-12-02,68.4,69.53,71.48,67.54,126036
2010-12-03,68.8,67.64,68.8,66.35,65056
2010-12-06,68.25,67.92,69.0,65.95,56709
2010-12-07,67.0,68.41,69.3,64.64,69021
2010-12-08,67.7,68.57,71.8,67.65,97695
2010-12-09,67.0,65.71,68.0,65.5,58539
2010-12-10,64.55,69.05,71.0,64.1,104576
2010-12-13,69.1,70.99,71.0,68.35,113081
2010-12-14,71.0,72.0,72.99,70.5,90235
2010-12-15,72.0,70.9,72.84,70.82,66453
2010-12-16,70.51,70.26,71.75,70.12,41922
2010-12-17,70.0,71.09,72.28,69.8,60992
2010-12-20,71.29,68.71,71.75,65.5,76048
2010-12-21,68.6,67.95,69.19,66.61,53027
2010-12-22,68.0,67.12,69.97,66.7,51261
2010-12-23,67.0,66.62,68.4,65.75,59132
2010-12-24,66.2,66.93,68.99,66.0,52353
2010-12-27,67.05,63.94,68.08,63.81,60783
2010-12-28,63.0,62.03,64.49,61.98,42939
2010-12-29,62.7,62.44,63.2,61.2,41551
2010-12-30,61.82,61.85,62.63,59.0,52432
2010-12-31,62.02,64.97,66.75,61.58,96543
2011-01-04,65.31,66.24,66.65,64.2,81484
2011-01-05,65.1,64.82,66.01,63.7,55736
2011-01-06,65.0,64.96,66.0,63.8,54483
2011-01-07,64.01,62.29,64.75,62.0,53763
2011-01-10,62.32,63.09,66.3,61.91,56307
2011-01-11,62.69,61.88,63.0,61.25,30242
2011-01-12,62.3,63.29,64.45,62.06,42296
2011-01-13,63.44,61.79,63.98,61.25,40906
2011-01-14,61.26,57.61,61.43,57.4,55148
2011-01-17,56.7,55.06,57.89,53.75,40353
2011-01-18,55.35,55.01,55.4,53.98,25293
2011-01-19,54.99,56.59,57.26,54.4,47367
2011-01-20,56.0,51.23,56.37,51.15,57409
2011-01-21,50.5,51.51,53.0,50.11,54150
2011-01-24,51.9,53.03,55.77,48.9,94828
2011-01-25,52.88,52.8,54.01,51.3,46034
2011-01-26,53.0,53.07,53.42,52.13,32910
2011-01-27,53.17,54.16,55.6,52.9,72931
2011-01-28,53.57,53.77,54.49,51.85,54405
2011-01-31,53.0,53.92,54.47,52.8,39516
2011-02-01,54.2,55.45,56.88,54.2,71328
2011-02-09,54.0,52.66,54.98,52.27,46873
2011-02-10,52.29,53.52,53.75,51.61,34278
2011-02-11,54.3,54.43,55.9,54.23,47714
2011-02-14,54.06,57.19,57.96,54.01,84152
2011-02-15,57.27,62.91,62.91,56.11,135797
2011-02-16,64.88,69.2,69.2,62.6,199160
2011-02-17,70.44,71.67,75.35,70.44,211927
2011-02-18,70.5,72.79,74.88,70.11,147963
2011-02-21,71.6,72.19,73.7,71.01,93285
2011-02-22,72.25,73.71,77.77,72.25,139716
2011-02-23,73.15,71.28,73.6,69.58,89450
2011-02-24,71.2,70.64,73.46,70.0,72360
2011-02-28,70.37,69.82,70.99,68.3,77444
2011-03-01,69.84,71.67,73.0,69.84,92859
2011-03-02,71.84,70.14,72.8,69.69,65023
2011-03-03,70.2,71.31,72.6,70.2,84928
2011-03-04,70.5,70.31,71.35,68.88,80566
2011-03-07,70.0,70.89,71.5,69.1,73136
2011-03-08,71.0,75.09,75.55,70.92,134870
2011-03-09,75.53,73.76,77.94,73.41,119204
2011-03-10,72.57,71.21,74.5,71.11,81066
2011-03-11,70.5,70.02,71.42,69.63,63455
2011-03-14,68.0,68.19,69.3,67.2,52698
2011-03-15,68.33,68.94,69.75,66.9,54292
2011-03-16,68.96,75.83,75.83,68.96,140265
2011-03-17,77.0,74.4,77.25,73.06,163793
2011-03-18,74.8,73.33,76.5,72.81,87455
2011-03-21,72.7,71.42,73.59,70.71,59441
2011-03-22,72.3,71.6,72.58,70.12,45390
2011-03-23,72.0,72.49,72.6,70.38,51938
2011-03-24,72.6,72.0,75.3,71.88,70427
2011-03-25,72.1,73.52,75.19,71.41,95503
2011-03-28,74.1,73.79,75.5,72.68,85364
2011-03-29,73.0,73.67,75.46,72.0,92662
2011-03-30,73.25,77.07,79.99,73.23,167387
2011-03-31,76.0,74.07,78.07,73.88,114762
2011-04-01,75.0,73.68,75.84,71.01,78174
2011-04-06,72.01,77.92,79.98,72.01,147447
2011-04-07,77.21,75.7,77.21,75.1,84712
2011-04-08,78.5,78.63,83.27,78.25,139819
2011-04-11,79.35,80.06,82.0,77.8,106780
2011-04-12,79.85,76.19,79.85,75.7,95430
2011-04-13,75.0,75.9,75.99,73.6,49609
2011-04-14,75.0,74.57,75.81,73.9,39549
2011-04-15,75.0,74.77,75.97,73.71,40370
2011-04-18,74.32,71.86,74.4,71.61,62730
2011-04-19,71.88,68.95,71.88,68.33,60222
2011-04-20,68.7,69.49,70.65,68.66,33364
2011-04-21,70.0,72.13,73.0,68.8,55376
2011-04-22,71.68,71.54,72.95,70.65,38433
2011-04-25,71.0,69.56,71.0,68.98,29516
2011-04-26,70.88,69.36,72.0,69.3,38339
2011-04-27,69.36,65.7,70.18,63.0,52639
2011-04-28,65.9,62.96,66.85,62.9,40118
2011-04-29,63.01,63.93,63.99,61.78,30762
2011-05-03,63.3,63.74,63.99,61.89,28866
2011-05-04,63.3,64.39,65.31,62.53,41689
2011-05-05,63.5,62.72,64.0,62.0,24748
2011-05-06,61.3,64.15,66.6,60.5,56471
2011-05-09,63.4,64.14,65.25,63.05,32198
2011-05-10,64.37,67.37,68.49,64.37,81277
2011-05-11,67.0,65.72,67.4,65.0,52925
2011-05-12,64.92,63.02,64.98,63.0,45830
2011-05-13,62.72,64.39,64.96,61.9,40716
2011-05-16,64.55,63.05,64.6,63.0,25601
2011-05-17,62.02,61.49,63.15,60.1,38431
2011-05-18,61.38,61.67,62.98,60.38,19945
2011-05-19,62.51,61.35,62.53,61.19,21180
2011-05-23,63.79,61.23,64.38,61.0,65752
2011-05-24,60.1,64.53,66.2,59.55,79513
2011-05-25,64.4,64.63,66.85,63.0,81057
2011-05-26,66.58,64.53,67.96,64.5,70569
2011-05-27,63.84,62.01,63.84,61.5,37247
2011-05-30,61.5,60.89,62.67,60.53,26591
2011-05-31,61.4,62.13,62.66,60.08,36270
2011-06-01,61.69,62.27,63.18,61.5,27934
2011-06-02,61.26,63.94,64.5,61.0,56505
2011-06-03,64.85,63.67,65.53,63.59,44220
2011-06-07,64.3,70.04,70.04,64.0,148178
2011-06-08,73.45,73.68,74.47,71.45,201776
2011-06-09,73.0,72.49,74.39,72.4,117720
2011-06-10,72.8,69.09,72.94,66.0,133279
2011-06-13,69.0,73.23,75.26,68.93,136416
2011-06-14,74.0,76.08,78.78,73.0,146258
2011-06-15,75.5,74.58,76.4,74.31,73946
2011-06-16,73.27,76.07,77.68,73.0,98860
2011-06-17,75.95,68.94,75.95,68.59,114591
2011-06-20,67.3,67.22,69.58,65.51,79253
2011-06-21,67.21,66.36,67.88,64.01,67269
2011-06-22,66.36,66.59,67.5,65.06,52010
2011-06-23,66.0,66.39,67.15,64.03,55167
2011-06-24,65.9,67.82,69.75,64.79,78508
2011-06-27,67.46,67.94,69.32,66.95,51868
2011-06-28,68.1,72.92,74.68,68.1,124383
2011-06-29,72.0,72.33,74.4,70.53,102023
2011-06-30,75.1,72.92,77.1,72.73,84741
2011-07-01,72.01,72.34,73.58,71.48,50198
2011-07-04,72.36,73.65,74.96,72.18,67869
2011-07-05,73.3,74.06,74.99,72.43,62112
2011-07-06,74.32,75.97,78.8,73.6,115807
2011-07-07,76.0,73.12,76.0,72.98,86548
2011-07-08,73.27,72.21,73.88,71.6,46165
2011-07-11,71.75,72.52,73.5,70.88,37006
2011-07-12,72.0,71.83,73.4,71.29,30718
2011-07-13,72.43,73.5,74.27,72.2,39964
2011-07-14,74.0,74.11,74.84,72.58,52034
2011-07-15,74.38,73.87,74.89,73.49,37535
2011-07-18,73.91,72.66,74.78,72.12,37090
2011-07-19,72.0,71.87,72.68,70.9,30775
2011-07-20,72.36,72.37,73.08,71.8,20722
2011-07-21,72.45,69.92,72.79,69.86,41973
2011-07-22,69.93,69.46,70.77,69.02,24367
2011-07-25,69.5,68.28,70.5,67.79,29159
2011-07-26,70.41,72.1,72.69,70.41,64663
2011-07-27,72.0,72.09,72.38,70.85,36934
2011-07-28,71.44,71.71,72.74,71.0,33386
2011-07-29,71.51,70.44,72.35,70.03,29262
2011-08-01,70.46,70.39,71.25,69.83,19678
2011-08-02,69.9,68.44,69.9,67.6,36668
2011-08-03,68.0,67.62,68.3,66.88,26271
2011-08-04,67.65,67.71,68.65,67.5,18101
2011-08-05,64.98,65.68,66.06,64.4,28044
2011-08-08,64.96,61.26,64.96,59.88,43305
2011-08-09,59.5,63.41,64.69,57.5,61867
2011-08-10,64.3,63.26,64.55,63.15,36264
2011-08-11,61.8,63.43,63.75,61.28,26177
2011-08-12,63.99,63.4,64.7,63.36,24363
2011-08-15,63.4,64.15,64.49,63.4,20538
2011-08-16,64.08,64.35,65.58,64.08,25378
2011-08-17,64.2,63.56,64.9,63.48,17656
2011-08-18,63.56,63.91,65.98,63.56,27494
2011-08-19,62.0,63.96,64.42,61.3,29704
2011-08-22,63.32,63.8,64.88,62.5,17644
2011-08-23,63.91,64.69,64.9,63.4,26290
2011-08-24,65.16,65.26,65.98,64.9,35459
2011-08-25,65.59,65.46,65.68,63.0,41462
2011-08-26,65.22,65.9,66.98,64.51,39770
2011-08-29,65.0,64.09,65.49,64.06,21395
2011-08-30,64.98,62.43,65.1,62.3,28150
2011-08-31,62.43,62.11,62.98,61.87,19118
2011-09-01,62.5,62.58,62.8,62.0,14470
2011-09-02,62.5,62.88,63.39,62.01,13711
2011-09-05,62.11,61.93,62.8,60.9,15456
2011-09-06,61.04,61.09,61.9,60.41,13184
2011-09-07,61.29,62.01,62.45,60.58,18382
2011-09-08,62.51,61.07,62.6,61.01,13054
2011-09-09,61.4,60.63,61.69,60.31,10244
2011-09-13,59.58,61.37,62.0,58.3,18911
2011-09-14,60.7,61.43,62.0,59.6,19081
2011-09-15,61.6,60.82,61.6,60.5,12629
2011-09-16,61.28,60.58,61.45,60.0,12298
2011-09-19,60.0,58.96,60.02,58.48,14676
2011-09-20,58.75,59.45,59.79,58.23,13962
2011-09-21,59.68,62.26,63.7,58.67,41634
2011-09-22,61.25,59.51,61.5,59.49,23009
2011-09-23,58.0,59.51,59.7,57.59,29137
2011-09-26,58.88,57.6,59.69,57.16,21051
2011-09-27,58.2,57.47,58.48,57.26,18103
2011-09-28,57.83,57.22,58.37,56.15,19789
2011-09-29,57.0,55.54,57.0,54.91,22153
2011-09-30,55.58,54.87,56.1,54.3,14723
2011-10-10,54.8,51.52,55.5,50.95,22457
2011-10-11,53.02,49.52,53.5,48.48,34480
2011-10-12,49.0,50.82,51.47,47.88,27844
2011-10-13,50.82,51.51,51.9,50.25,26201
2011-10-14,51.1,50.79,51.5,49.91,20105
2011-10-17,51.08,51.02,52.22,50.7,18056
2011-10-18,50.3,48.41,50.5,48.28,20984
2011-10-19,48.78,46.66,49.2,46.1,24914
2011-10-20,47.12,47.24,47.95,46.11,31890
2011-10-21,46.88,45.01,46.88,44.4,30530
2011-10-24,45.3,45.15,45.5,43.18,28055
2011-10-25,45.67,47.18,48.0,44.1,48099
2011-10-26,46.5,47.42,47.9,46.1,37703
2011-10-27,47.7,46.4,47.7,46.0,31617
2011-10-28,47.46,47.89,48.68,46.85,41695
2011-10-31,47.6,47.82,48.15,47.27,29882
2011-11-01,47.22,47.11,47.75,46.9,26011
2011-11-02,46.0,46.61,46.77,44.48,42400
2011-11-03,46.95,48.59,50.27,46.65,72328
2011-11-04,49.91,49.31,50.38,49.02,46136
2011-11-07,49.48,49.38,50.19,48.97,31380
2011-11-08,49.38,48.18,49.8,48.08,30687
2011-11-09,48.1,49.58,49.61,47.81,24441
2011-11-10,49.0,48.15,49.18,48.12,20994
2011-11-11,48.34,48.5,49.33,48.01,18708
2011-11-14,49.47,49.44,49.95,48.73,23120
2011-11-15,49.5,50.78,51.47,49.05,47951
2011-11-16,50.78,48.81,50.9,48.56,36347
2011-11-17,48.69,47.95,49.07,47.8,20024
2011-11-18,47.51,45.9,47.97,45.88,20935
2011-11-21,45.94,46.19,46.59,45.33,12657
2011-11-22,45.28,46.17,46.48,45.1,15264
2011-11-23,46.16,45.43,46.46,45.4,10549
2011-11-24,45.1,44.74,45.49,44.0,15270
2011-11-25,44.95,44.53,45.94,44.37,14808
2011-11-28,44.7,44.77,45.32,44.35,12989
2011-11-29,45.28,45.6,45.7,45.0,15099
2011-11-30,45.5,43.5,45.5,43.18,20466
2011-12-01,45.3,44.83,45.8,44.75,23570
2011-12-02,44.21,43.73,44.75,43.58,15112
2011-12-05,44.2,42.51,44.21,42.47,12612
2011-12-06,42.56,42.57,42.94,42.02,8181
2011-12-07,42.65,42.45,42.8,42.24,5817
2011-12-08,42.5,42.89,43.48,42.21,16659
2011-12-09,42.23,42.19,42.88,42.01,8772
2011-12-12,42.48,41.87,42.48,41.82,8809
2011-12-13,41.27,39.0,41.4,38.98,18455
2011-12-14,38.95,37.86,39.5,37.78,17502
2011-12-15,37.01,35.77,37.7,35.75,19487
2011-12-16,36.0,36.48,36.55,35.01,25592
2011-12-19,36.0,35.9,36.1,34.9,16955
2011-12-20,35.7,36.72,37.28,35.42,32203
2011-12-21,36.98,34.82,37.09,34.71,26284
2011-12-22,32.01,34.52,36.08,32.01,29554
2011-12-23,34.07,34.27,35.18,33.88,18075
2011-12-26,34.19,34.4,35.48,33.87,18902
2011-12-27,34.0,34.15,35.33,33.71,20274
2011-12-28,34.29,35.01,35.12,33.01,29906
2011-12-29,34.79,35.34,36.22,34.52,34738
2011-12-30,35.5,38.13,38.87,35.4,62250
2012-01-04,38.0,37.39,38.3,37.26,38283
2012-01-05,37.0,35.88,37.4,35.62,27947
2012-01-06,35.62,37.55,37.66,35.03,29222
2012-01-09,37.69,39.83,41.0,37.0,53956
2012-01-10,39.5,40.88,41.55,39.21,64231
2012-01-11,40.5,41.86,42.7,40.22,77469
2012-01-12,41.4,44.97,46.05,41.0,129293
2012-01-13,45.0,49.47,49.47,44.46,179683
2012-01-16,49.3,45.19,49.3,45.0,113285
2012-01-17,45.4,49.71,49.71,45.32,125841
2012-01-18,52.0,54.65,54.68,51.13,186402
2012-01-20,54.44,52.14,54.47,49.3,154623
2012-01-30,52.04,50.61,52.79,49.9,85971
2012-01-31,50.55,53.0,54.63,50.55,116807
2012-02-01,52.14,51.77,52.26,50.5,71232
2012-02-02,51.8,52.45,53.98,51.08,88566
2012-02-03,52.45,53.14,53.74,51.38,75061
2012-02-06,53.0,53.15,54.19,52.3,66729
2012-02-07,52.75,52.6,53.1,50.5,72700
2012-02-08,52.4,57.86,57.86,51.7,130988
2012-02-09,59.99,58.96,61.45,57.2,171176
2012-02-10,59.49,58.56,60.3,57.79,96843
2012-02-13,57.45,58.89,59.89,57.11,68542
2012-02-14,58.99,60.44,60.89,57.6,89001
2012-02-15,60.0,59.92,61.37,59.15,85791
2012-02-16,59.5,60.0,60.5,58.06,67113
2012-02-17,60.2,59.26,60.58,59.0,43575
2012-02-20,60.28,59.51,62.01,59.4,80106
2012-02-21,59.12,59.61,59.7,58.38,58958
2012-02-22,59.68,59.79,60.68,59.01,64523
2012-02-23,59.95,60.32,62.4,59.94,98061
2012-02-24,59.85,60.15,60.88,59.7,58221
2012-02-27,60.83,61.05,63.7,60.35,122591
2012-02-28,60.58,61.08,62.0,59.8,92285
2012-02-29,61.66,64.8,66.5,61.0,149333
2012-03-01,64.0,63.81,65.85,63.26,81150
2012-03-02,64.5,64.72,66.25,64.01,56281
2012-03-05,64.75,64.57,65.4,63.78,64610
2012-03-06,64.2,62.02,64.2,61.5,69198
2012-03-07,60.2,60.0,61.49,59.5,62945
2012-03-08,60.8,62.99,64.74,60.47,100972
2012-03-09,63.08,63.78,64.75,62.61,79100
2012-03-12,64.59,68.23,69.82,64.59,149486
2012-03-13,68.4,67.16,68.4,65.84,79336
2012-03-14,67.7,65.64,69.98,64.38,131335
2012-03-15,65.35,63.93,66.38,62.91,78964
2012-03-19,67.3,69.4,69.89,67.21,167468
2012-03-20,69.3,68.25,69.87,67.49,98146
2012-03-21,68.5,68.28,70.77,67.55,84815
2012-03-22,67.76,65.22,67.8,64.71,64803
2012-03-23,64.29,65.85,67.2,64.0,60572
2012-03-26,65.86,65.73,66.15,63.18,48836
2012-03-27,67.0,67.62,69.0,66.91,96571
2012-03-28,67.0,64.25,67.0,64.18,64944
2012-03-29,63.68,62.4,65.04,61.1,64534
2012-03-30,62.45,60.43,64.0,59.9,51088
2012-04-05,60.7,64.66,64.9,59.68,64410
2012-04-06,64.88,63.96,65.0,63.25,56238
2012-04-09,63.96,65.37,67.95,63.12,79118
2012-04-10,64.98,65.49,65.9,61.12,72292
2012-04-11,62.99,63.49,64.28,62.01,50014
2012-04-12,63.6,64.11,64.44,63.02,42434
2012-04-13,64.45,64.88,66.46,63.99,67597
2012-04-16,64.25,63.8,64.36,62.9,39362
2012-04-17,63.12,63.0,64.29,62.9,30439
2012-04-18,63.5,64.86,65.0,62.96,52209
2012-04-19,64.9,63.59,64.95,63.0,46274
2012-04-20,63.01,63.2,63.84,62.8,27466
2012-04-23,63.65,61.98,63.97,61.51,36292
2012-04-24,61.0,61.37,61.86,59.43,39361
2012-04-25,61.26,62.3,63.03,61.02,36432
2012-04-26,62.4,61.33,62.89,61.3,25344
2012-04-27,61.0,59.58,61.5,58.15,71204
2012-05-02,60.55,62.09,63.9,59.7,90825
2012-05-03,61.88,60.96,62.09,60.6,48957
2012-05-04,60.96,62.55,63.36,60.4,74345
2012-05-07,61.87,62.04,62.39,61.3,47893
2012-05-08,61.52,68.24,68.24,60.8,109683
2012-05-09,69.1,70.64,74.5,69.1,242367
2012-05-10,69.99,73.19,75.2,69.65,149681
2012-05-11,72.8,70.71,73.49,70.0,86532
2012-05-14,71.5,68.54,71.8,68.26,64041
2012-05-15,67.08,67.63,67.98,65.8,68261
2012-05-16,67.3,68.03,69.51,66.3,72845
2012-05-17,67.6,70.39,71.7,66.9,75863
2012-05-18,69.35,71.2,73.6,69.06,83603
2012-05-21,71.12,74.47,75.99,71.12,115398
2012-05-22,74.5,74.19,74.96,73.1,56034
2012-05-23,74.6,73.53,76.84,72.4,73106
2012-05-24,72.5,72.24,73.88,72.02,41005
2012-05-28,70.99,71.0,71.3,67.58,40600
2012-05-29,70.99,72.85,73.68,70.05,45710
2012-05-30,72.7,72.03,73.3,71.76,25500
2012-05-31,71.56,74.3,75.9,71.21,53122
2012-06-01,75.58,78.05,81.73,75.51,120416
2012-06-04,76.06,77.01,79.99,75.51,67925
2012-06-05,77.18,75.29,78.49,74.31,59259
2012-06-06,75.71,76.38,77.0,74.5,38452
2012-06-07,77.7,75.08,77.97,75.0,32542
2012-06-08,75.29,73.23,75.7,73.0,40068
2012-06-11,73.51,73.9,74.68,72.2,47318
2012-06-12,73.0,73.44,74.44,72.8,27539
2012-06-13,73.45,73.58,74.28,72.72,33902
2012-06-14,73.5,71.99,73.71,71.91,37517
2012-06-15,72.0,70.89,72.75,69.65,42851
2012-06-18,70.9,71.17,71.78,70.7,20566
2012-06-19,71.28,69.85,71.49,69.34,25124
2012-06-20,70.78,71.0,72.89,70.6,52545
2012-06-21,71.1,71.48,71.85,70.01,33630
2012-06-25,70.87,68.0,70.9,67.9,33951
2012-06-26,67.85,66.3,67.85,64.8,28174
2012-06-27,66.7,64.81,67.38,64.3,23472
2012-06-28,64.77,62.35,65.48,62.3,39989
2012-06-29,61.75,65.93,66.66,61.1,40236
2012-07-02,65.9,66.93,68.0,65.5,39125
2012-07-03,66.7,65.73,67.29,65.3,27013
2012-07-04,66.0,65.71,66.8,65.0,19263
2012-07-05,65.75,63.81,66.0,63.7,22812
2012-07-06,64.3,66.19,66.8,62.8,35826
2012-07-09,66.19,67.14,70.95,66.0,62804
2012-07-10,67.14,69.63,70.51,67.14,76150
2012-07-11,70.5,69.44,70.5,68.51,38409
2012-07-12,68.81,70.14,70.99,68.05,52911
2012-07-13,69.7,68.82,70.26,68.66,28543
2012-07-16,68.92,68.28,70.88,68.0,38832
2012-07-17,67.43,67.46,68.13,65.35,28957
2012-07-18,67.0,68.74,68.8,66.5,28328
2012-07-19,68.38,67.91,69.5,67.68,32079
2012-07-20,67.7,66.7,68.4,66.65,20271
2012-07-23,66.06,67.08,68.5,66.0,26977
2012-07-24,66.49,66.79,67.48,66.0,16089
2012-07-25,66.43,65.04,66.95,65.0,20832
2012-07-26,65.05,64.05,65.75,63.88,25639
2012-07-27,63.4,60.14,63.4,60.0,50852
2012-07-30,60.27,59.06,60.7,58.85,31642
2012-07-31,58.9,56.77,59.4,56.7,27991
2012-08-01,56.98,58.81,60.76,56.9,26472
2012-08-02,58.85,57.53,59.22,57.0,17706
2012-08-03,57.56,58.69,59.3,57.4,18696
2012-08-06,58.34,62.86,63.26,58.33,55124
2012-08-07,62.4,63.63,64.84,61.88,59097
2012-08-08,63.72,62.88,65.6,62.5,43944
2012-08-09,62.29,62.93,64.49,61.06,39275
2012-08-10,62.65,61.03,62.67,60.9,25997
2012-08-13,60.8,60.47,62.35,60.41,19792
2012-08-14,60.63,58.96,60.85,57.4,33550
2012-08-15,58.91,57.99,59.0,57.7,14625
2012-08-16,57.45,58.71,60.5,57.45,23827
2012-08-17,59.2,58.76,59.49,57.78,15909
2012-08-20,58.0,58.86,59.57,57.48,12942
2012-08-21,58.85,58.92,59.88,58.6,15261
2012-08-22,59.0,57.95,59.48,57.7,12642
2012-08-23,58.64,58.84,59.6,58.2,28857
2012-08-24,58.8,58.13,59.9,58.1,25279
2012-08-27,56.9,52.38,56.9,52.36,40423
2012-08-28,52.36,51.86,53.15,51.81,23479
2012-08-29,51.1,47.97,51.3,47.51,42708
2012-08-30,47.03,47.2,48.3,44.86,34882
2012-08-31,47.06,46.36,47.9,46.0,18975
2012-09-03,46.28,47.33,48.05,45.83,24131
2012-09-04,47.99,47.89,48.93,47.66,33031
2012-09-05,47.8,47.36,47.8,46.6,20667
2012-09-06,47.6,48.01,48.2,47.0,17768
2012-09-07,48.9,51.94,52.38,48.31,65020
2012-09-10,51.7,51.63,52.49,51.05,38198
2012-09-11,51.4,51.0,51.4,50.04,24019
2012-09-12,51.45,51.61,52.67,51.23,26759
2012-09-13,51.69,50.31,52.16,50.2,23540
2012-09-14,51.95,51.37,52.82,51.08,27715
2012-09-17,51.88,50.28,52.26,50.25,21146
2012-09-18,49.94,48.34,49.94,47.81,27092
2012-09-19,48.4,49.08,49.36,47.71,21347
2012-09-20,48.5,46.98,48.5,46.95,18888
2012-09-21,46.95,47.04,47.98,46.7,16954
2012-09-24,46.37,47.57,48.1,45.53,21274
2012-09-25,47.6,47.06,47.89,47.0,12399
2012-09-26,47.09,46.55,48.0,46.5,17146
2012-09-27,46.48,47.44,48.01,45.52,28564
2012-09-28,47.48,48.69,49.05,47.45,35625
2012-10-08,48.42,46.59,48.42,46.5,65473
2012-10-09,46.2,46.06,46.35,44.44,126781
2012-10-10,45.6,45.66,45.9,44.68,52497
2012-10-11,45.36,45.36,46.3,44.77,53496
2012-10-12,45.43,44.83,45.88,44.6,36368
2012-10-15,44.44,43.33,44.88,42.76,42110
2012-10-16,43.35,43.25,43.75,42.95,21513
2012-10-17,43.5,44.74,45.44,43.08,35918
2012-10-18,44.69,44.92,45.42,44.52,36578
2012-10-19,44.8,44.5,45.19,44.38,20558
2012-10-22,44.0,43.67,44.0,43.1,23661
2012-10-23,43.54,43.39,43.92,43.31,15815
2012-10-24,42.79,42.6,43.3,42.55,21004
2012-10-25,42.55,42.83,44.0,42.55,21487
2012-10-26,42.92,39.85,42.92,39.8,38331
2012-10-29,39.35,38.31,39.35,38.2,26872
2012-10-30,38.31,38.87,39.8,38.29,25590
2012-10-31,38.87,39.36,39.65,38.5,21154
2012-11-01,39.37,41.94,43.0,39.37,73096
2012-11-02,41.84,41.52,42.0,41.2,35871
2012-11-05,41.7,41.79,41.99,41.28,20251
2012-11-06,41.79,42.11,42.29,40.6,31472
2012-11-07,42.01,43.24,44.44,41.61,68393
2012-11-08,42.21,41.56,42.96,41.52,36693
2012-11-09,41.56,40.99,42.3,40.8,19758
2012-11-12,41.1,42.19,42.73,41.1,25554
2012-11-13,42.51,42.78,43.95,42.06,52272
2012-11-14,42.68,43.99,44.13,42.09,57344
2012-11-15,43.42,42.4,44.26,42.18,40080
2012-11-16,42.38,41.67,42.39,40.6,30855
2012-11-19,41.67,42.26,42.48,41.01,21866
2012-11-20,42.4,41.97,43.06,41.95,26270
2012-11-21,41.8,41.89,42.38,40.55,26633
2012-11-22,41.84,41.08,41.84,41.0,15581
2012-11-23,41.38,41.49,42.19,41.33,18620
2012-11-26,41.3,40.99,41.88,40.9,14599
2012-11-27,40.96,39.02,40.96,39.0,22631
2012-11-28,38.77,37.47,38.78,37.2,29798
2012-11-29,37.36,35.95,37.95,35.65,26737
2012-11-30,35.96,36.42,36.6,35.2,17884
2012-12-03,36.29,34.76,36.64,34.66,26425
2012-12-04,34.86,35.22,35.65,33.05,31981
2012-12-05,34.87,37.53,38.53,34.61,51970
2012-12-06,37.3,36.75,37.83,36.61,25628
2012-12-07,36.8,37.87,38.46,36.55,37371
2012-12-10,37.88,38.82,39.43,37.87,40829
2012-12-11,39.33,38.59,39.49,38.38,37518
2012-12-12,39.17,39.61,40.33,38.32,44455
2012-12-13,39.0,38.41,39.9,38.36,33075
2012-12-14,38.4,42.25,42.25,38.35,130757
2012-12-17,42.31,43.23,44.3,41.95,128587
2012-12-18,42.8,47.55,47.55,42.5,162311
2012-12-19,47.34,49.22,51.28,47.06,176024
2012-12-20,48.92,54.14,54.14,48.71,156927
2012-12-21,55.71,55.73,57.12,52.95,164654
2012-12-24,55.13,59.39,60.51,54.01,173119
2012-12-25,58.71,58.92,60.17,57.33,149447
2012-12-26,58.05,58.05,61.85,57.3,161168
2012-12-27,58.0,57.89,59.98,56.6,131592
2012-12-28,58.0,58.04,58.55,56.7,100005
2012-12-31,58.4,58.48,60.23,57.4,100499
2013-01-04,59.03,59.68,61.85,57.8,154109
2013-01-07,59.3,60.0,61.17,58.0,112029
2013-01-08,59.55,64.93,65.3,58.82,204837
2013-01-09,63.77,61.35,65.27,61.0,142589
2013-01-10,60.82,59.05,60.97,58.51,130816
2013-01-11,58.77,59.49,61.0,58.1,108240
2013-01-14,58.7,61.7,62.51,58.33,120454
2013-01-15,61.55,61.48,62.97,60.55,99373
2013-01-16,61.19,62.89,63.99,60.81,119367
2013-01-17,62.69,59.89,63.1,59.82,91742
2013-01-18,59.98,60.06,61.25,59.2,63427
2013-01-21,59.09,58.24,59.95,58.1,82738
2013-01-22,58.5,56.21,58.88,56.0,70638
2013-01-23,56.25,57.93,58.69,56.25,72422
2013-01-24,57.7,56.39,58.5,56.03,74226
2013-01-25,56.3,56.6,57.83,55.88,42314
2013-01-28,57.01,58.39,58.5,56.52,67811
2013-01-29,58.9,58.89,59.28,57.9,63581
2013-01-30,58.9,58.46,59.62,58.18,54442
2013-01-31,58.52,58.35,59.5,58.03,51917
2013-02-01,58.3,56.37,58.3,56.1,75683
2013-02-04,56.98,55.71,57.05,52.8,104445
2013-02-05,54.2,55.02,55.91,54.0,44101
2013-02-06,55.16,55.9,57.35,55.16,60958
2013-02-07,55.95,54.85,56.5,54.81,35692
2013-02-08,55.0,55.32,56.3,54.99,27109
2013-02-18,55.4,54.83,55.88,54.8,24375
2013-02-19,54.7,53.33,55.32,52.91,36594
2013-02-20,53.33,53.56,54.26,53.11,24470
2013-02-21,53.01,51.54,53.01,51.05,39270
2013-02-22,51.57,55.98,56.6,51.35,97985
2013-02-25,55.7,55.26,56.26,54.77,46839
2013-02-26,55.26,55.37,56.4,53.8,59250
2013-02-27,55.1,55.38,56.01,54.81,36507
2013-02-28,55.81,58.0,59.56,55.18,98545
2013-03-01,57.2,57.99,58.9,57.08,51274
2013-03-04,57.25,55.02,57.6,54.49,60233
2013-03-05,54.6,55.63,56.3,54.6,34795
2013-03-06,55.99,55.92,56.76,55.26,41061
2013-03-07,55.3,56.36,57.7,54.22,62406
2013-03-08,56.2,57.9,58.85,56.2,82708
2013-03-11,57.8,56.98,57.8,56.55,38462
2013-03-12,57.0,57.68,59.0,56.92,65914
2013-03-13,57.73,60.02,61.7,57.72,133071
2013-03-14,59.0,59.75,59.96,58.32,64293
2013-03-15,59.3,56.89,60.3,56.5,76505
2013-03-18,56.19,51.91,56.21,51.51,101769
2013-03-19,51.43,50.95,52.66,49.5,63387
2013-03-20,50.94,52.51,52.99,50.58,58702
2013-03-21,52.78,52.05,52.97,51.71,40851
2013-03-22,51.75,51.34,52.25,51.05,35654
2013-03-25,51.34,53.72,54.5,51.34,85132
2013-03-26,53.12,52.08,53.38,52.0,41746
2013-03-27,52.08,52.0,52.85,51.54,33727
2013-03-28,51.5,49.77,51.5,49.58,48259
2013-03-29,49.77,49.02,50.76,49.0,26755
2013-04-01,48.85,47.89,48.85,46.5,33871
2013-04-02,48.0,48.48,49.3,47.94,30032
2013-04-03,48.4,47.9,49.0,47.5,23757
2013-04-08,47.7,45.76,47.7,45.04,41599
2013-04-09,46.1,48.23,48.75,45.8,65665
2013-04-10,47.9,48.07,48.58,47.5,30232
2013-04-11,48.25,46.88,48.48,46.79,26793
2013-04-12,47.0,46.16,47.88,46.0,23009
2013-04-15,45.45,44.94,45.45,44.42,32859
2013-04-16,44.0,45.4,45.43,43.5,26585
2013-04-17,44.8,44.92,45.39,44.28,25936
2013-04-18,44.45,45.0,45.68,44.03,25525
2013-04-19,45.0,46.72,47.33,44.66,53174
2013-04-22,46.38,46.11,46.38,45.62,33259
2013-04-23,46.34,45.3,47.6,45.2,43239
2013-04-24,45.3,46.4,46.95,45.21,37778
2013-04-25,46.4,46.2,46.9,46.0,31691
2013-04-26,46.67,46.81,47.68,46.46,47458
2013-05-02,46.05,44.28,46.1,44.0,54780
2013-05-03,44.28,44.54,45.1,44.28,29791
2013-05-06,45.6,46.77,47.09,45.6,57610
2013-05-07,46.8,49.9,51.31,46.36,106807
2013-05-08,49.8,49.38,50.19,48.67,57440
2013-05-09,49.52,49.65,50.6,48.56,60888
2013-05-10,49.7,49.11,50.39,48.41,46291
2013-05-13,49.45,49.31,50.21,48.49,63123
2013-05-14,49.33,48.2,49.54,48.01,40734
2013-05-15,48.2,47.89,48.5,47.4,33444
2013-05-16,47.68,48.49,48.6,46.94,41187
2013-05-17,48.64,49.2,49.4,47.95,62109
2013-05-20,49.58,49.83,50.9,48.72,78682
2013-05-21,49.77,49.26,50.19,48.89,52235
2013-05-22,49.11,50.03,50.52,49.1,62459
2013-05-23,49.8,48.21,49.8,48.05,47851
2013-05-24,48.3,48.64,49.2,47.97,36693
2013-05-27,48.5,47.71,48.8,47.68,38115
2013-05-28,47.65,48.44,48.51,47.02,48016
2013-05-29,48.46,48.23,49.0,48.05,35934
2013-05-30,47.88,47.03,48.17,47.0,37817
2013-05-31,47.21,46.91,47.93,46.8,28926
2013-06-03,46.89,46.34,47.25,46.3,26775
2013-06-04,46.36,45.22,46.7,45.18,28022
2013-06-05,45.15,45.75,46.32,45.15,23335
2013-06-06,45.85,45.08,46.0,45.06,19361
2013-06-07,45.2,44.67,45.87,44.3,26579
2013-06-13,44.46,42.34,44.46,41.2,27428
2013-06-14,42.37,42.56,42.76,41.81,22547
2013-06-17,42.56,41.75,42.8,41.7,24073
2013-06-18,41.77,41.76,42.39,41.51,16865
2013-06-19,41.6,42.45,43.21,41.15,54469
2013-06-20,42.1,39.93,42.1,39.9,40155
2013-06-21,39.05,39.15,39.49,38.03,27461
2013-06-24,39.05,35.61,39.05,35.51,41817
2013-06-25,34.9,36.2,36.2,32.28,59920
2013-06-26,36.44,37.07,37.41,35.56,54126
2013-06-27,37.07,36.18,37.99,35.71,47258
2013-06-28,35.8,36.77,37.81,35.12,43312
2013-07-01,36.28,37.56,38.28,36.28,55035
2013-07-02,38.36,37.44,38.55,36.8,41285
2013-07-03,37.5,36.28,37.5,35.51,34995
2013-07-04,35.6,39.91,39.91,35.5,120884
2013-07-05,40.1,43.9,43.9,39.77,179708
2013-07-08,43.09,42.34,45.27,40.11,145808
2013-07-09,42.0,43.69,45.25,41.14,106449
2013-08-30,48.06,48.06,48.06,48.06,7164
2013-09-02,51.97,48.08,51.97,47.92,169425
2013-09-03,47.2,46.79,47.88,45.46,91774
2013-09-04,47.0,48.7,50.79,45.5,129440
2013-09-05,47.4,46.99,48.28,46.8,73352
2013-09-06,46.73,46.98,48.6,46.61,49896
2013-09-09,47.0,47.51,48.39,46.81,70707
2013-09-10,47.55,47.88,48.25,46.86,71330
2013-09-11,47.99,49.08,51.0,47.88,129338
2013-09-12,48.05,47.23,48.5,46.85,73931
2013-09-13,47.6,47.67,49.95,46.62,69785
2013-09-16,47.3,46.8,47.95,46.76,48544
2013-09-17,46.91,45.59,47.25,45.5,45018
2013-09-18,45.83,45.59,46.0,45.07,27202
2013-09-23,46.08,45.97,46.47,45.51,41115
2013-09-24,46.0,44.0,46.38,43.94,75198
2013-09-25,43.5,42.43,43.5,42.4,56105
2013-09-26,42.44,44.12,46.36,41.81,89629
2013-09-27,43.4,43.52,45.47,43.05,54710
2013-09-30,43.55,44.7,44.93,43.39,45958
2013-10-08,44.12,44.54,45.3,43.7,36496
2013-10-09,44.59,45.22,45.85,44.2,46738
2013-10-10,45.1,44.57,45.6,43.78,57811
2013-10-11,44.23,44.1,44.98,43.8,44614
2013-10-14,44.1,42.83,44.1,42.81,46153
2013-10-15,43.68,43.31,44.6,43.2,42541
2013-10-16,42.82,41.24,42.82,41.05,50285
2013-10-17,41.7,41.8,42.58,41.6,33587
2013-10-18,41.7,42.05,42.6,41.7,22920
2013-10-21,41.9,41.96,42.0,40.03,35966
2013-10-22,42.46,42.09,42.46,41.6,32667
2013-10-23,42.5,43.56,44.69,42.0,77614
2013-10-24,43.85,42.76,44.35,42.61,35830
2013-10-25,42.38,41.23,42.68,41.14,32297
2013-10-28,41.23,41.22,41.95,41.0,15508
2013-10-29,41.12,40.79,42.24,40.1,29537
2013-10-30,40.13,40.9,41.39,40.13,18294
2013-10-31,40.8,40.89,41.38,40.4,19244
2013-11-01,41.28,43.29,43.8,41.28,61788
2013-11-04,44.57,43.3,45.55,43.22,54881
2013-11-05,43.33,44.15,44.5,42.78,42798
2013-11-06,44.06,43.97,44.88,43.6,44468
2013-11-07,44.2,42.27,44.28,42.03,34053
2013-11-08,42.02,40.23,42.02,39.5,46678
2013-11-11,39.95,39.73,40.48,39.16,24004
2013-11-12,39.73,40.08,40.16,39.45,19268
2013-11-13,39.88,39.65,40.56,39.53,23777
2013-11-14,39.55,40.35,40.65,39.55,24361
2013-11-15,40.2,40.82,41.45,39.81,33676
2013-11-18,40.6,41.48,41.49,40.6,36760
2013-11-19,41.65,41.21,41.76,40.75,30554
2013-11-20,41.49,41.28,41.73,40.96,21899
2013-11-21,41.0,40.41,41.01,40.0,30466
2013-11-22,40.41,40.0,40.65,40.0,18577
2013-11-25,40.02,39.61,40.27,39.5,19994
2013-11-26,39.7,39.66,39.99,39.58,15661
2013-11-27,39.74,40.98,41.03,39.5,31178
2013-11-28,40.88,45.08,45.08,40.74,106195
2013-11-29,45.88,44.47,45.88,43.65,102086
2013-12-02,43.3,44.45,46.68,42.8,126133
2013-12-03,43.9,45.03,45.57,43.51,72717
2013-12-04,44.97,44.52,45.45,43.91,67661
2013-12-05,44.9,43.71,45.1,43.31,54053
2013-12-06,43.56,43.58,44.2,43.31,27055
2013-12-09,43.57,43.05,44.0,42.81,32764
2013-12-10,42.88,43.94,43.98,42.62,40991
2013-12-11,43.79,43.51,45.08,43.26,46709
2013-12-12,43.08,42.78,43.77,42.73,29081
2013-12-13,42.33,42.7,43.06,42.24,18180
2013-12-16,42.25,41.01,42.79,40.96,33900
2013-12-17,41.04,40.63,41.45,40.6,21235
2013-12-18,40.65,40.28,40.95,40.12,27200
2013-12-19,40.45,41.04,42.2,40.42,44800
2013-12-20,40.8,40.04,41.45,39.08,39400
2013-12-23,39.5,39.79,40.4,39.5,18481
2013-12-24,40.1,39.77,40.58,39.65,20834
2013-12-25,39.5,39.86,40.1,39.5,22897
2013-12-26,39.86,37.71,39.96,37.66,54264
2013-12-27,37.7,38.08,38.38,37.4,26601
2013-12-30,38.36,38.14,38.78,37.99,23318
2013-12-31,38.0,38.85,39.99,37.45,52863
2014-01-02,38.6,38.21,38.6,37.91,31481
2014-01-03,39.58,38.78,39.95,38.5,43793
2014-01-06,38.6,38.5,39.5,38.4,36960
2014-01-07,38.09,38.19,38.66,37.71,22088
2014-01-08,38.19,37.48,38.5,37.1,26951
2014-01-09,37.69,37.1,37.78,37.08,25890
2014-01-10,37.16,37.19,37.73,37.13,16398
2014-01-13,37.2,37.8,38.48,37.2,28077
2014-01-14,37.8,37.69,37.94,37.03,17263
2014-01-15,37.82,37.53,37.99,37.41,15406
2014-01-16,37.88,39.14,39.8,37.68,62981
2014-01-17,38.43,38.35,38.87,38.18,31342
2014-01-20,38.21,37.22,38.3,37.12,25340
2014-01-21,37.27,37.37,37.97,37.22,19926
2014-01-22,37.22,38.24,38.61,37.22,31796
2014-01-23,37.91,37.47,37.91,37.2,40083
2014-01-24,37.29,37.67,38.3,37.2,33378
2014-01-27,37.58,37.22,37.85,37.1,25836
2014-01-28,37.22,37.32,37.64,37.21,14661
2014-01-29,37.32,37.18,37.65,37.16,16798
2014-01-30,37.18,36.42,37.42,36.3,21615
2014-02-07,36.4,36.64,36.86,36.03,17299
2014-02-10,36.66,38.98,39.5,36.64,69387
2014-02-11,39.0,38.49,39.0,37.9,43927
2014-02-12,38.65,38.39,38.79,38.01,26363
2014-02-13,38.42,38.34,39.38,38.2,38213
2014-02-14,38.65,38.95,39.18,38.5,35872
2014-02-17,39.38,38.98,39.59,38.5,34954
2014-02-18,38.68,38.03,38.7,37.89,36528
2014-02-19,38.06,38.12,38.44,37.72,21953
2014-02-20,38.14,38.71,39.29,37.91,52366
2014-02-21,38.55,38.22,38.95,38.03,26545
2014-02-24,38.1,37.03,38.1,36.89,27340
2014-02-25,37.0,35.97,37.39,35.55,28810
2014-02-26,36.2,36.86,36.9,35.03,30137
2014-02-27,36.78,36.22,37.23,36.0,26863
2014-02-28,36.25,36.52,36.9,36.0,18676
2014-03-03,36.16,36.67,36.88,36.16,20990
2014-03-04,36.49,37.17,38.15,35.8,47055
2014-03-05,37.45,36.73,37.47,36.61,25333
2014-03-06,36.5,36.34,36.86,36.21,16903
2014-03-07,36.34,36.75,37.9,36.34,33000
2014-03-10,36.01,35.09,36.03,35.04,27687
2014-03-11,35.07,34.61,35.3,34.2,19856
2014-03-12,34.61,34.9,34.94,34.25,16195
2014-03-13,34.96,34.94,35.5,34.66,20310
2014-03-14,34.61,34.28,34.79,34.2,20261
2014-03-17,34.26,34.67,34.74,34.25,14974
2014-03-18,34.67,34.74,35.2,34.4,20011
2014-03-19,34.79,34.43,34.79,34.31,15021
2014-03-20,34.39,33.71,34.84,33.69,16706
2014-03-21,33.5,34.71,34.83,33.5,25335
2014-03-24,34.72,35.08,35.32,34.5,26396
2014-03-25,34.9,35.0,35.35,34.69,20987
2014-03-26,35.03,36.08,36.81,34.36,43287
2014-03-27,35.8,34.96,36.0,34.9,27356
2014-03-28,34.87,34.75,35.47,34.4,21254
2014-03-31,34.01,33.76,34.8,33.61,20602
2014-04-01,33.79,34.4,34.5,33.79,13939
2014-04-02,34.33,34.38,34.7,34.12,14246
2014-04-03,34.69,34.28,34.77,34.0,14131
2014-04-04,34.01,35.6,36.31,34.01,53888
2014-04-08,35.5,35.91,36.49,35.21,46250
2014-04-09,36.33,36.22,36.67,35.7,40902
2014-04-10,36.22,36.21,36.5,35.68,32537
2014-04-11,36.2,35.71,36.2,35.63,18279
2014-04-14,35.25,36.29,36.67,35.25,34671
2014-04-15,36.1,35.95,36.53,35.58,21595
2014-04-16,35.75,35.05,36.02,35.04,24125
2014-04-17,35.2,35.13,35.5,35.0,11992
2014-04-18,34.98,35.17,35.37,34.73,12216
2014-04-21,34.93,35.07,35.96,34.88,20550
2014-04-22,34.9,34.63,35.09,34.17,19852
2014-04-23,34.22,34.05,34.48,33.8,19171
2014-04-24,34.07,33.83,34.45,33.81,13708
2014-04-25,34.06,33.9,34.23,33.66,16285
2014-04-28,34.5,33.4,34.59,33.35,17987
2014-04-29,33.02,33.77,33.95,33.0,12963
2014-04-30,33.56,33.68,33.96,33.56,10287
2014-05-05,33.51,33.68,33.95,33.2,12632
2014-05-06,33.8,34.01,34.43,33.2,18319
2014-05-07,33.71,33.45,33.93,33.33,12124
2014-05-08,33.5,33.51,34.11,33.25,13948
2014-05-09,33.5,34.2,34.68,33.5,30303
2014-05-12,34.59,36.46,37.45,34.12,83419
2014-05-13,36.2,35.71,36.27,35.42,45544
2014-05-14,35.65,35.23,35.71,35.18,23503
2014-05-15,35.23,34.42,35.5,34.35,20466
2014-05-16,34.45,34.38,34.68,33.88,16329
2014-05-19,34.4,34.38,34.48,33.86,13838
2014-05-20,34.56,33.98,34.78,33.9,14623
2014-05-21,33.8,34.33,34.51,33.8,13577
2014-05-22,34.47,33.87,34.55,33.82,19076
2014-05-23,33.9,33.97,34.06,33.71,12232
2014-05-26,33.93,34.12,34.46,33.93,14366
2014-05-27,34.3,34.08,34.36,34.01,14287
2014-05-28,34.09,34.25,34.29,33.7,20112
2014-05-29,34.3,33.83,34.38,33.8,15627
2014-05-30,33.92,34.15,34.6,33.78,24587
2014-06-03,34.1,34.23,34.5,34.0,18844
2014-06-04,34.2,33.62,34.2,33.45,18271
2014-06-05,33.65,34.28,34.8,33.65,28241
2014-06-06,34.34,33.92,34.34,33.78,19001
2014-06-09,34.2,34.83,35.98,34.08,57162
2014-06-10,34.56,34.69,34.78,34.15,29583
2014-06-11,34.68,34.77,35.18,34.5,23879
2014-06-12,34.5,34.3,34.83,34.21,24830
2014-06-13,34.18,34.72,34.98,34.18,29552
2014-06-16,34.9,34.72,34.9,34.52,19557
2014-06-17,34.72,34.51,34.89,34.47,19471
2014-06-18,34.75,34.92,35.29,34.31,36165
2014-06-19,34.85,35.09,35.81,34.51,58381
2014-06-20,34.8,35.7,36.05,34.72,65700
2014-06-23,35.6,36.44,36.81,35.2,78035
2014-06-24,36.36,39.25,40.08,35.98,181122
2014-06-25,38.5,37.82,39.26,37.76,104370
2014-06-26,37.64,37.77,38.39,37.37,69613
2014-06-27,37.78,37.56,38.5,37.19,61217
2014-06-30,37.58,38.23,38.58,37.18,65755
2014-07-01,38.2,37.88,39.18,37.53,69300
2014-07-02,37.91,37.68,38.12,37.38,34945
2014-07-03,38.0,37.91,38.62,37.71,42208
2014-07-04,38.29,37.57,38.29,37.48,28470
2014-07-07,37.51,36.78,37.58,36.6,39498
2014-07-08,36.84,37.05,37.37,36.37,32854
2014-07-09,37.05,37.62,38.88,36.96,68265
2014-07-10,37.47,38.48,39.15,37.27,84058
2014-07-11,38.25,38.43,39.0,38.1,51788
2014-07-14,38.9,38.67,39.19,38.3,57061
2014-07-15,38.51,38.51,39.18,38.1,43994
2014-07-16,38.48,37.74,38.7,37.53,28695
2014-07-17,38.4,38.23,39.0,38.02,45570
2014-07-18,38.1,37.69,38.29,37.53,26523
2014-07-21,37.53,37.18,37.74,36.92,23885
2014-07-22,37.24,38.62,38.89,37.19,66169
2014-07-23,38.58,38.75,39.25,38.2,49107
2014-07-24,38.87,40.88,41.99,38.83,140828
2014-07-25,41.4,44.97,44.97,40.9,153980
2014-07-28,46.51,46.84,49.2,45.01,241886
2014-07-29,46.53,47.25,48.25,45.9,165093
2014-07-30,46.05,46.35,47.3,45.69,139382
2014-07-31,46.55,47.7,49.18,46.55,156625
2014-08-01,47.4,46.49,47.85,46.4,102567
2014-08-04,46.62,48.91,49.54,46.12,153119
2014-08-05,49.25,48.03,50.91,47.7,125808
2014-08-06,47.8,48.94,49.68,46.8,99213
2014-08-07,49.65,49.06,50.0,48.28,88477
2014-08-08,48.88,48.38,49.31,48.2,66385
2014-08-11,48.4,48.76,49.4,48.05,59308
2014-08-12,48.8,47.7,49.21,47.45,67514
2014-08-13,47.72,47.07,48.13,46.3,71883
2014-08-14,46.77,46.74,47.47,46.59,51697
2014-08-15,46.62,47.03,47.15,46.24,53594
2014-08-18,47.1,47.19,47.47,46.68,46098
2014-08-19,47.19,46.47,47.39,45.82,60469
2014-08-20,46.1,46.51,47.02,46.03,36016
2014-08-21,46.46,46.75,47.3,46.21,49369
2014-08-22,46.6,45.84,46.82,45.76,51736
2014-08-25,45.8,46.31,46.97,44.98,61524
2014-08-26,45.98,44.81,46.35,44.62,44529
2014-08-27,44.81,44.28,45.25,43.88,45484
2014-08-28,44.13,42.84,45.13,42.77,62390
2014-08-29,43.0,43.45,43.46,42.68,39552
2014-09-01,43.35,44.15,44.16,42.61,55125
2014-09-02,44.21,44.67,44.87,43.73,50762
2014-09-03,44.65,45.81,47.0,44.55,84032
2014-09-04,45.81,45.35,45.81,45.05,47750
2014-09-05,45.66,45.86,46.5,45.06,52630
2014-09-09,45.79,45.1,46.03,44.88,40073
2014-09-10,44.96,45.19,45.67,44.71,33583
2014-09-11,45.02,44.37,45.48,44.3,43168
2014-09-12,44.37,44.73,44.78,43.68,44703
2014-09-15,44.6,44.39,44.8,43.92,47593
2014-09-16,44.37,42.84,44.49,42.48,52497
2014-09-17,42.4,42.99,43.3,42.4,28723
2014-09-18,42.91,42.98,43.48,42.54,28890
2014-09-19,42.8,43.11,43.2,42.8,22846
2014-09-22,43.13,42.19,43.14,42.1,36348
2014-09-23,42.28,42.27,42.52,41.7,35244
2014-09-24,42.05,44.29,44.86,41.88,90370
2014-09-25,44.5,45.83,45.88,44.06,98783
2014-09-26,45.5,45.42,45.53,44.84,38740
2014-09-29,45.8,45.17,46.0,45.01,38549
2014-09-30,44.8,44.07,45.1,44.0,57500
2014-10-08,44.32,44.33,44.49,43.7,29998
2014-10-09,44.0,44.82,44.93,43.73,54317
2014-10-10,44.45,43.74,44.49,43.7,42380
2014-10-13,44.21,45.47,45.88,44.21,103567
2014-10-14,45.2,44.81,45.92,44.63,48231
2014-10-15,44.61,44.27,44.92,43.8,31477
2014-10-16,44.0,43.28,44.44,43.13,28819
2014-10-17,43.35,44.18,44.88,43.3,40010
2014-10-20,44.01,44.24,44.72,44.0,22839
2014-10-21,43.8,44.44,44.75,43.71,43101
2014-10-22,44.44,43.8,44.9,43.78,36094
2014-10-23,43.74,43.24,43.74,42.5,37819
2014-10-24,43.36,43.34,43.61,43.09,22572
2014-10-27,43.2,42.7,43.39,42.62,21940
2014-10-28,42.79,43.61,43.65,42.79,23944
2014-10-29,43.68,44.45,44.76,43.61,46769
2014-10-30,44.39,44.23,45.0,43.89,40854
2014-10-31,44.15,47.38,48.5,43.7,108873
2014-11-03,47.33,47.39,48.5,46.43,90659
2014-11-04,46.99,47.05,48.09,46.28,67145
2014-11-05,46.9,45.63,47.49,45.57,53901
2014-11-06,45.88,46.07,46.55,45.36,42416
2014-11-07,46.09,45.93,46.82,45.5,53811
2014-11-10,45.78,46.47,47.1,45.23,50724
2014-11-11,46.4,46.99,48.01,45.93,104630
2014-11-12,46.88,48.15,48.2,46.51,102256
2014-11-13,48.11,49.15,49.97,47.2,123829
2014-11-14,48.45,46.96,48.9,46.8,68309
2014-11-17,47.26,46.26,47.48,46.0,38058
2014-11-18,46.11,46.45,47.3,46.02,35456
2014-11-19,46.3,45.93,46.66,45.69,36463
2014-11-20,45.51,45.78,46.0,45.45,28337
2014-11-21,45.77,46.25,46.31,45.75,32705
2014-11-24,46.93,47.27,48.2,46.2,71960
2014-11-25,47.27,48.99,49.8,47.1,104651
2014-11-26,48.75,48.63,49.3,48.0,74189
2014-11-27,48.78,48.67,49.5,47.86,80182
2014-11-28,48.5,47.12,48.5,46.5,77688
2014-12-01,46.73,47.5,49.49,46.4,92089
2014-12-02,47.9,48.27,48.9,47.28,83932
2014-12-03,48.28,53.1,53.1,47.8,256297
2014-12-04,53.56,55.11,55.97,53.22,232333
2014-12-05,55.1,53.14,55.17,51.3,155221
2014-12-08,52.51,53.38,55.17,52.1,123496
2014-12-09,53.28,50.82,56.3,50.71,169734
2014-12-10,50.82,51.77,52.53,49.45,78475
2014-12-11,51.77,51.3,53.37,50.88,75394
2014-12-12,52.66,51.86,54.66,51.75,94653
2014-12-15,51.9,50.68,51.9,49.98,62721
2014-12-16,50.71,50.58,50.8,49.58,87193
2014-12-17,50.58,49.02,50.58,48.0,84690
2014-12-18,48.96,52.59,53.92,48.48,202915
2014-12-19,52.24,52.68,54.05,51.05,148548
2014-12-22,53.1,53.15,56.65,52.5,143228
2014-12-23,53.16,55.05,57.2,51.88,130814
2014-12-24,55.5,55.16,57.28,53.65,68991
2014-12-25,55.61,55.3,55.83,53.13,64423
2014-12-26,55.25,58.2,59.5,55.03,102254
2014-12-29,58.07,59.91,61.38,56.8,103403
2014-12-30,59.61,56.61,61.36,56.47,108650
2014-12-31,56.25,55.58,57.45,53.91,66984
2015-01-05,56.0,61.14,61.14,55.05,142544
2015-01-06,61.2,59.83,61.3,58.8,100468
2015-01-07,59.65,60.35,63.26,58.8,88857
2015-01-08,60.36,58.24,60.6,58.14,59452
2015-01-09,58.0,56.63,59.15,56.6,46121
2015-01-12,56.65,55.48,57.46,54.95,46932
2015-01-13,55.7,55.31,56.81,54.0,50026
2015-01-14,55.4,53.18,55.76,52.52,58744
2015-01-15,53.28,54.39,54.45,52.65,44698
2015-01-16,56.0,55.05,56.6,54.52,48431
2015-01-19,52.55,50.83,53.74,49.67,77385
2015-01-20,51.1,52.61,52.88,51.1,46946
2015-01-21,52.99,56.45,57.36,52.87,83660
2015-01-22,56.5,57.91,59.65,56.43,95581
2015-01-30,57.91,59.4,63.66,57.91,96838
2015-02-02,58.85,57.21,61.2,56.45,69101
2015-02-03,57.35,57.24,58.45,55.0,69910
2015-02-04,58.28,55.73,58.29,55.55,58073
2015-02-05,56.5,54.36,56.86,54.01,56464
2015-02-06,54.1,52.91,54.7,52.0,60861
2015-02-09,52.5,54.99,55.2,52.4,51088
2015-02-10,55.35,55.14,55.38,54.11,24929
2015-02-11,55.22,55.06,56.88,54.8,44011
2015-02-12,54.8,55.91,56.84,54.1,51746
2015-02-13,55.97,56.51,57.35,55.97,41489
2015-02-16,56.6,56.61,57.09,56.0,34337
2015-02-17,56.52,54.46,56.9,54.35,70742
2015-02-25,54.55,53.33,54.63,52.9,47994
2015-02-26,53.33,55.0,55.05,52.8,68536
2015-02-27,54.98,55.28,56.0,54.15,61747
2015-03-02,55.81,55.51,56.1,54.87,62224
2015-03-03,55.44,54.01,55.44,53.0,71129
2015-03-04,54.18,53.64,54.61,53.3,62129
2015-03-05,53.66,53.09,53.82,52.68,50558
2015-03-06,53.09,54.06,54.65,52.9,71572
2015-03-09,53.77,54.16,54.3,52.5,50254
2015-03-10,54.13,53.62,54.77,53.6,48561
2015-03-11,53.5,52.98,53.79,52.72,46539
2015-03-12,53.51,53.29,53.6,52.7,46207
2015-03-13,53.29,53.43,54.41,52.9,63990
2015-03-16,53.45,54.39,54.5,53.02,74758
2015-03-17,54.42,57.38,59.5,54.42,168659
2015-03-18,57.6,57.4,57.78,56.57,92962
2015-03-19,57.25,57.99,58.9,56.5,105053
2015-03-20,57.8,57.38,58.5,57.2,91172
2015-03-23,57.38,57.98,59.3,57.38,97618
2015-03-24,58.0,57.02,58.13,56.0,108016
2015-03-25,56.81,56.09,56.85,55.87,66897
2015-03-26,55.9,56.7,57.0,55.5,67230
2015-03-27,57.05,56.95,57.98,56.91,72078
2015-03-30,56.74,57.5,57.75,55.93,84177
2015-03-31,57.61,57.72,58.49,57.03,109237
2015-04-01,57.5,59.06,60.0,57.4,133223
2015-04-02,59.5,58.97,59.69,58.2,97957
2015-04-03,58.81,58.39,59.6,57.8,97608
2015-04-07,58.51,59.65,59.69,58.39,123291
2015-04-08,59.62,58.14,59.9,57.5,106871
2015-04-09,58.13,56.81,59.35,56.12,81489
2015-04-10,56.89,58.81,58.99,56.74,100938
2015-04-13,59.25,58.51,59.69,58.46,182286
2015-04-14,58.85,57.2,59.37,56.81,142328
2015-04-15,57.22,54.81,57.69,54.76,98191
2015-04-16,54.4,55.4,55.88,53.31,80826
2015-04-17,55.72,56.78,57.83,55.72,105726
2015-04-20,56.78,58.54,60.16,55.89,221101
2015-04-21,58.06,59.33,59.59,57.5,125862
2015-04-22,59.35,60.19,61.0,59.25,149544
2015-04-23,60.48,64.88,66.21,59.48,276120
2015-04-24,63.5,62.61,64.81,61.74,188097
2015-04-27,62.99,62.61,63.5,61.32,120218
2015-04-28,62.5,61.79,64.5,60.87,112705
2015-04-29,63.36,66.98,67.97,62.52,213125
2015-04-30,66.99,66.19,67.69,64.83,152387
2015-06-01,72.81,70.67,72.81,67.82,258493
2015-06-02,69.0,70.03,71.5,68.2,152760
2015-06-03,69.7,68.17,69.7,65.75,134436
2015-06-04,67.7,66.44,67.7,62.35,91959
2015-06-05,68.0,73.08,73.08,67.57,260023
2015-06-08,72.39,70.46,72.5,68.5,147468
2015-06-09,68.98,69.79,71.79,68.82,90107
2015-06-10,68.86,68.22,69.5,67.02,84207
2015-06-11,68.1,68.31,70.5,67.3,74267
2015-06-12,68.32,67.91,69.2,67.58,73711
2015-06-15,68.48,67.3,69.8,66.68,82947
2015-06-16,66.41,69.14,69.89,66.05,120666
2015-06-17,69.84,68.42,69.97,65.33,79838
2015-06-18,68.0,64.51,68.3,64.5,59665
2015-06-19,63.0,60.02,64.28,60.0,47798
2015-06-23,60.3,63.75,64.2,57.35,67833
2015-06-24,64.6,65.99,66.58,63.5,75674
2015-06-25,64.85,62.27,66.0,61.51,52534
2015-06-26,60.13,56.04,61.8,56.04,72496
2015-06-29,58.8,54.45,59.0,50.6,109893
2015-06-30,53.98,58.66,59.37,50.01,99656
2015-07-01,57.8,54.57,59.58,54.44,64846
2015-07-02,55.12,49.11,55.95,49.11,100047
2015-07-03,48.51,44.2,49.0,44.2,102481
2015-07-06,48.59,40.66,48.59,39.78,128191
2015-07-07,39.0,36.59,39.37,36.59,54508
2015-07-08,32.93,32.93,34.9,32.93,248866
2015-07-09,31.99,36.22,36.22,29.89,94841
2015-07-10,38.05,39.84,39.84,38.05,82402
2015-07-13,41.6,43.82,43.82,40.9,131150
2015-07-14,42.23,42.26,46.28,41.5,120524
2015-07-15,40.99,38.03,42.0,38.03,83663
2015-07-16,38.03,38.93,40.5,35.03,68834
2015-07-17,39.58,41.27,41.99,39.0,54998
2015-07-20,41.27,40.93,42.39,40.15,58235
2015-07-21,40.5,42.12,42.66,39.6,59998
2015-07-22,42.22,42.8,43.49,41.51,62110
2015-07-23,42.8,44.39,44.88,42.31,75354
2015-07-24,43.6,44.3,48.07,42.65,120078
2015-07-27,42.6,39.87,43.55,39.87,76451
2015-07-28,38.78,38.36,39.55,35.88,78922
2015-07-29,39.0,40.19,40.29,37.01,42357
2015-07-30,39.74,38.23,40.5,37.65,42460
2015-07-31,37.95,38.07,38.77,37.46,36046
2015-08-03,37.17,38.05,38.06,37.01,36977
2015-08-04,38.08,40.16,40.18,38.08,32807
2015-08-05,40.2,38.8,40.46,38.77,31368
2015-08-06,38.0,39.77,40.28,37.5,42578
2015-08-07,39.98,41.52,42.8,39.5,58338
2015-08-10,42.8,44.62,45.02,42.0,77072
2015-08-11,45.05,44.05,45.98,43.75,67305
2015-08-12,43.99,44.62,45.97,43.0,61740
2015-08-13,44.99,48.18,48.49,43.55,77971
2015-08-14,48.25,48.45,50.98,48.0,90851
2015-12-25,43.61,44.56,48.6,43.61,236927
2015-12-28,43.0,41.44,43.4,41.3,145593
2015-12-29,40.6,41.05,42.12,40.56,68042
2015-12-30,41.1,40.21,41.26,39.84,80053
2015-12-31,40.3,39.6,40.94,39.53,60943
2016-01-04,39.61,35.66,39.93,35.64,48620
2016-01-05,33.51,34.57,35.45,32.5,65250
2016-01-06,34.63,36.44,36.88,34.63,82452
2016-01-07,35.52,32.82,35.68,32.8,17078
2016-01-08,33.85,34.09,34.68,30.7,66946
2016-01-11,34.0,35.4,36.61,33.06,103754
2016-01-12,34.9,35.86,36.88,34.0,95188
2016-01-13,34.89,34.01,34.89,32.8,79164
2016-01-14,32.92,35.1,35.21,32.72,66118
2016-01-15,34.82,32.56,35.21,32.2,57823
2016-01-18,30.54,31.82,32.53,30.54,50687
2016-01-19,31.98,32.97,33.2,31.58,52987
2016-01-20,32.58,33.52,35.16,32.2,77968
2016-01-21,32.26,31.86,33.36,31.0,53989
2016-01-22,32.3,32.24,32.49,31.6,35654
2016-01-25,32.8,33.04,33.38,32.27,37530
2016-01-26,32.85,30.72,33.94,30.03,63383
2016-01-27,31.08,31.29,31.86,29.03,53488
2016-01-28,30.96,28.16,30.96,28.16,45058
2016-01-29,28.17,28.98,29.18,27.4,44072
2016-02-01,28.99,27.63,29.55,26.51,34230
2016-02-02,27.38,28.31,28.51,27.32,37842
2016-02-03,27.8,28.11,28.26,27.39,31948
2016-02-04,28.58,30.92,30.92,28.58,72469
2016-02-05,31.7,30.23,32.1,29.9,64904
2016-02-15,28.58,31.55,32.3,28.58,57538
2016-02-16,31.35,32.24,32.4,31.18,81151
2016-02-17,31.89,32.27,32.45,31.5,60366
2016-02-18,32.36,32.0,33.33,31.92,76264
2016-02-19,31.83,31.61,31.9,31.21,36931
2016-02-22,33.97,34.77,34.77,33.66,68561
2016-02-23,38.0,38.25,38.25,36.4,283011
2016-02-24,37.99,39.11,40.28,37.89,220833
2016-02-25,38.4,36.75,38.96,35.2,164630
2016-02-26,37.0,39.01,40.06,36.1,181520
2016-02-29,37.59,35.61,37.62,35.11,148244
2016-03-01,36.0,36.45,38.3,34.82,91381
2016-03-02,36.0,40.1,40.1,35.42,139487
2016-03-03,41.2,40.47,43.88,40.0,157306
2016-03-04,41.12,39.36,42.0,38.5,137925
2016-03-07,41.39,40.85,42.28,39.51,135315
2016-03-08,41.3,40.54,42.5,38.8,168147
2016-03-09,37.86,36.53,38.5,36.49,131817
2016-03-10,36.98,35.17,36.98,35.0,92756
2016-03-11,34.38,35.58,35.81,34.38,57534
2016-03-14,36.4,36.21,37.21,35.72,79097
2016-03-15,36.06,34.99,36.12,34.51,84754
2016-03-16,35.02,34.01,35.5,33.7,54844
2016-03-17,35.0,35.16,35.37,34.12,88778
2016-03-18,35.69,38.22,38.68,35.56,145989
2016-03-21,37.94,38.71,38.91,37.34,168717
2016-03-22,38.0,38.03,38.88,37.52,119016
2016-03-23,37.78,41.83,41.83,37.78,193737
2016-03-24,40.6,40.73,42.0,40.15,187084
2016-03-25,40.74,39.99,41.28,39.26,76996
2016-03-28,40.0,41.49,42.12,39.4,161153
2016-03-29,41.23,41.55,45.5,40.45,188087
2016-03-30,42.4,42.93,44.69,40.5,154691
2016-03-31,42.6,42.32,43.15,41.27,94113
2016-04-01,42.8,45.58,45.6,42.8,145123
2016-04-05,45.58,46.35,47.85,44.18,134023
2016-04-06,45.43,45.41,46.35,44.28,84668
2016-04-07,45.6,42.91,45.73,42.75,103240
2016-04-08,42.0,40.48,42.01,40.0,112472
2016-04-11,44.02,44.53,44.53,43.78,123305
2016-04-12,45.87,45.15,47.63,44.5,224194
2016-04-13,46.4,49.11,49.67,46.02,148024
2016-04-14,49.0,50.44,51.5,48.35,149870
2016-04-15,49.0,51.33,53.46,48.52,141774
2016-04-18,50.27,52.23,53.3,48.88,134446
2016-04-19,53.57,55.44,56.16,52.26,145544
2016-04-20,55.54,54.61,56.5,51.11,163528
2016-04-21,54.6,54.46,58.87,53.68,169576
2016-04-22,52.36,53.07,53.66,50.22,132410
2016-04-25,53.16,52.04,54.69,51.6,77916
2016-04-26,51.02,52.31,52.98,50.3,84498
2016-04-27,52.8,51.17,52.8,50.8,62250
2016-04-28,51.1,51.73,53.0,50.8,70010
2016-04-29,51.91,56.59,56.9,51.91,124329
2016-05-03,56.02,58.18,59.1,55.15,123123
2016-05-04,57.4,57.05,58.73,56.55,70509
2016-05-05,56.57,57.66,58.0,56.0,49938
2016-05-06,57.8,57.67,60.99,56.8,112619
2016-05-09,56.0,51.9,57.04,51.9,116830
2016-05-10,50.0,50.33,52.15,47.12,119165
2016-05-11,51.3,52.1,53.38,51.04,96027
2016-05-12,51.5,57.31,57.31,50.4,119060
2016-05-13,56.87,56.52,59.66,55.0,141578
2016-05-16,56.6,60.37,62.0,56.36,136966
2016-05-17,60.0,58.7,63.97,58.6,151129
2016-05-18,56.9,59.55,60.5,55.9,96689
2016-05-19,58.5,61.91,62.68,58.2,135248
2016-05-20,60.8,59.39,62.97,58.87,124567
2016-05-23,58.03,59.28,59.99,58.0,70473
2016-05-24,59.3,59.9,60.0,58.61,73551
2016-05-25,60.9,58.01,61.92,57.8,81377
2016-05-26,58.01,61.05,61.6,54.51,119812
2016-05-27,60.1,60.73,63.9,60.1,93816
2016-05-30,59.91,61.0,62.05,59.3,62459
2016-05-31,62.79,67.1,67.1,62.79,140143
2016-06-01,68.0,67.86,71.57,67.1,135679
2016-06-02,65.9,67.12,67.66,64.37,155980
2016-06-03,67.01,67.0,68.99,66.0,116611
2016-06-06,66.51,67.03,67.79,66.3,75852
2016-06-07,66.61,67.61,69.56,66.15,94785
2016-06-08,66.19,64.0,66.19,63.08,117681
2016-06-13,63.0,61.5,64.9,61.31,83478
2016-06-14,61.0,60.55,62.78,58.71,81347
2016-06-15,59.56,63.31,64.15,59.5,94339
2016-06-16,62.98,63.56,66.03,62.98,96482
2016-06-17,63.18,62.34,64.1,61.92,87611
2016-06-20,62.84,61.51,62.84,60.13,68018
2016-06-21,62.3,61.7,64.3,60.26,114200
2016-06-22,62.0,62.99,64.0,61.58,115348
2016-06-23,61.87,57.09,62.34,56.9,176411
2016-06-24,56.28,55.4,56.29,52.0,120426
2016-06-27,54.35,55.95,56.0,54.35,71610
2016-06-28,55.6,55.98,57.38,55.26,79140
2016-06-29,55.9,59.17,60.38,55.3,174983
2016-06-30,59.0,57.26,59.05,56.64,99225
2016-07-01,57.55,59.13,59.76,57.0,111734
2016-07-04,58.3,63.98,64.2,58.3,166664
2016-07-05,63.01,63.33,63.98,61.71,121034
2016-07-06,62.44,62.95,63.58,61.8,98873
2016-07-07,62.95,63.75,67.98,62.5,181764
2016-07-08,62.95,61.92,62.95,60.79,70970
2016-07-11,61.88,62.31,65.99,61.83,107200
2016-07-12,61.5,63.13,63.59,60.86,82664
2016-07-13,63.2,63.01,63.81,61.51,67496
2016-07-14,62.5,61.48,62.82,61.01,58887
2016-07-15,61.6,61.14,61.95,60.39,42654
2016-07-18,61.8,63.66,64.3,61.8,111959
2016-07-19,63.66,63.28,63.9,62.05,47688
2016-07-20,63.4,63.29,64.5,62.97,56399
2016-07-21,62.85,62.05,63.29,61.44,66126
2016-07-22,62.0,60.4,62.2,60.01,58237
2016-07-25,59.66,59.29,60.75,59.01,41316
2016-07-26,59.18,59.97,60.41,58.81,34887
2016-07-27,59.99,53.97,60.33,53.97,141956
2016-07-28,53.72,53.94,54.59,51.5,92542
2016-07-29,53.5,51.94,53.9,51.6,52086
2016-08-01,50.52,50.37,51.5,48.48,63728
2016-08-02,50.05,50.55,51.2,50.0,34491
2016-08-03,50.59,50.54,51.28,50.3,43164
2016-08-04,50.66,52.08,52.53,50.0,70805
2016-08-05,51.6,52.25,53.5,51.38,54775
2016-08-08,51.88,51.92,51.95,49.7,40457
2016-08-09,52.5,52.83,54.57,52.5,62514
2016-08-10,52.5,52.82,54.37,52.0,52934
2016-08-11,53.16,51.03,53.16,50.8,51727
2016-08-12,51.0,51.12,51.35,50.56,26027
2016-08-15,51.12,52.21,52.45,49.88,58595
2016-08-16,52.01,53.05,53.53,52.0,56759
2016-08-17,53.01,52.37,53.01,52.2,43137
2016-08-18,52.2,51.84,52.78,51.6,38128
2016-08-19,51.71,55.07,56.19,51.71,150092
2016-08-22,54.08,53.75,54.96,53.68,57105
2016-08-23,53.75,53.84,55.51,53.21,50791
2016-08-24,53.82,52.86,54.3,52.49,43770
2016-08-25,52.33,51.45,52.33,50.37,54048
2016-08-26,51.22,51.69,52.38,51.01,46203
2016-08-29,51.1,51.73,51.79,51.0,25788
2016-08-30,51.7,51.49,52.58,51.1,33582
2016-08-31,51.18,52.65,53.9,51.0,84485
2016-09-01,52.5,52.23,53.4,52.2,38156
2016-09-02,52.3,52.24,53.5,51.95,45658
2016-09-05,51.8,52.4,53.28,51.8,40662
2016-09-06,52.84,52.99,53.28,52.0,44083
2016-09-07,53.26,52.76,53.57,52.59,38680
2016-09-08,52.8,52.18,52.93,51.98,27278
2016-09-09,52.25,51.06,52.3,51.0,40891
2016-09-12,49.7,46.17,49.79,45.95,100710
2016-09-13,46.3,46.29,46.9,45.48,39067
2016-09-14,45.78,47.21,48.18,45.52,59193
2016-09-19,48.02,49.58,50.2,48.01,77265
2016-09-20,50.5,49.44,50.55,48.55,36711
2016-09-21,49.35,49.4,50.15,48.81,36683
2016-09-22,49.85,49.37,50.17,49.0,27077
2016-09-23,48.9,47.68,48.9,47.33,40444
2016-09-26,47.5,45.96,47.5,45.88,37985
2016-09-27,45.74,47.0,47.19,45.55,31772
2016-09-28,47.33,46.89,47.33,46.43,17959
2016-09-29,47.12,46.93,47.53,46.84,24612
2016-09-30,46.95,48.64,48.9,46.95,47409
2016-10-10,48.89,49.24,49.51,48.0,36952
2016-10-11,49.25,49.32,50.7,49.03,45431
2016-10-12,48.87,48.8,49.4,48.57,30507
2016-10-13,48.92,49.1,49.37,48.1,37434
2016-10-14,49.1,48.2,49.1,47.6,38582
2016-10-17,48.4,48.93,49.78,48.1,64827
2016-10-18,48.45,49.73,50.0,48.35,55027
2016-10-19,50.65,50.9,52.5,50.35,120075
2016-10-20,50.92,50.76,50.98,50.05,37033
2016-10-21,50.8,51.25,51.95,50.26,64336
2016-10-24,50.78,52.22,53.0,50.78,68005
2016-10-25,52.1,52.58,53.25,51.38,57511
2016-10-26,52.98,51.69,53.25,51.54,43833
2016-10-27,51.73,51.47,51.78,51.11,24126
2016-10-28,51.6,50.7,51.69,50.18,29321
2016-10-31,50.3,51.46,51.99,50.25,25550
2016-11-01,51.55,52.6,53.49,51.55,82896
2016-11-02,52.8,53.52,54.43,52.65,114777
2016-11-03,53.06,53.32,53.52,52.2,53073
2016-11-04,53.47,57.72,58.65,53.47,214890
2016-11-07,56.87,57.99,58.77,55.68,107849
2016-11-08,57.38,58.44,58.68,57.02,68908
2016-11-09,58.7,59.48,61.3,57.55,137311
2016-11-10,61.02,59.47,61.89,58.88,105895
2016-11-11,59.43,59.87,60.91,57.36,135365
2016-11-14,58.0,58.45,59.48,58.0,83463
2016-11-15,58.7,59.43,61.58,58.7,100802
2016-11-16,58.61,59.68,60.0,57.49,65840
2016-11-17,59.46,61.94,62.88,58.83,128998
2016-11-18,60.07,60.77,61.68,59.88,68561
2016-11-21,60.11,58.27,60.9,57.0,80254
2016-11-22,58.06,59.34,59.74,58.04,45084
2016-11-23,59.35,59.17,60.69,58.53,54269
2016-11-24,58.58,60.45,61.95,58.58,96867
2016-11-25,60.99,59.97,61.61,58.62,46241
2016-11-28,60.2,61.66,61.8,59.4,78866
2016-11-29,61.0,59.35,61.52,58.66,82051
2016-11-30,59.4,57.29,59.4,55.5,90760
2016-12-01,56.98,57.55,57.85,56.98,30357
2016-12-02,57.55,55.16,57.79,53.88,75042
2016-12-05,53.5,55.17,55.85,53.05,30661
2016-12-06,55.15,55.5,55.61,53.75,48833
2016-12-07,55.64,54.8,56.63,54.28,54711
2016-12-08,54.85,56.02,56.14,54.28,64796
2016-12-09,55.96,55.78,57.22,55.6,55694
2016-12-12,55.5,51.09,56.5,50.88,51392
2016-12-13,51.17,49.21,51.5,48.0,90532
2016-12-14,48.6,46.19,49.2,44.85,111476
2016-12-15,46.1,46.74,47.1,45.2,55367
2016-12-16,46.98,45.81,46.98,45.28,66248
2016-12-19,45.8,45.55,46.18,45.03,39377
2016-12-20,45.24,45.93,46.66,44.91,52089
2016-12-21,46.0,46.19,46.67,45.61,44394
2016-12-22,46.14,45.5,46.14,45.22,40008
2016-12-23,45.45,42.66,45.74,42.56,87369
2016-12-26,42.0,43.34,43.68,41.26,55138
2016-12-27,43.0,43.34,43.8,42.93,25180
2016-12-28,43.35,42.42,43.76,41.98,37526
2016-12-29,42.25,42.02,42.79,42.0,28187
2016-12-30,42.21,42.49,42.67,42.0,26054
2017-01-03,42.49,42.48,43.18,42.16,33799
2017-01-04,42.5,44.61,44.68,42.28,77810
2017-01-05,44.38,44.37,44.68,43.68,50731
2017-01-06,44.15,43.97,44.49,43.76,30916
2017-01-09,43.98,44.35,44.5,43.76,25505
2017-01-10,44.11,43.86,44.47,42.88,41770
2017-01-11,43.99,43.68,44.18,43.22,28255
2017-01-12,43.26,42.97,43.99,42.92,28694
2017-01-13,42.96,40.89,42.96,40.86,59525
2017-01-16,40.8,38.01,40.8,36.8,71575
2017-01-17,37.65,38.49,38.68,37.02,34643
2017-01-18,38.99,38.28,38.99,38.22,20462
2017-01-19,38.3,38.59,38.86,38.12,38648
2017-01-20,38.19,39.21,39.31,38.19,25100
2017-01-23,39.59,39.9,40.35,39.59,39741
2017-01-24,39.76,39.35,40.24,39.3,23962
2017-01-25,39.5,40.09,40.32,39.5,23996
2017-01-26,40.66,44.1,44.1,40.55,100901
2017-02-03,44.96,45.14,45.95,43.8,98331
2017-02-06,45.69,45.13,45.69,44.05,77390
2017-02-07,44.95,45.42,45.8,44.39,75510
2017-02-08,45.3,45.31,45.65,44.55,60884
2017-02-09,45.31,45.61,45.97,45.06,62776
2017-02-10,45.4,45.77,45.95,44.62,72835
2017-02-13,46.6,47.29,48.59,46.6,108619
2017-02-14,46.75,47.8,48.17,46.63,73497
2017-02-15,47.04,46.31,47.66,45.81,66126
2017-02-16,47.0,48.84,49.95,46.98,154408
2017-02-17,48.41,47.88,48.71,47.41,75486
2017-02-20,47.68,47.94,48.4,47.01,48837
2017-02-21,48.3,47.93,48.93,47.12,66391
2017-02-22,47.56,47.84,48.85,47.55,61766
2017-02-23,47.62,47.99,48.85,47.46,75645
2017-02-24,47.52,46.66,47.72,45.9,82976
2017-02-27,46.5,45.21,46.6,44.96,65475
2017-02-28,45.1,45.46,45.66,44.84,57652
2017-03-01,45.1,46.24,46.86,45.09,67446
2017-03-02,46.28,47.05,48.21,46.0,100390
2017-03-03,46.5,47.2,47.26,45.69,55717
2017-03-06,47.0,47.18,47.44,46.6,41423
2017-03-07,47.25,46.47,47.26,46.06,40188
2017-03-08,46.2,45.98,46.49,45.54,29775
2017-03-09,45.62,44.94,46.79,44.9,43827
2017-03-10,44.75,44.81,45.2,44.68,33941
2017-03-13,44.77,46.8,46.94,44.6,84714
2017-03-14,46.91,46.38,47.3,46.25,45442
2017-03-15,46.1,46.35,47.16,46.1,37905
2017-03-16,46.9,47.29,47.32,46.32,66319
2017-03-17,47.87,47.76,49.05,47.38,128434
2017-03-20,48.3,48.28,49.47,47.91,81264
2017-03-21,48.0,47.98,48.38,47.38,48406
2017-03-22,47.4,47.03,48.09,46.63,45574
2017-03-23,47.1,47.48,47.68,46.5,41164
2017-03-24,47.76,46.2,47.97,46.1,56579
2017-03-27,46.2,46.17,46.36,45.25,36418
2017-03-28,45.9,45.75,46.38,45.49,32913
2017-03-29,45.8,45.84,46.88,45.8,45292
2017-03-30,45.81,43.21,45.84,42.8,75124
2017-03-31,42.93,43.2,44.0,42.68,38598
2017-04-05,43.2,44.34,44.75,43.2,36417
2017-04-06,44.34,44.05,44.58,43.9,26038
2017-04-07,44.07,43.7,44.56,43.66,42021
2017-04-10,43.21,41.86,43.78,41.08,68251
2017-04-11,41.82,41.91,41.98,40.3,60540
2017-04-12,41.95,41.97,42.34,41.05,45902
2017-04-13,41.99,42.33,42.68,41.04,42452
2017-04-14,42.12,41.93,42.96,41.47,49504
2017-04-17,41.8,41.94,42.27,41.4,27104
2017-04-18,41.6,40.55,42.15,40.5,34558
2017-04-19,40.4,39.2,40.4,39.0,40588
2017-04-20,39.1,39.37,39.7,39.1,35141
2017-04-21,39.2,38.77,39.48,38.5,32943
2017-04-24,38.39,36.89,38.77,36.5,56776
2017-04-25,36.89,36.85,37.18,36.45,37599
2017-04-26,36.9,37.06,37.28,36.64,31395
2017-04-27,37.06,38.05,38.12,36.05,45181
2017-04-28,37.9,37.9,38.15,37.32,26965
2017-05-02,38.13,37.98,38.15,37.63,24342
2017-05-03,38.09,38.8,39.8,37.9,42382
2017-05-04,38.4,38.99,39.29,38.25,31187
2017-05-05,39.06,38.41,39.28,38.25,37270
2017-05-08,38.01,36.9,38.33,36.88,30035
2017-05-09,37.06,38.81,39.15,37.06,49662
2017-05-10,38.99,37.78,39.03,37.5,37328
2017-05-11,37.11,38.57,38.6,37.11,33824
2017-05-12,38.49,37.87,38.62,37.45,30246
2017-05-15,37.89,37.61,38.13,37.61,24787
2017-05-16,37.8,39.35,39.41,37.3,50155
2017-05-17,39.39,39.17,39.85,39.02,40604
2017-05-18,39.0,38.86,39.29,38.72,23173
2017-05-19,39.09,39.55,39.9,38.84,47469
2017-05-22,39.48,38.84,40.5,38.71,45399
2017-05-23,38.9,37.25,38.9,37.01,52350
2017-05-24,37.01,37.74,37.87,36.33,29813
2017-05-25,37.46,38.14,38.18,37.1,28457
2017-05-26,38.13,37.95,38.8,37.8,22090
2017-05-31,38.4,37.48,38.62,37.37,27078
2017-06-01,37.49,36.63,37.77,36.58,27349
2017-06-02,36.51,35.63,36.63,34.01,58628
2017-06-05,35.66,35.64,35.9,35.1,28149
2017-06-06,35.64,35.78,35.85,35.3,16705
2017-06-07,35.72,36.71,36.79,35.72,31892
2017-06-08,36.59,36.52,37.35,36.51,26904
2017-06-09,36.18,37.02,37.1,36.18,27456
2017-06-12,36.9,36.01,36.92,36.0,31222
2017-06-13,35.91,37.18,37.63,35.84,45998
2017-06-14,36.98,38.14,39.74,36.84,70006
2017-06-15,38.15,37.96,38.4,37.67,40951
2017-06-16,37.96,38.44,39.22,37.7,63313
2017-06-19,38.33,38.52,38.82,38.06,35949
2017-06-20,38.25,38.92,39.65,38.25,67081
2017-06-21,38.88,38.69,38.92,38.12,44268
2017-06-22,38.69,38.49,39.33,38.2,49132
2017-06-23,38.47,39.31,39.6,38.25,68838
2017-06-26,39.29,39.82,40.0,39.11,58087
2017-06-27,39.9,39.49,39.97,39.07,38112
2017-06-28,39.49,40.05,40.3,39.37,66377
2017-06-29,39.84,39.66,40.16,39.34,44511
2017-06-30,39.41,39.04,39.41,38.74,39014
2017-07-03,39.29,39.36,39.83,39.11,38059
2017-07-04,39.63,39.57,40.18,39.38,57557
2017-07-05,39.45,40.22,40.39,39.08,85391
2017-07-06,40.14,44.24,44.24,40.05,189391
2017-07-07,44.5,48.66,48.66,43.58,281516
2017-07-10,49.7,48.96,49.91,48.13,255419
2017-07-11,48.7,47.17,49.21,46.11,182592
2017-07-12,47.54,47.98,48.03,46.4,161992
2017-07-13,49.01,48.38,51.66,47.88,292508
2017-07-14,47.09,47.85,48.89,46.39,139955
2017-07-17,47.9,45.98,48.44,44.23,154403
2017-07-18,46.1,47.03,47.15,45.01,121673
2017-07-19,47.03,49.15,49.7,46.56,210852
2017-07-20,48.85,50.23,51.58,48.0,218078
2017-07-21,49.66,48.46,50.23,48.3,128081
2017-07-24,47.9,48.98,49.08,47.4,88296
2017-07-25,49.03,47.92,50.65,47.58,161818
2017-07-26,48.8,49.79,50.36,47.86,172438
2017-07-27,49.18,48.47,51.15,48.01,196652
2017-07-28,48.0,50.67,52.05,47.02,259744
2017-07-31,50.05,54.22,55.15,49.95,339371
2017-08-01,53.16,52.04,53.3,51.27,185883
2017-08-02,52.0,50.71,54.05,50.28,227967
2017-08-03,50.13,50.91,51.49,49.68,126609
2017-08-04,50.97,48.19,52.53,47.86,188731
2017-08-07,47.25,51.59,52.0,47.25,209079
2017-08-08,52.5,55.07,56.75,51.8,361160
2017-08-09,54.57,58.79,59.97,54.1,288210
2017-08-14,55.0,57.79,59.02,52.91,305076
2017-08-15,57.01,54.94,57.88,54.1,244718
2017-08-16,54.12,52.14,54.36,50.33,187787
2017-08-17,52.91,51.99,53.15,50.82,143744
2017-08-18,50.19,50.11,50.85,48.8,132913
2017-08-21,50.3,50.44,51.24,49.55,111125
2017-08-22,50.04,49.92,50.78,48.85,125445
2017-08-23,49.03,48.12,49.45,47.88,109979
2017-08-24,48.33,47.75,48.85,47.2,84482
2017-08-25,48.0,48.83,49.37,47.63,103994
2017-08-28,48.47,49.44,50.05,48.42,111835
2017-08-29,49.3,48.97,50.5,48.81,87706
2017-08-30,48.6,49.75,49.96,48.48,93868
2017-08-31,49.71,49.54,49.88,48.5,107697
2017-09-01,49.3,50.92,52.5,49.3,193457
2017-09-04,50.86,51.78,51.86,50.25,140919
2017-09-05,51.5,50.34,51.5,49.96,92095
2017-09-06,49.4,50.08,51.47,49.11,116976
2017-09-07,49.6,48.65,50.1,48.5,99911
2017-09-08,48.55,48.85,49.45,48.51,70033
2017-09-11,48.89,50.62,51.08,48.81,126873
2017-09-12,50.53,51.24,53.36,50.28,219074
2017-09-13,51.1,52.68,52.75,50.58,157592
2017-09-14,52.71,50.82,52.71,50.69,126572
2017-09-15,50.42,48.7,50.48,48.5,115485
2017-09-18,48.67,49.04,49.52,48.51,59034
2017-09-19,49.05,47.37,49.33,47.0,96387
2017-09-20,47.38,48.19,48.25,47.22,78725
2017-09-21,48.0,46.51,48.04,46.5,76524
2017-09-22,46.42,46.36,47.49,46.22,50197
2017-09-25,46.2,43.51,46.34,43.18,91793
2017-09-26,43.62,44.03,44.22,43.5,45176
2017-09-27,44.0,44.3,44.56,43.68,32223
2017-09-28,44.09,43.53,44.63,43.49,39379
2017-09-29,44.2,43.99,44.39,43.61,37489
2017-10-09,44.51,44.13,44.85,43.88,39284
2017-10-10,44.13,42.92,44.19,42.64,60377
2017-10-11,42.65,43.1,43.44,42.33,45650
2017-10-12,42.82,42.26,43.0,41.6,53637
2017-10-13,42.3,42.8,42.87,42.3,32420
2017-10-16,42.83,43.05,43.6,42.07,51383
2017-10-17,42.89,42.49,42.89,42.18,25600
2017-10-18,42.39,41.87,42.96,41.86,30019
2017-10-19,41.87,40.95,42.29,40.85,34523
2017-10-20,41.01,42.82,43.2,40.7,66753
2017-10-23,42.88,42.44,42.88,42.0,37880
2017-10-24,42.25,42.61,43.0,42.25,32069
2017-10-25,42.62,42.54,42.71,42.16,21520
2017-10-26,42.58,42.52,43.17,42.21,53236
2017-10-27,42.39,41.24,42.59,41.1,52867
2017-10-30,41.24,39.68,41.5,39.5,46538
2017-10-31,39.68,40.1,40.28,39.68,30270
2017-11-01,40.25,40.06,40.75,39.8,39689
2017-11-02,40.02,39.6,40.28,39.5,28261
2017-11-03,39.51,38.46,39.75,38.2,39472
2017-11-06,38.6,39.34,39.39,38.53,30458
2017-11-07,39.4,39.79,39.9,38.84,37097
2017-11-08,39.7,39.98,40.43,39.4,39796
2017-11-09,39.9,39.9,40.38,39.7,25038
2017-11-10,39.9,39.43,39.9,39.21,27966
2017-11-13,39.75,40.28,40.28,39.2,43977
2017-11-14,40.25,39.84,40.58,39.76,44297
2017-11-15,39.1,38.29,39.36,38.0,51082
2017-11-16,38.37,38.4,38.68,38.23,21694
2017-11-17,38.21,36.98,38.48,36.88,36943
2017-11-20,36.08,37.51,37.55,36.08,24469
2017-11-21,37.35,37.56,38.0,37.06,24785
2017-11-22,37.54,37.75,37.99,37.5,21536
2017-11-23,37.64,37.78,39.1,37.51,47968
2017-11-24,37.85,40.58,41.56,37.35,111234
2017-11-27,40.5,40.41,41.67,39.85,91541
2017-11-28,40.22,40.93,41.25,39.4,71338
2017-11-29,40.6,41.63,42.1,40.41,98635
2017-11-30,41.35,40.31,41.38,40.25,56168
2017-12-01,40.07,40.17,40.45,39.68,37688
2017-12-04,40.31,39.92,41.3,39.9,48799
2017-12-05,39.68,37.45,39.68,37.07,72986
2017-12-06,36.88,37.92,37.95,36.76,32939
2017-12-07,37.6,37.56,38.28,37.5,27023
2017-12-08,37.36,37.85,38.14,37.25,26068
2017-12-11,37.9,38.49,38.57,37.78,32444
2017-12-12,38.37,38.06,38.91,38.0,34214
2017-12-13,38.0,38.12,38.22,37.72,20695
2017-12-14,38.01,37.81,38.37,37.6,20324
2017-12-15,37.76,37.38,37.86,37.08,28824
2017-12-18,37.43,37.93,37.97,37.22,26603
2017-12-19,37.89,37.93,38.05,37.7,18606
2017-12-20,38.1,36.99,38.18,36.92,30081
2017-12-21,36.86,37.32,37.54,36.85,23613
2017-12-22,37.25,37.75,38.45,37.16,38881
2017-12-25,37.83,37.89,38.3,37.51,35764
2017-12-26,38.0,37.99,38.09,37.18,33631
2017-12-27,37.95,38.27,39.2,37.66,72657
2017-12-28,38.02,39.72,40.29,38.0,100468
2017-12-29,39.4,39.29,39.64,38.91,53222
2018-01-02,39.39,39.6,39.86,39.02,43280
2018-01-03,39.6,39.39,40.2,39.2,57569
2018-01-04,39.38,39.65,39.68,38.82,59733
2018-01-05,39.55,39.04,39.55,38.9,44499
2018-01-08,38.77,39.46,39.78,38.77,96024
2018-01-09,39.44,39.9,40.83,38.82,106829
2018-01-10,40.48,39.83,40.87,39.61,105574
2018-01-11,39.52,39.76,40.44,39.33,50392
2018-01-12,39.75,39.06,39.88,39.03,39478
2018-01-15,39.28,37.15,39.28,36.8,71362
2018-01-16,37.18,36.64,37.44,36.5,56143
2018-01-17,36.7,36.13,36.7,35.3,67270
2018-01-18,36.07,36.0,36.65,35.95,43587
2018-01-19,36.04,35.82,36.2,35.57,51077
2018-01-22,35.7,36.36,36.4,35.5,37227
2018-01-23,36.3,36.72,36.92,36.15,51856
2018-01-24,36.63,36.43,36.79,36.1,32350
2018-01-25,36.5,36.56,37.16,36.5,42404
2018-01-26,36.56,36.41,36.7,36.3,23773
2018-01-29,36.41,36.13,36.96,35.99,30992
2018-01-30,36.01,36.2,36.6,35.95,20477
2018-01-31,35.99,34.58,35.99,34.41,50145
2018-02-01,34.58,32.72,34.96,32.08,55756
2018-02-02,32.73,33.33,33.7,32.0,35458
2018-02-05,32.6,32.93,33.64,32.5,29776
2018-02-06,32.0,30.38,33.05,30.21,41511
2018-02-07,31.05,30.91,31.46,30.23,38692
2018-02-08,30.6,31.28,31.53,30.6,35486
2018-02-09,30.7,29.75,30.89,29.13,44762
2018-02-12,29.78,31.15,31.7,29.78,31980
2018-02-13,31.18,31.34,31.95,31.18,24799
2018-02-14,31.36,31.55,31.8,31.08,21795
2018-02-22,31.99,32.71,33.49,31.71,44737
2018-02-23,32.65,32.5,32.65,32.07,25716
2018-02-26,32.9,32.86,33.26,32.1,38266
2018-02-27,32.7,32.55,32.77,32.28,27186
2018-02-28,32.3,33.54,33.94,32.1,57384
2018-03-01,33.1,33.31,33.47,32.99,35786
2018-03-02,33.0,33.38,34.4,32.96,45717
2018-03-05,33.48,33.18,33.71,33.0,26330
2018-03-06,33.3,34.21,34.35,33.27,60490
2018-03-07,33.93,33.98,34.93,33.7,46392
2018-03-08,34.2,34.28,34.68,34.03,41708
2018-03-09,34.4,34.23,34.45,33.75,35211
2018-03-12,34.63,34.69,34.98,34.23,46697
2018-03-13,34.75,34.29,34.75,34.0,36360
2018-03-14,34.25,34.57,35.48,34.25,68105
2018-03-15,34.2,33.95,34.49,33.33,47002
2018-03-16,34.05,33.35,34.05,33.32,23876
2018-03-19,33.4,33.19,33.4,32.7,20382
2018-03-20,33.09,33.35,33.49,32.81,17214
2018-03-21,33.52,32.78,33.73,32.72,29522
2018-03-22,33.01,32.42,33.19,32.32,26868
2018-03-23,31.8,30.18,31.8,29.67,60843
2018-03-26,29.5,31.49,32.28,29.08,53002
2018-03-27,31.63,32.27,32.31,31.5,45962
2018-03-28,31.72,31.91,32.17,31.25,25461
2018-03-29,31.97,32.56,32.66,31.69,42611
2018-03-30,32.4,32.39,32.56,32.03,36249
2018-04-02,32.41,32.56,32.94,32.2,39613
2018-04-03,32.27,31.85,32.3,31.63,32050
2018-04-04,31.86,32.0,32.45,31.86,28804
2018-04-09,31.9,34.96,34.99,31.9,135121
2018-04-10,34.78,34.08,34.78,33.38,95972
2018-04-11,33.98,34.4,34.56,33.6,65576
2018-04-12,34.17,33.48,34.25,33.47,48291
2018-04-13,33.75,33.33,33.94,33.25,29316
2018-04-16,34.59,35.64,36.5,34.35,221091
2018-04-17,34.86,33.34,34.88,33.31,118848
2018-04-18,33.49,32.68,33.65,31.5,71401
2018-04-19,32.57,33.94,34.28,32.51,85477
2018-04-20,33.4,32.22,33.57,32.1,63928
2018-04-23,32.4,31.45,32.4,31.02,43449
2018-04-24,31.46,32.09,32.18,31.46,33039
2018-04-25,31.78,32.07,32.28,31.58,33197
2018-04-26,32.07,31.33,32.07,31.31,30810
2018-04-27,31.5,31.83,32.13,31.42,28104
2018-05-02,31.8,31.88,32.08,31.57,18344
2018-05-03,31.9,31.72,31.99,31.03,28344
2018-05-04,31.72,31.86,32.44,31.7,27514
2018-05-07,32.19,32.18,32.28,31.75,38149
2018-05-08,32.11,32.4,32.48,31.98,34605
2018-05-09,32.37,32.12,32.42,31.98,23891
2018-05-10,32.19,32.07,32.36,31.92,22060
2018-05-11,32.22,32.7,32.72,32.04,54382
2018-05-14,32.65,32.51,32.95,32.3,37193
2018-05-15,32.45,32.23,32.64,31.87,25807
2018-05-16,32.17,32.04,32.18,31.8,23950
2018-05-17,32.07,31.74,32.1,31.71,19605
2018-05-18,31.74,31.98,32.09,31.67,16448
2018-05-21,32.36,32.19,32.65,32.02,32865
2018-05-22,32.29,32.15,32.29,31.68,27272
2018-05-23,32.33,31.73,32.39,31.7,21009
2018-05-24,31.73,32.19,32.7,31.72,43385
2018-05-25,32.22,31.62,32.22,31.6,29723
2018-05-28,31.6,31.01,31.77,31.0,23320
2018-05-29,31.03,30.72,31.22,30.7,19184
2018-05-30,30.45,30.3,31.2,29.92,31639
2018-05-31,30.5,30.51,30.72,30.35,16434
2018-06-01,30.5,30.59,30.94,30.28,14750
2018-06-04,30.59,30.64,30.92,30.48,16631
2018-06-05,30.55,31.29,31.37,30.53,21164
2018-06-06,31.15,31.14,31.62,30.94,18539
2018-06-07,31.24,30.93,31.51,30.78,16408
2018-06-08,30.78,30.28,31.12,30.06,20969
2018-06-11,30.26,30.04,30.48,29.98,12859
2018-06-12,30.16,30.32,30.44,29.8,15368
2018-06-13,30.17,30.11,30.74,30.05,14175
2018-06-14,30.6,31.12,31.75,30.45,55992
2018-06-15,30.66,30.94,31.5,30.66,34591
2018-06-19,30.5,28.69,31.31,28.02,53765
2018-06-20,28.6,29.18,29.37,28.5,26078
2018-06-21,29.0,28.95,30.2,28.9,32372
2018-06-22,28.35,29.0,29.25,28.0,25115
2018-06-25,29.37,28.67,29.58,28.53,17285
2018-06-26,28.13,28.98,29.24,28.1,18258
2018-06-27,29.0,29.2,29.66,28.85,28744
2018-06-28,29.0,28.61,29.33,28.55,19808
2018-06-29,28.58,29.28,29.3,28.53,25426
2018-07-02,29.27,29.07,29.75,28.76,23542
2018-07-03,29.0,29.11,29.3,28.31,23213
2018-07-04,29.1,28.79,29.39,28.64,20199
2018-07-05,28.88,27.8,28.88,27.8,23781
2018-07-06,27.78,27.22,27.99,26.0,39990
2018-07-09,27.22,27.8,27.84,27.1,17947
2018-07-10,27.8,27.96,28.44,27.7,22570
2018-07-11,27.49,26.87,27.49,26.58,24632
2018-07-12,27.0,27.47,27.55,26.88,20131
2018-07-13,27.4,27.62,27.82,27.3,18736
2018-07-16,27.7,27.39,27.78,27.15,13493
2018-07-17,27.4,27.34,27.57,27.15,11309
2018-07-18,27.2,27.23,27.5,27.17,12230
2018-07-19,27.29,27.12,27.45,26.68,15082
2018-07-20,27.12,27.23,27.32,26.78,12099
2018-07-23,27.23,27.69,27.77,27.1,21686
2018-07-24,27.9,28.25,28.48,27.61,39461
2018-07-25,28.12,28.59,28.89,28.0,35843
2018-07-26,28.43,28.23,28.56,28.05,21964
2018-07-27,28.12,27.86,28.28,27.81,15866
2018-07-30,28.1,27.99,28.48,27.85,19903
2018-07-31,28.01,27.88,28.14,27.62,11956
2018-08-01,28.08,26.9,28.08,26.86,26290
2018-08-02,26.86,26.17,27.18,25.66,28870
2018-08-03,26.17,25.96,26.42,25.95,12477
2018-08-06,25.5,25.77,26.28,25.5,15412
2018-08-07,25.71,26.44,26.45,25.66,17568
2018-08-08,26.39,25.79,26.39,25.77,16079
2018-08-09,25.58,26.12,26.29,25.54,17397
2018-08-10,26.09,26.14,26.28,25.92,11538
2018-08-13,25.88,26.04,26.09,25.6,14669
2018-08-14,25.93,26.29,26.65,25.9,21476
2018-08-15,26.29,25.82,26.5,25.76,13323
2018-08-16,25.64,24.87,25.78,24.82,19974
2018-08-17,25.05,24.09,25.2,24.0,26907
2018-08-20,24.08,23.9,24.3,23.3,24679
2018-08-21,23.95,24.06,24.16,23.6,12242
2018-08-22,24.18,23.58,24.18,23.54,10764
2018-08-23,23.68,23.66,23.85,23.42,10913
2018-08-24,23.7,23.71,23.94,23.55,10351
2018-08-27,23.9,24.76,24.8,23.68,28460
2018-08-28,24.7,24.66,24.95,24.41,21849
2018-08-29,24.57,24.27,24.58,24.18,14302
2018-08-30,24.13,23.61,24.49,23.6,15713
2018-08-31,23.6,23.55,24.15,23.4,13566
2018-09-03,23.7,23.6,23.82,23.4,9317
2018-09-04,23.78,23.8,23.9,23.53,11578
2018-09-05,23.8,23.4,23.8,23.4,12090
2018-09-06,23.49,22.82,23.53,22.71,17396
2018-09-07,22.82,22.75,23.1,22.6,11682
2018-09-10,22.61,21.4,22.74,21.39,26828
2018-09-11,21.41,21.1,21.65,20.86,23884
2018-09-12,21.15,21.25,21.35,21.0,12038
2018-09-13,21.34,21.52,21.7,21.3,18188
2018-09-14,21.38,22.94,23.67,21.38,72506
2018-09-17,22.2,22.1,22.2,21.5,39388
2018-09-18,21.9,22.38,22.42,21.8,29202
2018-09-19,22.36,23.0,23.4,22.16,53736
2018-09-20,23.4,23.45,24.38,23.17,78550
2018-09-21,23.2,23.7,23.91,22.8,49715
2018-09-25,23.7,23.8,24.09,23.3,40090
2018-09-26,23.71,23.95,24.36,23.71,38288
2018-09-27,23.94,23.37,24.13,23.35,31957
2018-09-28,23.47,25.1,25.21,23.45,78389
2018-10-08,25.05,25.83,27.18,24.51,107129
2018-10-09,25.89,26.42,26.76,25.2,93253
2018-10-10,26.09,26.1,26.75,25.81,65112
2018-10-11,25.0,24.88,25.9,24.18,84193
2018-10-12,24.78,25.41,26.0,24.32,88064
2018-10-15,25.4,23.74,25.41,23.68,62765
2018-10-16,23.5,24.2,24.52,23.5,52160
2018-10-17,24.79,23.5,24.95,23.01,51638
2018-10-18,23.06,22.33,23.48,22.0,41660
2018-10-19,21.51,22.93,22.95,21.4,34182
2018-10-22,23.03,24.31,24.68,23.0,51894
2018-10-23,24.18,24.27,24.82,23.9,43843
2018-10-24,24.02,24.07,24.58,23.74,31401
2018-10-25,23.0,24.33,24.36,22.89,39710
2018-10-26,25.21,24.74,26.0,24.41,75699
2018-10-29,24.7,24.54,25.1,24.18,39228
2018-10-30,24.42,25.9,26.5,24.4,79607
2018-10-31,25.2,27.61,28.4,25.2,163524
2018-11-01,26.99,27.09,27.99,26.45,108093
2018-11-02,27.35,27.14,27.62,26.7,82891
2018-11-05,27.01,26.91,27.56,26.38,59200
2018-11-06,26.8,27.24,27.51,26.43,56766
2018-11-07,27.24,26.61,27.75,26.6,63546
2018-11-08,26.66,25.95,26.97,25.87,52730
2018-11-09,25.94,25.86,26.43,25.7,27571
2018-11-12,25.86,26.51,26.51,25.69,35644
2018-11-13,26.68,26.98,27.34,26.3,61879
2018-11-14,26.8,26.18,26.86,26.04,48954
2018-11-15,26.0,26.65,26.65,25.91,38567
2018-11-16,26.66,26.82,26.83,26.39,42643
2018-11-19,26.72,27.66,27.78,26.5,74903
2018-11-20,27.28,26.78,27.5,26.77,50816
2018-11-21,26.5,26.21,26.74,26.01,36315
2018-11-22,26.1,26.14,26.45,26.01,23948
2018-11-23,26.14,24.0,26.21,23.67,74718
2018-11-26,23.6,23.85,24.5,23.6,21175
2018-11-27,23.91,24.01,24.36,23.85,16038
2018-11-28,24.01,24.4,24.49,23.69,21334
2018-11-29,24.74,24.42,25.2,24.34,36407
2018-11-30,24.16,24.44,24.72,23.99,21535
2018-12-03,24.86,25.4,25.47,24.49,46304
2018-12-04,25.17,25.13,25.34,24.87,27612
2018-12-05,24.66,25.05,25.57,24.52,35972
2018-12-06,24.81,24.52,24.99,24.5,20747
2018-12-07,24.43,24.38,24.78,24.33,12838
2018-12-10,24.18,24.25,24.58,24.1,12551
2018-12-11,24.3,24.21,24.5,24.08,9897
2018-12-12,24.31,24.33,24.65,24.23,11144
2018-12-13,24.33,24.38,24.6,24.2,15814
2018-12-14,24.36,23.48,24.36,23.46,28538
2018-12-17,23.42,23.5,23.65,23.2,12403
2018-12-18,23.45,23.24,23.49,23.0,12520
2018-12-19,23.39,22.47,23.45,22.42,25050
2018-12-20,22.45,22.64,22.69,22.3,13476
2018-12-21,22.66,22.69,22.84,22.21,12312
2018-12-24,22.69,22.78,22.88,22.41,13159
2018-12-25,22.58,22.5,22.6,21.9,21567
2018-12-26,22.68,22.58,22.68,22.35,9637
2018-12-27,23.0,22.17,23.16,22.01,13353
2018-12-28,22.17,22.36,22.43,22.08,12495
2019-01-02,22.39,21.71,22.53,21.7,16445
2019-01-03,22.2,22.02,22.38,21.72,12916
2019-01-04,21.7,22.82,23.0,21.51,25166
2019-01-07,22.83,23.46,23.78,22.76,36556
2019-01-08,23.3,23.13,23.75,22.95,22655
2019-01-09,23.24,22.92,23.37,22.92,24219
2019-01-10,22.95,22.81,23.15,22.74,12940
2019-01-11,22.99,23.13,23.3,22.81,21692
2019-01-14,23.2,22.91,23.38,22.87,16045
2019-01-15,22.98,23.05,23.1,22.75,13734
2019-01-16,23.25,22.95,23.25,22.75,12672
2019-01-17,23.05,22.75,23.28,22.56,22406
2019-01-18,22.71,23.17,23.3,22.71,28020
2019-01-21,23.28,23.2,23.43,23.05,18336
2019-01-22,23.2,22.85,23.24,22.73,16374
2019-01-23,22.85,22.67,22.98,22.58,15075
2019-01-24,22.62,22.67,22.89,22.43,13805
2019-01-25,22.55,22.34,22.72,22.32,15328
2019-01-28,22.59,22.13,22.71,22.11,10051
2019-01-29,22.07,21.96,22.3,21.7,13487
2019-01-30,21.8,21.63,22.09,21.61,8552
2019-01-31,21.4,20.12,21.73,19.68,45823
2019-02-01,20.2,20.92,20.98,20.2,17196
2019-02-11,21.02,21.56,21.59,21.02,16486
2019-02-12,21.53,21.55,21.8,21.41,16799
2019-02-13,21.55,22.09,22.32,21.49,29795
2019-02-14,22.09,22.04,22.15,21.74,18394
2019-02-15,22.06,22.07,22.34,21.92,22843
2019-02-18,22.07,22.78,22.8,22.07,31498
2019-02-19,22.77,22.98,23.26,22.5,33624
2019-02-20,23.01,23.45,23.99,22.92,47137
2019-02-21,23.5,23.62,24.3,23.28,56429
2019-02-22,23.49,24.0,24.02,23.26,42481
2019-02-25,24.31,26.4,26.4,23.9,142926
2019-02-26,26.5,26.82,28.16,26.06,144536
2019-02-27,26.58,25.88,26.99,25.72,83774
2019-02-28,25.88,25.58,26.18,25.3,45907
2019-03-01,25.8,25.64,25.97,24.88,49201
2019-03-04,25.75,26.09,26.51,25.51,79675
2019-03-05,26.15,26.75,26.77,25.88,72274
2019-03-06,27.8,28.35,28.98,27.62,149148
2019-03-07,27.84,31.19,31.19,27.58,227171
2019-03-08,30.26,30.0,32.68,29.89,210078
2019-03-11,29.87,31.12,31.75,29.85,120346
2019-03-12,31.99,31.2,32.41,30.65,131919
2019-03-13,31.4,31.7,32.6,31.08,133038
2019-03-14,31.15,31.7,33.68,30.37,167249
2019-03-15,32.66,32.41,32.99,31.0,99397
2019-03-18,35.65,35.65,35.65,34.1,236547
2019-03-19,35.0,36.99,37.99,34.85,208728
2019-03-20,36.0,36.04,36.84,35.15,160886
2019-03-21,36.06,37.43,38.67,35.7,192303
2019-03-22,37.46,39.45,39.9,37.46,185402
2019-03-25,38.65,38.4,39.55,37.62,165168
2019-03-26,38.32,36.49,39.1,35.75,174857
2019-03-27,36.98,35.3,37.2,34.24,161928
2019-03-28,34.85,33.6,35.0,33.33,156524
2019-03-29,33.38,34.53,34.98,33.28,145580
2019-04-01,34.2,35.54,37.01,34.2,179657
2019-04-02,35.58,39.09,39.09,35.0,275480
2019-04-03,38.3,38.83,39.8,37.9,218627
2019-04-04,38.5,39.32,40.52,37.95,199668
2019-04-08,39.7,41.45,42.07,38.5,240777
2019-04-09,40.9,38.28,40.9,37.99,196549
2019-04-10,37.45,37.95,38.95,36.11,135787
2019-04-11,37.25,37.09,38.85,37.0,93868
2019-04-12,37.09,36.39,37.5,35.52,96756
2019-04-15,37.0,35.93,37.85,35.75,79599
2019-04-16,35.0,37.55,37.7,34.95,107034
2019-04-17,37.43,37.25,38.12,36.95,80934
2019-04-18,37.0,36.22,37.73,36.18,80285
2019-04-19,35.93,36.13,36.38,34.5,97040
2019-04-22,35.6,35.15,36.68,35.02,69143
2019-04-23,35.12,35.6,36.15,34.37,80954
2019-04-24,35.15,34.82,35.49,34.45,54274
2019-04-25,34.79,34.07,35.65,34.0,73377
2019-04-26,33.7,32.62,34.15,32.57,71221
2019-04-29,32.98,31.8,32.98,31.36,61030
2019-04-30,32.4,32.95,33.1,32.0,47505
2019-05-06,31.6,29.89,32.5,29.8,79997
2019-05-07,30.41,30.4,31.15,29.93,69013
2019-05-08,29.42,29.9,30.76,29.33,63146
2019-05-09,29.8,31.12,31.74,29.6,85632
2019-05-10,31.2,33.9,33.96,31.2,132308
2019-05-13,34.0,34.58,34.99,33.01,103778
2019-05-14,36.94,35.29,38.04,35.01,158804
2019-05-15,35.23,36.08,36.31,34.61,131613
2019-05-16,36.6,39.69,39.69,36.6,214310
2019-05-17,42.0,37.5,42.0,37.0,301421
2019-05-20,36.35,39.6,40.6,35.1,238621
2019-05-21,39.0,43.56,43.56,37.5,372535
2019-05-22,42.65,40.65,43.89,40.6,321619
2019-05-23,41.5,40.1,42.39,39.38,212790
2019-05-24,39.0,37.14,40.69,36.68,203384
2019-05-27,37.7,38.2,38.89,37.2,172330
2019-05-28,38.45,38.12,39.3,37.89,180332
2019-05-29,40.7,40.25,41.58,39.26,252425
2019-05-30,39.74,38.68,39.97,37.03,187606
2019-05-31,38.72,39.93,41.5,38.61,218064
2019-06-03,40.1,38.12,40.33,37.9,164401
2019-06-04,38.0,37.45,38.78,36.9,123441
2019-06-05,38.85,38.09,39.49,37.9,135014
2019-06-06,38.55,39.58,40.73,38.5,196544
2019-06-10,40.88,40.0,41.0,38.16,174817
2019-06-11,40.2,42.29,43.29,39.88,238351
2019-06-12,42.78,43.05,46.52,42.29,361019
2019-06-13,41.98,42.73,44.3,41.49,218465
2019-06-14,42.95,44.22,45.87,41.6,268629
2019-06-17,44.99,46.7,48.64,44.5,283743
2019-06-18,45.21,44.5,46.5,43.53,215856
2019-06-19,43.69,43.68,44.8,43.0,201037
2019-06-20,43.39,42.42,43.7,41.51,200571
2019-06-21,41.94,42.17,43.28,41.94,160669
2019-06-24,42.08,42.92,43.65,42.08,146326
2019-06-25,42.0,39.71,42.02,38.82,205363
2019-06-26,39.49,38.91,40.33,38.7,110500
2019-06-27,38.99,39.19,39.6,38.5,94058
2019-06-28,38.97,40.3,40.65,38.85,137631
2019-07-01,38.5,39.2,39.63,38.13,145072
2019-07-02,39.0,39.21,39.64,38.8,79069
2019-07-03,39.08,38.46,39.58,38.36,76132
2019-07-04,38.66,38.8,38.8,37.1,107061
2019-07-05,39.0,39.02,39.2,38.33,68924
2019-07-08,38.99,37.18,38.99,36.59,96507
2019-07-09,37.05,37.44,37.98,36.66,60523
2019-07-10,37.3,35.8,37.48,35.65,89413
2019-07-11,36.14,35.8,36.39,35.18,59725
2019-07-12,35.97,35.22,36.01,35.18,48742
2019-07-15,35.85,36.66,36.87,35.28,89965
2019-07-16,36.65,36.6,36.95,36.22,51753
2019-07-17,36.48,36.88,37.55,36.19,67804
2019-07-18,37.5,38.08,39.38,37.5,129935
2019-07-19,37.59,37.61,38.29,37.59,68151
2019-07-22,36.99,33.85,36.99,33.85,144024
2019-07-23,33.82,34.02,34.02,32.8,60362
2019-07-24,33.97,34.42,34.74,33.8,55291
2019-07-25,34.03,34.41,34.85,34.0,47261
2019-07-26,34.21,34.59,34.68,33.68,55537
2019-07-29,34.42,34.25,34.71,34.19,28206
2019-07-30,34.05,34.23,34.48,34.05,27803
2019-07-31,34.32,34.45,34.55,33.7,49518
2019-08-01,34.35,33.8,34.35,33.71,41194
2019-08-02,35.5,36.54,36.9,34.66,188251
2019-08-05,36.4,37.0,37.88,35.88,130703
2019-08-06,36.3,35.7,37.35,35.56,117702
2019-08-07,36.0,37.68,38.19,35.88,139602
2019-08-08,37.12,36.61,37.39,36.2,103038
2019-08-09,36.5,36.19,37.19,36.03,76462
2019-08-12,35.83,34.58,36.17,33.75,103746
2019-08-13,34.15,34.62,35.27,34.15,56494
2019-08-14,33.47,33.74,33.96,33.0,71252
2019-08-15,33.08,33.35,33.94,33.06,53068
2019-08-16,34.29,34.6,34.98,34.14,97416
2019-08-19,34.0,34.94,34.98,33.6,88678
2019-08-20,34.9,35.3,35.78,34.51,86270
2019-08-21,35.0,34.49,35.1,34.4,53412
2019-08-22,34.44,34.81,35.28,34.39,52655
2019-08-23,34.8,35.24,35.84,34.75,89573
2019-08-26,36.34,35.14,36.5,35.05,96465
2019-08-27,34.5,34.99,35.01,33.9,73906
2019-08-28,34.76,34.33,34.95,34.32,50555
2019-08-29,34.19,34.31,34.67,34.19,40458
2019-08-30,33.93,35.06,36.0,33.8,95993
2019-09-02,34.9,34.97,35.08,34.2,62410
2019-09-03,35.02,35.24,35.83,34.98,60797
2019-09-04,35.2,35.62,35.98,34.8,88760
2019-09-05,35.62,35.87,36.46,35.02,111319
2019-09-06,36.15,35.47,36.38,35.33,80697
2019-09-09,35.81,35.93,36.0,35.52,69435
2019-09-10,35.89,36.21,36.83,35.63,87821
2019-09-11,36.22,35.93,36.66,35.62,78614
2019-09-12,35.99,35.49,36.0,35.42,54565
2019-09-16,35.36,35.27,35.76,35.13,47008
2019-09-17,35.29,34.87,35.79,34.8,66145
2019-09-18,34.95,34.55,35.15,34.5,44662
2019-09-19,34.61,34.96,35.13,34.5,38758
2019-09-20,34.9,34.96,35.16,34.65,35588
2019-09-23,34.68,33.82,34.7,33.77,56758
2019-09-24,34.04,33.52,34.04,33.44,37894
2019-09-25,33.4,33.78,34.14,32.9,54788
2019-09-26,33.6,32.11,33.98,32.0,48577
2019-09-27,32.42,32.11,32.57,32.07,22549
2019-09-30,32.34,32.19,32.55,32.11,22761
2019-10-08,32.18,32.75,32.75,31.63,28372
2019-10-09,32.58,33.3,33.5,32.31,40201
2019-10-10,33.02,33.15,33.44,32.87,25742
2019-10-11,33.16,32.74,33.24,32.6,22350
2019-10-14,32.37,32.83,32.98,32.37,28343
2019-10-15,32.6,31.99,32.94,31.95,27679
2019-10-16,31.98,32.04,32.48,31.98,21909
2019-10-17,32.23,31.91,32.24,31.84,14265
2019-10-18,32.1,30.52,32.1,29.71,49859
2019-10-21,30.68,30.35,30.77,29.8,23666
2019-10-22,30.49,30.3,30.72,30.14,19302
2019-10-23,30.46,29.84,30.46,29.8,22749
2019-10-24,29.97,29.98,30.09,29.5,21510
2019-10-25,29.86,30.02,30.09,29.34,23821
2019-10-28,30.08,30.43,30.64,29.82,26809
2019-10-29,30.39,29.8,30.45,29.8,22102
2019-10-30,29.82,28.55,29.88,28.42,47020
2019-10-31,28.75,28.54,29.13,28.4,25096
2019-11-01,28.61,30.09,30.47,28.22,62680
2019-11-04,29.93,29.95,30.3,29.8,31311
2019-11-05,30.0,30.6,30.96,30.0,46241
2019-11-06,30.42,30.5,31.0,30.26,36229
2019-11-07,30.2,30.42,30.59,30.08,22999
2019-11-08,30.58,30.28,30.8,30.28,27985
2019-11-11,30.59,29.43,30.99,29.37,42192
2019-11-12,29.5,29.64,30.29,29.1,31415
2019-11-13,29.64,29.08,29.64,28.7,26601
2019-11-14,28.78,28.8,29.0,28.5,26184
2019-11-15,28.65,29.52,30.5,28.65,45290
2019-11-18,29.2,29.06,29.35,28.77,29978
2019-11-19,28.97,29.2,29.27,28.85,25840
2019-11-20,29.22,30.48,30.8,28.98,73909
2019-11-21,30.2,29.63,30.2,29.58,46859
2019-11-22,29.23,29.24,30.13,29.23,36478
2019-11-25,29.1,29.28,29.67,28.8,30314
2019-11-26,29.26,29.17,29.42,28.83,21435
2019-11-27,29.28,29.97,30.57,29.17,61656
2019-11-28,30.02,30.05,30.66,30.02,51808
2019-11-29,30.01,30.35,30.5,29.71,32080
2019-12-02,30.27,29.25,30.47,29.1,47325
2019-12-03,29.3,29.96,30.28,29.3,42182
2019-12-04,29.85,31.39,31.6,29.7,105807
2019-12-05,31.0,31.35,31.46,30.68,74585
2019-12-06,31.0,32.01,32.8,31.0,97643
2019-12-09,32.41,32.18,32.7,31.71,75542
2019-12-10,31.95,32.0,32.58,31.73,62383
2019-12-11,31.85,31.6,31.98,31.36,51614
2019-12-12,31.5,31.86,32.05,31.41,57025
2019-12-13,31.23,31.68,31.77,31.21,50979
2019-12-16,31.63,31.76,31.76,31.1,61202
2019-12-17,31.98,32.92,33.15,31.9,114055
2019-12-18,33.17,32.81,33.45,32.6,94072
2019-12-19,32.99,33.0,33.29,32.53,52022
2019-12-20,33.11,32.0,33.3,31.98,57786
2019-12-23,31.91,31.26,32.41,31.11,44673
2019-12-24,31.1,32.45,32.62,31.1,58927
2019-12-25,32.48,32.45,32.75,32.12,46750
2019-12-26,32.37,32.27,32.6,32.03,33479
2019-12-27,32.55,35.21,35.5,32.55,256585
2019-12-30,34.7,34.74,34.95,33.75,155457
2019-12-31,34.66,34.77,35.65,34.2,124206
2020-01-02,35.0,35.44,35.6,34.58,124148
2020-01-03,35.18,35.63,36.48,34.73,122064
2020-01-06,35.48,36.3,36.54,35.0,147024
2020-01-07,36.0,35.66,36.11,35.3,98645
2020-01-08,35.65,35.2,36.1,35.0,90152
2020-01-09,35.55,35.43,35.65,35.06,63054
2020-01-10,36.2,35.22,36.2,35.13,73357
2020-01-13,34.99,34.92,34.99,34.24,71376
2020-01-14,35.06,35.03,36.1,34.82,73010
2020-01-15,34.9,34.5,34.96,34.3,47705
2020-01-16,34.79,34.66,35.26,34.25,44025
2020-01-17,34.35,34.6,34.9,34.35,30660
2020-01-20,34.29,34.71,34.86,33.9,43194
2020-01-21,34.35,34.0,34.44,33.52,58136
2020-01-22,33.66,33.51,33.86,32.82,44609
2020-01-23,32.88,32.64,33.55,32.1,57575
2020-02-03,29.38,29.38,29.38,29.38,7104
2020-02-04,26.44,28.19,28.8,26.44,76364
2020-02-05,28.3,29.08,29.5,28.2,53904
2020-02-06,28.98,29.2,29.4,28.7,59740
2020-02-07,29.18,29.55,29.7,28.8,51325
2020-02-10,29.48,30.0,30.1,29.0,52976
2020-02-11,30.0,29.86,30.67,29.82,54677
2020-02-12,29.86,30.75,30.8,29.56,69507
2020-02-13,30.57,30.56,31.49,30.25,67975
2020-02-14,30.35,30.64,31.09,30.21,49411
2020-02-17,31.22,32.18,32.29,30.72,86279
2020-02-18,32.71,33.58,34.56,32.6,137077
2020-02-19,33.5,32.45,33.5,32.38,88776
2020-02-20,32.61,32.84,32.96,31.91,82369
2020-02-21,32.67,33.71,33.77,32.57,116564
2020-02-24,33.4,33.05,33.68,32.51,115339
2020-02-25,32.3,32.13,32.65,30.57,126062
2020-02-26,31.4,31.48,32.37,31.4,65648
2020-02-27,31.48,31.03,31.75,30.9,45670
2020-02-28,30.02,28.6,30.37,28.41,85408
2020-03-02,28.73,29.91,30.1,28.73,51595
2020-03-03,30.49,30.54,30.99,30.02,55154
2020-03-04,30.29,30.8,30.9,30.24,37144
2020-03-05,31.14,31.53,31.54,30.66,64414
2020-03-06,31.2,30.85,31.21,30.62,44206
2020-03-09,30.09,28.92,30.09,28.78,98264
2020-03-10,28.88,29.4,29.41,28.18,63905
2020-03-11,29.5,29.41,30.38,29.06,66844
2020-03-12,28.7,28.71,28.98,28.33,50592
2020-03-13,27.01,28.19,28.52,27.0,54799
2020-03-16,28.5,27.42,28.72,27.31,50745
2020-03-17,27.5,27.29,28.08,26.45,41630
2020-03-18,27.5,26.86,27.87,26.83,31402
2020-03-19,26.85,26.92,26.97,26.17,34971
2020-03-20,27.44,27.41,27.44,26.83,28951
2020-03-23,26.79,26.47,27.38,26.37,28719
2020-03-24,27.0,27.11,27.2,26.6,32591
2020-03-25,27.75,27.5,27.8,27.35,35561
2020-03-26,27.35,27.65,28.28,27.01,44783
2020-03-27,27.85,27.09,27.88,27.02,33484
2020-03-30,26.6,26.11,26.97,25.89,35348
2020-03-31,26.33,27.65,28.61,26.12,63759
2020-04-01,27.2,27.65,28.5,27.03,61467
2020-04-02,27.65,27.75,27.79,27.32,34725
2020-04-03,27.99,27.82,28.49,27.51,53599
2020-04-07,28.32,28.24,28.61,27.96,52735
2020-04-08,28.47,28.75,28.98,28.24,64524
2020-04-09,28.6,29.3,29.5,28.59,71606
2020-04-10,29.3,30.13,31.19,29.2,114422
2020-04-13,30.16,30.59,31.33,29.95,96466
2020-04-14,30.74,30.5,30.8,29.9,66439
2020-04-15,30.4,29.5,30.58,29.37,61115
2020-04-16,29.18,28.89,29.5,28.68,52837
2020-04-17,29.0,29.11,29.66,28.89,51233
2020-04-20,29.09,28.91,29.09,28.47,34779
2020-04-21,28.78,28.26,28.81,27.75,52275
2020-04-22,28.3,29.29,29.39,28.3,68172
2020-04-23,29.24,28.87,29.4,28.68,43687
2020-04-24,28.6,28.33,28.79,28.16,37623
2020-04-27,28.34,27.85,28.5,27.82,27766
2020-04-28,28.0,27.43,28.43,26.81,29637
2020-04-29,27.6,27.68,28.13,27.36,22594
2020-04-30,27.8,28.46,28.67,27.6,38931
2020-05-06,28.47,29.77,30.31,28.47,81251
2020-05-07,29.4,29.0,29.75,28.96,55850
2020-05-08,29.24,28.95,29.4,28.73,44217
2020-05-11,29.0,28.82,29.36,28.68,37131
2020-05-12,29.04,28.49,29.04,28.13,34300
2020-05-13,28.58,28.58,28.84,28.5,28951
2020-05-14,28.99,29.41,29.95,28.98,98641
2020-05-15,29.41,29.31,29.64,28.83,54244
2020-05-18,30.19,31.6,32.09,29.11,177202
2020-05-19,31.1,31.3,32.09,30.81,115637
2020-05-20,31.53,31.31,32.0,31.1,91261
2020-05-21,31.5,31.15,32.3,31.0,113310
2020-05-22,30.85,31.7,32.47,30.34,142107
2020-05-25,32.3,31.66,32.75,30.87,120495
2020-05-26,31.25,32.02,32.2,31.12,85819
2020-05-27,31.71,32.32,32.97,31.55,124971
2020-05-28,32.1,33.0,34.39,31.77,194399
2020-05-29,33.0,33.82,34.08,32.63,135876
2020-06-01,32.79,33.25,33.38,32.61,121144
2020-06-02,33.92,32.69,33.92,32.63,116770
2020-06-03,32.36,31.71,32.4,31.3,116662
2020-06-04,31.77,31.82,31.97,31.47,62849
2020-06-05,31.56,31.5,31.96,31.4,46104
2020-06-08,31.55,31.88,32.1,31.43,52878
2020-06-09,31.92,30.98,32.02,30.91,66256
2020-06-10,31.07,31.14,31.25,30.82,35450
2020-06-11,31.19,31.65,31.68,31.15,70665
2020-06-12,30.98,30.9,31.2,30.71,48009
2020-06-15,30.82,29.88,30.82,29.85,60656
2020-06-16,29.95,30.37,30.49,29.95,37681
2020-06-17,30.5,30.44,30.87,30.28,33666
2020-06-18,30.45,30.47,30.75,30.08,32141
2020-06-19,30.5,30.62,30.62,30.24,30419
2020-06-22,30.5,30.7,31.05,30.5,42984
2020-06-23,30.65,30.83,31.27,30.53,46078
2020-06-24,30.8,30.2,30.82,30.05,42150
2020-06-29,30.05,29.53,30.16,29.4,42576
2020-06-30,29.56,30.0,30.1,29.56,30190
2020-07-01,29.99,30.57,30.66,29.91,43911
2020-07-02,30.54,31.07,31.17,30.23,59559
2020-07-03,31.06,31.38,31.87,31.05,82011
2020-07-06,31.6,33.3,33.48,31.6,137705
2020-07-07,34.0,33.02,34.1,32.8,130492
2020-07-08,32.8,36.32,36.32,32.72,240074
2020-07-09,36.26,36.89,37.73,35.6,263828
2020-07-10,35.95,35.58,37.0,35.31,177360
2020-07-13,34.98,36.2,36.48,34.88,135517
2020-07-14,36.0,35.44,36.87,34.8,134125
2020-07-15,36.02,34.37,36.45,34.31,97503
2020-07-16,35.57,33.7,36.2,33.35,123082
2020-07-17,33.46,32.97,33.65,32.45,79735
2020-07-20,33.2,35.35,35.76,33.11,97538
2020-07-21,34.83,34.49,35.29,34.2,63125
2020-07-22,34.89,35.09,35.53,34.59,78909
2020-07-23,35.8,35.71,37.56,35.37,157931
2020-07-24,35.2,34.51,36.7,33.75,126960
2020-07-27,34.21,34.24,35.05,33.03,77914
2020-07-28,34.65,34.88,36.43,34.56,115726
2020-07-29,34.32,35.09,35.15,33.8,83844
2020-07-30,34.95,34.41,35.3,34.0,69762
2020-07-31,34.1,33.98,34.43,33.44,71686
2020-08-03,33.99,35.1,35.27,33.99,92557
2020-08-04,35.13,35.28,35.65,34.58,83260
2020-08-05,35.38,36.58,37.66,34.86,180938
2020-08-06,36.0,36.56,37.23,35.7,168778
2020-08-07,36.31,37.5,37.68,36.09,183442
2020-08-10,37.3,35.87,37.3,35.66,120746
2020-08-11,36.02,36.2,37.5,36.0,130026
2020-08-12,35.5,34.51,35.5,33.88,101463
2020-08-13,34.51,34.2,34.71,33.7,58179
2020-08-14,34.12,34.41,34.49,33.85,39301
2020-08-17,34.5,35.2,35.23,34.13,63851
2020-08-18,35.33,34.97,35.58,34.73,49306
2020-08-19,35.7,35.03,36.39,34.81,77607
2020-08-20,34.33,33.87,34.48,33.8,56528
2020-08-21,34.0,34.0,34.28,33.66,37242
2020-08-24,33.99,34.08,34.2,33.55,31141
2020-08-25,34.25,33.36,34.36,33.3,44433
2020-08-26,33.04,32.0,33.24,32.0,48714
2020-08-27,32.22,32.35,32.49,32.06,26199
2020-08-28,32.35,32.85,32.88,32.19,33263
2020-08-31,32.65,32.67,33.28,32.61,30109
2020-09-01,32.71,33.02,33.2,32.6,25497
2020-09-02,32.8,32.4,32.99,32.28,26347
2020-09-03,32.27,31.99,32.51,31.82,28793
2020-09-04,31.52,32.3,32.33,31.38,22705
2020-09-07,32.3,31.6,32.48,31.36,26484
2020-09-08,31.63,32.0,32.13,31.5,23746
2020-09-09,31.5,31.26,32.0,31.0,27764
2020-09-10,31.5,31.27,31.75,31.02,25641
2020-09-11,31.24,31.31,31.45,31.02,19548
2020-09-14,31.34,31.95,31.98,31.33,25858
2020-09-15,31.95,32.15,32.25,31.55,24254
2020-09-16,32.01,31.88,32.27,31.55,17328
2020-09-17,31.86,31.32,31.86,31.0,21882
2020-09-18,31.33,31.88,31.97,31.2,22768
2020-09-21,31.88,31.91,32.18,31.8,21683
2020-09-22,31.63,30.84,31.63,30.82,26010
2020-09-23,31.0,30.91,31.46,30.76,21303
2020-09-24,30.5,29.79,30.51,29.74,29432
2020-09-25,29.99,29.65,29.99,29.36,18066
2020-09-28,29.67,29.32,29.88,29.25,12830
2020-09-29,29.4,29.3,29.84,29.3,16362
2020-09-30,29.52,29.16,29.68,29.01,13997
2020-10-09,30.02,29.97,30.23,29.63,17725
2020-10-12,30.15,30.69,30.72,30.15,25188
2020-10-13,30.57,30.27,30.58,30.14,27255
2020-10-14,30.3,29.86,30.3,29.85,18359
2020-10-15,29.8,29.63,30.23,29.58,19598
2020-10-16,29.64,29.49,29.76,29.32,13305
2020-10-19,29.55,29.52,29.88,29.41,14629
2020-10-20,29.5,29.63,29.66,29.0,17899
2020-10-21,29.51,29.46,29.89,29.23,13591
2020-10-22,29.36,29.29,29.45,29.06,12139
2020-10-23,29.19,29.18,29.54,29.0,13770
2020-10-26,29.18,28.61,29.18,28.46,20004
2020-10-27,28.7,28.82,29.18,28.6,17139
2020-10-28,28.71,29.24,29.26,28.63,17527
2020-10-29,29.05,29.15,29.23,28.8,15567
2020-10-30,29.25,28.14,29.28,28.06,23392
2020-11-02,28.04,27.6,28.21,27.18,26172
2020-11-03,27.87,29.06,29.49,27.8,43805
2020-11-04,29.09,28.96,29.2,28.69,22884
2020-11-05,29.17,29.22,29.27,28.7,25248
2020-11-06,29.28,29.6,29.74,29.02,38701
2020-11-09,29.58,30.07,30.3,29.5,45320
2020-11-10,30.2,29.78,30.34,29.66,34886
2020-11-11,29.57,29.8,30.35,29.55,36780
2020-11-12,29.69,29.55,30.02,29.4,24692
2020-11-13,29.6,30.14,30.99,29.5,56801
2020-11-16,30.2,31.48,31.88,30.2,85114
2020-11-17,31.5,30.75,31.6,30.46,57134
2020-11-18,30.78,31.3,31.43,30.6,53189
2020-11-19,31.02,30.43,31.26,30.2,42242
2020-11-20,30.7,31.61,31.94,30.37,79125
2020-11-23,31.61,32.31,32.99,31.35,117191
2020-11-24,32.32,33.8,35.2,31.85,186842
2020-11-25,33.88,33.15,34.34,32.88,150827
2020-11-26,33.8,33.79,34.0,32.68,123186
2020-11-27,33.49,33.16,34.0,32.26,100943
2020-11-30,33.1,33.1,34.38,33.0,102402
2020-12-01,33.03,33.19,33.54,32.41,86408
2020-12-02,32.9,33.06,33.99,32.67,92226
2020-12-03,33.0,32.12,33.0,31.64,76698
2020-12-04,32.07,32.74,33.08,31.78,63159
2020-12-07,32.9,33.28,33.54,32.54,77982
2020-12-08,33.21,32.16,33.38,32.14,54028
2020-12-09,32.05,31.08,32.44,31.01,66303
2020-12-10,31.1,31.1,31.34,30.8,36027
2020-12-11,31.31,30.23,31.65,30.06,45983
2020-12-14,30.09,30.08,30.21,29.53,31660
2020-12-15,29.8,30.05,30.1,29.66,20523
2020-12-16,31.3,30.18,31.34,29.89,35747
2020-12-17,29.59,31.07,31.23,29.0,69185
2020-12-18,30.83,31.31,31.94,30.59,62161
2020-12-21,31.28,31.42,31.53,30.77,51820
2020-12-22,31.3,29.97,31.31,29.88,61187
2020-12-23,29.86,30.69,31.32,29.81,54191
2020-12-24,31.16,30.1,31.19,30.01,43364
2020-12-25,30.08,31.0,31.25,29.68,54248
2020-12-28,31.0,30.03,31.23,29.95,46106
2020-12-29,30.04,28.88,30.21,28.87,53129
2020-12-30,29.03,29.36,30.05,28.81,42869
2020-12-31,29.39,30.17,30.43,28.96,50548
2021-01-04,30.35,31.22,31.36,30.17,70750
2021-01-05,31.0,31.18,31.36,30.46,54864
2021-01-06,31.1,31.16,31.41,30.63,48962
2021-01-07,31.0,31.58,32.01,31.0,81088
2021-01-08,31.77,31.15,31.77,30.0,67563
2021-01-11,31.13,31.71,32.88,30.58,115658
2021-01-12,31.0,31.3,31.48,30.4,74244
2021-01-13,31.0,31.92,32.88,31.0,104937
2021-01-14,31.93,31.05,32.13,30.71,65689
2021-01-15,31.11,30.52,32.44,30.24,87012
2021-01-18,33.57,33.57,33.57,32.44,133469
2021-01-19,33.68,31.57,33.9,31.1,185674
2021-01-20,31.3,34.73,34.73,30.8,250964
2021-01-21,34.71,38.2,38.2,34.06,353250
2021-01-22,39.0,36.69,39.94,36.47,357125
2021-01-25,36.78,35.6,38.0,35.5,250886
2021-01-26,35.27,37.07,38.5,35.05,223130
2021-01-27,36.65,35.32,36.67,34.11,146366
2021-01-28,34.56,36.38,38.5,34.38,171246
2021-01-29,37.07,35.86,37.72,35.11,142229
2021-02-01,35.2,34.73,35.88,34.11,105755
2021-02-02,35.5,37.43,37.99,34.66,189731
2021-02-03,36.77,38.53,40.14,36.66,263484
2021-02-04,37.53,36.35,38.66,35.76,175783
2021-02-05,35.34,32.72,35.95,32.72,194386
2021-02-08,32.13,32.2,32.85,31.28,103013
2021-02-09,32.3,34.5,34.98,32.29,156385
2021-02-10,34.5,37.27,37.66,34.26,182992
2021-02-18,39.89,39.55,39.95,38.52,211350
2021-02-19,39.01,38.35,39.3,37.36,177824
2021-02-22,39.5,40.58,42.19,39.11,297293
2021-02-23,39.3,38.88,40.48,38.62,207653
2021-02-24,39.0,37.77,39.16,36.9,154202
2021-02-25,38.8,37.37,39.1,36.81,119858
2021-02-26,35.5,36.35,38.0,35.33,118110
2021-03-01,36.34,39.99,39.99,36.06,218016
2021-03-02,41.0,42.77,43.99,40.42,381883
2021-03-03,42.77,47.05,47.05,42.77,341971
2021-03-04,49.0,47.91,51.55,46.55,511205
2021-03-05,46.3,46.92,48.2,44.5,337206
2021-03-08,47.8,45.3,48.7,44.81,307464
2021-03-09,43.0,40.77,43.98,40.77,273873
2021-03-10,41.0,41.68,42.8,39.88,239222
2021-03-11,42.1,43.22,43.87,41.06,234876
2021-03-12,42.66,41.84,43.37,40.97,227835
2021-03-15,41.26,42.6,43.37,41.06,173595
2021-03-16,42.5,40.3,42.66,39.5,197387
2021-03-17,39.49,40.65,40.94,39.38,117850
2021-03-18,40.45,39.55,40.87,39.3,116670
2021-03-19,38.7,39.09,39.88,38.47,113867
2021-03-22,38.7,38.47,39.4,38.13,101855
2021-03-23,38.51,35.83,38.75,35.42,166996
2021-03-24,35.46,34.65,36.06,34.34,115150
2021-03-25,34.91,34.97,36.27,34.91,126315
2021-03-26,35.02,35.74,36.44,34.8,124996
2021-03-29,35.72,35.6,36.51,34.88,107853
2021-03-30,35.75,39.16,39.16,35.5,231903
2021-03-31,38.0,37.69,38.5,37.28,183078
2021-04-01,37.46,37.4,38.36,37.13,105693
2021-04-02,37.45,37.05,37.67,36.36,92358
2021-04-06,37.23,37.18,37.7,36.95,81805
2021-04-07,36.93,37.8,38.17,36.41,132072
2021-04-08,37.12,37.8,38.4,36.61,143536
2021-04-09,38.08,39.01,39.6,37.88,187066
2021-04-12,38.5,36.99,38.99,36.76,140479
2021-04-13,36.77,35.99,37.17,35.83,81772
2021-04-14,35.85,36.33,36.55,35.8,66021
2021-04-15,36.08,36.69,36.76,35.23,76182
2021-04-16,36.56,35.8,36.7,35.48,89141
2021-04-19,35.25,36.62,36.9,34.98,97776
2021-04-20,36.35,36.97,38.12,36.18,132324
2021-04-21,36.45,36.12,37.09,35.83,91424
2021-04-22,36.15,36.2,36.7,35.97,65070
2021-04-23,36.01,35.8,36.35,35.1,72574
2021-04-26,35.61,35.14,36.35,35.1,88776
2021-04-27,35.2,34.32,35.68,33.5,95568
2021-04-28,34.26,35.13,35.46,33.68,78365
2021-04-29,35.11,34.54,35.2,34.2,66390
2021-04-30,33.95,33.26,34.27,33.0,99810
2021-05-06,33.26,33.96,34.25,33.1,73152
2021-05-07,34.06,35.17,36.17,33.88,156418
2021-05-10,35.76,36.5,36.51,35.42,144185
2021-05-11,35.65,34.36,35.65,33.91,121475
2021-05-12,34.29,36.36,37.55,34.2,155309
2021-05-13,35.62,34.88,36.09,34.76,106039
2021-05-14,34.89,35.19,35.49,34.14,78019
2021-05-17,34.98,35.88,35.96,34.55,93418
2021-05-18,35.91,36.25,36.69,35.52,103874
2021-05-19,35.98,35.98,36.63,35.1,99391
2021-05-20,35.4,34.21,35.41,33.92,112969
2021-05-21,34.21,34.26,34.8,34.01,53844
2021-05-24,33.88,33.84,34.25,33.66,58201
2021-05-25,34.0,34.41,34.54,33.81,64259
2021-05-26,34.56,35.53,35.92,34.3,127287
2021-05-27,35.25,35.42,35.68,35.08,76704
2021-05-28,35.87,35.31,36.16,35.12,83159
2021-05-31,35.25,36.28,36.77,35.18,125268
2021-06-01,36.0,36.16,36.27,35.4,81041
2021-06-02,35.94,35.7,36.66,35.5,87838
2021-06-03,35.6,36.99,38.05,35.6,203195
2021-06-04,36.42,36.39,37.06,36.1,109135
2021-06-07,36.45,36.09,37.19,35.7,76701
2021-06-08,36.16,35.01,36.55,34.78,91391
2021-06-09,35.06,34.92,35.38,34.78,58887
2021-06-10,34.9,34.92,35.2,34.59,62641
2021-06-11,34.8,34.3,34.99,34.08,65335
2021-06-15,34.24,33.39,34.47,33.36,68128
2021-06-16,33.36,32.78,33.92,32.61,57803
2021-06-17,32.86,32.93,33.06,32.66,37608
2021-06-18,32.78,33.19,33.28,31.8,58093
2021-06-21,32.82,33.36,33.5,32.78,38755
2021-06-22,33.51,34.43,34.88,33.18,92483
2021-06-23,34.3,33.95,34.3,33.66,57321
2021-06-24,34.01,34.49,35.0,33.71,87128
2021-06-25,34.35,34.12,34.43,33.83,58249
2021-06-28,33.88,33.76,34.29,33.71,43888
2021-06-29,33.66,33.6,34.48,33.58,58065
2021-06-30,33.41,33.81,34.6,33.32,58896
2021-07-01,33.9,32.89,33.96,32.85,57615
2021-07-02,32.9,33.54,34.93,32.73,99146
2021-07-05,33.81,35.23,35.66,33.68,162978
2021-07-06,35.0,35.9,36.39,34.63,187867
2021-07-07,35.38,38.04,39.0,34.77,292488
2021-07-08,37.75,38.27,40.5,37.75,323128
2021-07-09,38.0,42.1,42.1,38.0,264578
2021-07-12,45.5,43.78,46.31,43.5,510584
2021-07-13,42.5,41.74,42.8,40.85,319995
2021-07-14,41.0,40.47,41.67,39.82,223269
2021-07-15,40.25,44.52,44.52,38.8,365670
2021-07-16,43.0,43.45,46.38,42.7,341993
2021-07-19,43.35,46.26,47.8,43.35,493521
2021-07-20,45.76,45.99,47.77,45.12,299260
2021-07-21,46.3,47.54,48.55,44.68,399161
2021-07-22,47.21,45.8,47.49,45.66,297798
2021-07-23,45.62,46.1,47.8,44.9,283326
2021-07-26,45.9,46.1,47.5,44.4,213722
2021-07-27,45.74,42.01,47.88,42.01,317208
2021-07-28,41.2,44.82,46.21,41.02,449776
2021-07-29,45.64,47.0,47.48,44.45,393319
2021-07-30,46.27,49.02,49.96,44.69,430329
2021-08-02,48.44,46.62,49.68,45.0,375781
2021-08-03,46.16,44.0,47.89,43.49,264259
2021-08-04,43.99,46.5,47.08,43.99,254087
2021-08-05,45.82,47.13,48.5,44.88,294510
2021-08-06,46.93,49.31,51.18,46.93,346831
2021-08-09,48.58,47.83,49.22,46.49,248980
2021-08-10,47.47,50.67,52.61,47.4,465096
2021-08-11,50.0,51.2,51.6,48.4,313963
2021-08-12,50.0,49.82,50.88,48.89,187413
2021-08-13,49.7,48.2,52.49,48.2,214436
2021-08-16,47.2,45.8,47.95,45.33,209293
2021-08-17,46.2,45.51,47.3,45.01,168843
2021-08-18,45.51,44.38,46.3,43.79,174221
2021-08-19,43.88,45.03,45.5,42.88,170771
2021-08-20,44.0,45.88,46.8,43.65,188265
2021-08-23,45.64,47.3,48.0,45.51,196962
2021-08-24,47.48,47.41,49.38,47.0,198978
2021-08-25,47.11,52.15,52.15,47.11,351500
2021-08-26,53.49,52.88,54.09,52.01,316814
2021-08-27,52.82,53.48,54.62,51.6,243338
2021-08-30,53.0,54.35,55.59,52.7,261401
2021-08-31,54.5,56.2,56.67,53.74,282157
2021-09-01,55.83,50.58,57.5,50.58,353129
2021-09-02,50.88,50.44,51.45,49.15,201332
2021-09-03,49.52,47.67,51.4,46.9,218758
2021-09-06,46.9,48.08,48.37,46.6,149778
2021-09-07,47.95,49.37,49.68,47.58,173643
2021-09-08,49.11,49.65,51.09,49.02,137378
2021-09-09,49.65,54.62,54.62,49.13,194482
2021-09-10,57.12,60.08,60.08,56.55,240685
2021-09-13,63.09,66.08,66.09,61.69,381403
2021-09-14,65.13,72.69,72.69,65.13,397429
2021-09-15,71.79,66.98,73.88,66.31,404960
2021-09-16,69.81,64.44,70.09,63.8,349738
2021-09-17,66.24,61.68,66.49,59.42,239469
2021-09-22,61.59,61.71,64.76,60.71,214919
2021-09-23,62.55,61.69,63.4,59.65,237946
2021-09-24,63.86,60.38,67.21,59.21,284122
2021-09-27,56.84,54.34,58.0,54.34,197543
2021-09-28,53.0,53.56,54.06,51.75,184051
2021-09-29,52.8,50.89,53.52,50.38,127467
2021-09-30,51.29,53.0,53.5,50.72,132329
2021-10-08,53.88,51.15,54.2,49.38,131801
2021-10-11,50.1,50.2,51.27,49.11,87116
2021-10-12,50.36,46.82,50.48,46.37,127539
2021-10-13,47.97,47.77,48.73,46.5,104349
2021-10-14,47.74,47.92,48.87,47.4,92957
2021-10-15,48.44,47.9,48.44,46.91,88021
2021-10-18,48.19,48.85,48.85,47.06,131546
2021-10-19,48.38,50.0,50.48,47.69,164003
2021-10-20,49.0,50.34,50.95,47.8,160406
2021-10-21,51.16,51.8,53.78,50.17,235582
2021-10-22,51.0,48.99,51.5,48.45,182799
2021-10-25,48.42,50.11,50.6,47.55,139851
2021-10-26,50.11,51.69,51.9,49.66,180138
2021-10-27,51.3,50.23,51.7,49.35,118940
2021-10-28,49.85,45.43,50.16,45.24,156227
2021-10-29,45.79,48.14,48.95,45.79,136395
2021-11-01,47.74,46.42,49.57,46.16,103263
2021-11-02,46.61,47.34,48.67,45.21,130995
2021-11-03,46.37,49.16,50.36,45.62,155420
2021-11-04,48.79,50.35,50.41,47.92,124853
2021-11-05,50.01,48.66,50.84,48.55,141457
2021-11-08,48.7,50.1,50.51,48.61,140661
2021-11-09,49.8,48.96,50.25,48.71,90151
2021-11-10,48.5,47.46,49.3,46.49,101282
2021-11-11,46.98,47.16,47.96,46.86,63714
2021-11-12,47.25,47.31,48.6,47.14,67994
2021-11-15,46.88,45.27,47.09,45.25,103776
2021-11-16,45.28,44.0,45.72,44.0,83617
2021-11-17,44.43,45.53,46.0,44.22,79259
2021-11-18,45.3,47.19,47.96,45.11,114649
2021-11-19,46.6,46.9,47.53,46.5,76288
2021-11-22,46.88,48.99,49.31,46.81,132769
2021-11-23,50.0,49.05,50.8,48.88,142856
2021-11-24,48.66,51.05,51.68,48.66,206200
2021-11-25,51.05,51.27,53.0,50.0,171389
2021-11-26,50.95,56.4,56.4,50.87,127250
2021-11-29,56.5,57.7,58.93,55.2,319744
2021-11-30,57.11,54.62,58.66,54.39,223250
2021-12-01,53.9,53.88,54.7,52.97,135908
2021-12-02,53.87,57.5,57.98,53.25,242494
2021-12-03,56.57,56.08,57.15,54.53,177186
2021-12-06,56.25,56.3,58.3,55.0,186866
2021-12-07,56.22,54.3,57.3,52.8,169340
2021-12-08,54.95,54.97,55.82,53.77,103914
2021-12-09,54.88,54.66,56.38,54.28,101250
2021-12-10,54.76,55.91,57.28,54.0,117305
2021-12-13,55.91,57.58,57.58,54.69,129686
2021-12-14,57.36,54.47,57.5,54.19,155383
2021-12-15,53.81,53.33,55.5,53.13,105488
2021-12-16,52.94,53.4,53.58,51.83,86104
2021-12-17,53.51,51.8,53.7,51.8,86904
2021-12-20,51.79,54.9,56.98,51.7,212540
2021-12-21,54.02,53.3,56.48,53.08,136627
2021-12-22,53.0,52.8,54.09,52.0,92337
2021-12-23,53.3,50.34,53.49,50.31,156116
2021-12-24,49.99,47.83,50.24,47.57,113473
2021-12-27,47.71,47.68,48.15,46.66,54752
2021-12-28,47.7,49.16,49.45,47.7,74916
2021-12-29,48.9,48.9,50.08,48.8,61004
2021-12-30,49.1,49.42,50.19,49.02,53834
2021-12-31,49.06,49.24,50.1,49.06,52144
2022-01-04,49.38,48.45,49.7,47.59,63100
2022-01-05,48.4,46.91,48.89,46.66,56811
2022-01-06,46.7,47.38,47.98,46.6,42296
2022-01-07,47.5,46.41,47.73,45.71,62392
2022-01-10,46.65,46.82,47.35,46.25,42461
2022-01-11,46.82,46.69,47.39,46.6,41456
2022-01-12,47.27,47.41,47.6,46.86,61255
2022-01-13,47.4,46.31,47.41,46.1,48930
2022-01-14,46.33,46.99,47.92,45.88,73441
2022-01-17,46.6,46.07,46.76,45.4,49528
2022-01-18,46.29,45.72,46.51,45.5,41353
2022-01-19,45.61,44.96,45.96,44.6,43545
2022-01-20,45.19,44.26,45.69,44.0,38403
2022-01-21,44.25,44.32,44.97,44.06,30634
2022-01-24,44.32,45.91,45.98,44.02,54905
2022-01-25,45.76,44.08,46.25,44.0,45893
2022-01-26,44.11,45.06,45.5,43.51,33907
2022-01-27,44.96,43.7,45.49,43.64,37873
2022-01-28,43.49,40.7,43.49,39.5,81552
2022-02-07,41.24,43.6,44.35,41.1,68275
2022-02-08,43.6,43.21,43.6,42.21,43072
2022-02-09,43.0,44.48,44.88,42.84,49537
2022-02-10,44.9,44.66,45.5,44.19,44452
2022-02-11,44.69,44.6,45.53,44.1,47523
2022-02-14,44.35,45.1,45.75,44.28,52828
2022-02-15,45.5,45.45,45.98,44.41,49620
2022-02-16,45.88,46.7,47.66,45.46,74794
2022-02-17,46.25,47.27,47.74,46.02,79760
2022-02-18,46.94,46.88,47.1,46.3,44185
2022-02-21,46.5,46.71,47.5,46.24,46783
2022-02-22,46.61,47.03,47.44,46.41,53990
2022-02-23,47.24,47.54,47.8,46.71,53904
2022-02-24,47.4,46.31,48.67,45.5,97624
2022-02-25,47.28,47.31,48.78,46.81,106891
2022-02-28,47.39,48.03,48.36,46.81,60007
2022-03-01,48.03,46.92,48.46,46.77,52425
2022-03-02,46.73,48.32,50.0,46.6,117945
2022-03-03,48.45,46.99,48.7,46.89,80847
2022-03-04,46.9,46.65,48.36,46.41,60929
2022-03-07,44.75,45.68,46.46,44.2,58251
2022-03-08,45.68,44.0,46.37,43.68,67942
2022-03-09,44.28,43.18,44.67,41.0,57735
2022-03-10,44.0,44.77,45.85,43.5,57653
2022-03-11,44.25,44.17,44.49,42.71,48531
2022-03-14,43.51,42.16,43.79,42.1,48262
2022-03-15,41.75,39.7,42.5,39.6,63275
2022-03-16,40.27,40.71,40.79,38.01,65568
2022-03-17,41.6,43.0,44.22,41.51,94902
2022-03-18,42.66,42.13,42.97,41.93,47280
2022-03-21,42.01,42.75,43.61,42.01,46535
2022-03-22,42.41,42.0,42.98,41.64,38714
2022-03-23,42.33,41.73,42.33,41.56,30778
2022-03-24,41.6,41.45,41.95,41.02,35322
2022-03-25,41.6,40.88,42.28,40.82,34012
2022-03-28,40.0,40.23,40.48,39.19,38820
2022-03-29,40.16,38.84,40.32,38.74,51516
2022-03-30,39.3,40.33,40.56,39.27,49894
2022-03-31,40.07,39.21,40.28,39.11,37987
2022-04-01,39.1,38.87,39.35,38.71,38077
2022-04-06,38.87,38.42,38.89,38.0,37676
2022-04-07,38.17,38.17,39.16,37.88,51515
2022-04-08,38.21,37.7,38.38,36.94,36183
2022-04-11,37.06,35.31,37.29,35.0,63481
2022-04-12,35.13,35.86,35.95,34.71,56914
2022-04-13,35.77,36.21,36.84,35.3,61824
2022-04-14,36.83,36.48,36.95,36.07,32883
2022-04-15,36.26,36.24,36.84,36.0,34548
2022-04-18,35.83,36.5,36.77,34.85,38723
2022-04-19,36.5,36.78,37.4,36.45,39040
2022-04-20,36.96,35.67,37.13,35.57,32371
2022-04-21,35.99,33.88,35.99,33.76,50558
2022-04-22,33.69,33.55,34.15,33.06,39972
2022-04-25,32.88,30.26,32.88,30.26,61851
2022-04-26,30.32,29.3,31.3,29.01,67678
2022-04-27,28.94,31.92,31.95,28.32,74752
2022-04-28,31.08,31.24,31.76,30.66,47444
2022-04-29,31.78,32.88,33.23,31.2,63163
2022-05-05,32.6,33.04,33.98,32.45,48495
2022-05-06,31.99,32.22,32.65,31.86,42647
2022-05-09,32.33,33.91,34.45,31.98,57732
2022-05-10,33.35,34.23,34.9,33.19,51280
2022-05-11,34.39,34.53,35.85,33.99,81071
2022-05-12,34.19,35.06,35.5,34.19,57847
2022-05-13,35.8,35.04,35.9,34.57,43099
2022-05-16,35.4,35.25,35.89,35.0,46165
2022-05-17,35.26,35.95,36.16,35.03,51465
2022-05-18,36.1,36.06,36.68,35.69,40251
2022-05-19,35.4,36.08,36.18,35.15,41289
2022-05-20,36.36,36.83,36.94,35.84,51695
2022-05-23,37.4,37.55,37.77,36.6,61249
2022-05-24,37.11,35.93,38.08,35.91,65141
2022-05-25,36.09,36.27,36.69,35.53,43103
2022-05-26,36.15,36.28,36.58,35.26,40162
2022-05-27,36.48,36.01,37.18,35.68,36946
2022-05-30,36.6,36.23,36.61,35.84,31659
2022-05-31,36.38,36.52,36.57,35.47,39432
2022-06-01,36.67,36.23,36.67,35.89,32371
2022-06-02,36.0,39.85,39.85,35.8,98527
2022-06-06,40.5,40.16,41.38,39.8,174110
2022-06-07,39.8,39.81,40.52,39.48,102325
2022-06-08,39.53,42.15,43.5,39.52,195673
2022-06-09,41.63,41.68,42.75,41.3,102517
2022-06-10,41.39,45.85,45.85,41.33,148638
2022-06-13,46.0,50.44,50.44,45.81,202689
2022-06-14,51.79,53.98,55.48,51.79,332983
2022-06-15,53.22,52.73,54.4,51.1,226482
2022-06-16,53.0,52.48,55.23,51.49,179710
2022-06-17,52.74,51.77,53.0,50.02,195592
2022-06-20,52.12,50.17,52.4,48.99,173270
2022-06-21,50.66,48.29,51.4,47.52,190786
2022-06-22,47.8,47.62,49.18,47.48,112528
2022-06-23,48.55,48.34,48.99,46.1,142143
2022-06-24,48.38,48.46,48.86,47.47,122282
2022-06-27,48.71,53.31,53.31,48.25,267748
2022-06-28,53.31,55.79,57.45,53.14,269641
2022-06-29,54.85,51.15,55.75,51.0,187710
2022-06-30,51.75,50.65,52.18,49.9,118944
2022-07-01,50.5,51.11,52.15,49.8,109230
2022-07-04,50.5,52.09,52.35,50.4,109341
2022-07-05,51.35,50.71,51.66,49.68,111894
2022-07-06,50.12,49.3,50.94,48.66,87512
2022-07-07,49.74,52.05,53.12,49.3,147985
2022-07-08,51.98,52.08,54.32,51.56,112248
2022-07-11,57.29,57.29,57.29,56.0,156177
2022-07-12,59.99,51.56,59.99,51.56,325681
2022-07-13,51.68,50.0,52.46,49.0,202515
2022-07-14,48.87,50.92,51.89,48.59,145079
2022-07-15,50.3,50.5,53.21,50.28,130651
2022-07-18,51.17,51.49,52.99,50.6,119028
2022-07-19,51.01,51.6,53.12,50.6,122823
2022-07-20,52.07,50.75,52.5,50.42,104005
2022-07-21,50.2,48.91,50.68,48.88,95949
2022-07-22,49.0,47.88,49.3,47.34,88649
2022-07-25,47.66,47.35,48.45,47.25,57264
2022-07-26,47.4,47.87,48.58,47.05,61332
2022-07-27,48.0,48.25,49.11,47.12,72798
2022-07-28,48.6,48.41,49.25,47.8,94870
2022-07-29,48.27,47.77,48.91,47.5,61518
2022-08-01,47.5,48.73,49.15,46.41,79658
2022-08-02,48.2,45.63,48.2,45.32,111990
2022-08-03,45.95,49.78,50.19,45.94,229497
2022-08-04,48.91,47.84,49.34,47.09,140785
2022-08-05,47.89,50.4,51.51,47.52,160926
2022-08-08,50.41,50.77,51.4,49.52,103997
2022-08-09,50.36,50.47,51.17,50.0,69976
2022-08-10,50.46,51.37,52.61,50.4,133707
2022-08-11,50.88,51.39,51.89,50.0,97678
2022-08-12,51.3,50.51,52.22,50.5,71048
2022-08-15,50.25,52.11,52.86,50.12,110172
2022-08-16,51.94,50.78,52.19,50.39,87072
2022-08-17,50.78,50.51,50.98,48.87,97088
2022-08-18,50.1,50.79,52.21,49.8,89253
2022-08-19,50.71,48.91,51.45,48.91,83020
2022-08-22,48.75,49.7,49.86,47.67,61992
2022-08-23,49.48,48.64,49.7,48.19,64070
2022-08-24,48.98,46.38,49.1,46.02,100721
2022-08-25,46.69,46.17,46.78,45.22,57367
2022-08-26,45.85,46.69,47.77,45.85,52951
2022-08-29,46.0,45.8,46.9,45.53,47739
2022-08-30,45.9,45.29,46.12,45.01,49013
2022-08-31,45.29,43.95,45.6,43.6,56791
2022-09-01,43.55,43.56,44.6,43.1,45582
2022-09-02,43.8,43.21,43.97,43.0,33251
2022-09-05,42.78,43.43,43.47,41.8,61480
2022-09-06,43.44,44.48,44.96,43.05,57779
2022-09-07,44.44,45.12,45.75,44.1,52110
2022-09-08,45.04,44.26,45.41,44.22,33433
2022-09-09,44.3,45.02,45.71,44.23,46244
2022-09-13,44.8,45.2,46.13,44.8,53475
2022-09-14,44.2,43.18,44.76,42.8,119800
2022-09-15,43.59,41.03,43.6,40.29,103229
2022-09-16,40.99,40.48,41.5,40.45,53317
2022-09-19,40.43,40.25,41.1,40.06,41728
2022-09-20,41.0,41.36,41.87,40.71,67358
2022-09-21,41.43,42.35,43.16,41.17,85325
2022-09-22,41.87,42.06,42.82,41.65,66623
2022-09-23,42.08,41.07,42.34,40.24,62383
2022-09-26,40.95,40.94,41.69,39.93,49894
2022-09-27,40.87,40.86,41.35,40.1,42171
2022-09-28,40.61,38.67,40.86,38.6,61088
2022-09-29,39.18,39.32,40.08,38.98,49548
2022-09-30,39.52,38.79,39.97,38.6,41611
2022-10-10,38.79,37.5,39.3,37.26,50407
2022-10-11,37.7,38.05,38.54,37.6,37082
2022-10-12,38.31,39.05,39.05,36.99,52541
2022-10-13,38.78,39.62,41.12,38.63,73851
2022-10-14,39.79,40.07,40.45,39.5,50519
2022-10-17,39.36,40.11,40.34,39.31,47931
2022-10-18,40.19,40.17,40.85,39.81,45241
2022-10-19,39.9,39.92,41.15,39.8,52680
2022-10-20,39.69,39.81,40.4,39.02,46173
2022-10-21,40.0,39.26,40.25,39.13,35277
2022-10-24,39.03,38.51,40.56,38.17,51389
2022-10-25,38.37,38.38,38.91,37.37,38484
2022-10-26,38.6,40.83,42.22,38.35,116117
2022-10-27,41.5,44.91,44.91,40.85,227357
2022-10-28,44.88,42.83,45.09,42.81,187039
2022-10-31,42.81,43.2,43.5,41.15,138122
2022-11-01,43.45,45.25,46.38,43.19,209642
2022-11-02,44.01,45.58,46.99,44.0,198696
2022-11-03,45.1,45.64,47.72,44.95,178003
2022-11-04,45.49,46.2,46.8,45.22,121832
2022-11-07,46.8,47.72,48.5,46.47,182664
2022-11-08,47.08,46.44,47.48,45.89,103045
2022-11-09,46.6,46.48,47.18,46.3,78821
2022-11-10,46.32,45.31,46.6,45.28,65717
2022-11-11,47.0,45.34,47.02,45.01,76975
2022-11-14,45.3,44.5,45.74,43.82,65066
2022-11-15,44.62,45.45,45.5,43.93,47494
2022-11-16,45.36,44.39,45.42,44.2,44926
2022-11-17,44.48,44.2,44.8,43.78,53903
2022-11-18,44.0,43.37,44.19,43.18,50877
2022-11-21,42.7,43.42,43.51,42.51,34810
2022-11-22,43.42,42.9,43.73,42.68,51470
2022-11-23,42.7,42.8,43.24,41.79,45023
2022-11-24,42.7,42.83,43.39,42.5,36550
2022-11-25,42.58,41.95,42.79,41.65,36370
2022-11-28,41.13,41.26,41.46,40.71,42118
2022-11-29,41.59,42.35,42.45,41.49,37479
2022-11-30,42.46,42.19,42.68,41.88,30564
2022-12-01,42.58,42.65,43.13,42.31,43524
2022-12-02,42.92,42.05,43.2,42.0,46242
2022-12-05,42.21,44.78,44.96,42.0,118572
2022-12-06,44.22,44.16,44.4,43.58,56141
2022-12-07,43.8,43.49,44.3,43.26,42920
2022-12-08,43.52,43.14,44.05,42.92,39660
2022-12-09,43.15,43.4,43.69,42.67,51725
2022-12-12,43.15,42.08,43.15,41.88,45192
2022-12-13,42.08,43.08,44.42,41.93,80912
2022-12-14,42.9,43.13,43.96,42.71,39175
2022-12-15,43.01,43.36,43.38,42.3,33848
2022-12-16,42.87,42.16,43.2,41.88,37311
2022-12-19,41.86,41.68,43.19,41.31,42053
2022-12-20,41.24,41.31,42.08,41.1,25181
2022-12-21,41.19,40.76,41.57,40.18,31526
2022-12-22,40.88,39.76,40.96,39.65,34462
2022-12-23,39.5,39.5,40.04,39.08,27114
2022-12-26,39.49,39.85,39.87,39.31,32152
2022-12-27,39.85,41.42,41.48,39.85,49366
2022-12-28,41.27,41.19,42.12,40.58,46999
2022-12-29,41.37,41.27,42.02,41.03,26380
2022-12-30,41.46,40.2,41.75,39.99,43425
2023-01-03,40.2,41.24,41.9,40.2,55888
2023-01-04,41.28,40.34,41.28,40.06,41894
2023-01-05,40.5,40.86,41.35,40.21,45946
2023-01-06,40.63,41.39,41.93,40.63,51322
2023-01-09,41.7,42.81,42.96,41.45,76967
2023-01-10,42.67,42.22,42.76,41.92,39007
2023-01-11,42.23,42.22,42.88,42.2,39248
2023-01-12,42.45,41.92,42.85,41.81,30764
2023-01-13,42.24,42.15,42.48,41.43,29590
2023-01-16,42.28,42.94,43.5,42.17,57191
2023-01-17,43.11,43.69,44.01,42.99,56761
2023-01-18,43.74,43.79,44.3,43.53,41067
2023-01-19,43.68,44.02,44.12,43.51,27942
2023-01-20,44.02,45.9,46.35,43.82,118257
2023-01-30,46.31,45.9,47.19,45.86,113506
2023-01-31,45.33,46.69,47.03,45.14,91389
2023-02-01,47.0,49.31,50.57,46.75,175386
2023-02-02,49.0,49.05,49.42,48.49,111877
2023-02-03,48.88,48.12,49.0,47.5,82925
2023-02-06,47.85,47.48,47.85,46.59,70882
2023-02-07,47.6,48.38,48.7,46.81,79260
2023-02-08,48.04,47.51,48.88,47.5,68554
2023-02-09,47.58,47.71,47.96,47.3,45486
2023-02-10,47.35,46.56,47.56,46.22,68328
2023-02-13,46.46,47.25,47.53,46.4,60836
2023-02-14,47.49,47.2,47.77,46.91,45692
2023-02-15,47.08,46.58,47.5,46.39,40587
2023-02-16,46.6,44.7,46.75,44.3,79238
2023-02-17,45.06,47.13,47.97,45.06,149621
2023-02-20,46.66,48.66,50.4,46.35,169615
2023-02-21,48.96,49.0,49.89,48.18,94888
2023-02-22,49.01,48.96,49.77,48.5,85953
2023-02-23,49.08,49.0,50.19,48.54,68728
2023-02-24,49.0,48.21,49.01,47.88,54548
2023-02-27,48.0,47.43,48.69,47.1,60635
2023-02-28,47.44,47.27,47.8,46.58,55648
2023-03-01,47.28,48.11,48.55,47.0,70708
2023-03-02,46.38,44.87,46.38,43.5,254244
2023-03-03,44.27,44.28,45.09,43.86,104625
2023-03-06,44.29,43.41,44.3,42.6,121009
2023-03-07,43.22,43.32,44.28,43.01,92934
2023-03-08,43.0,43.02,43.17,42.7,42781
2023-03-09,42.48,42.78,43.93,42.48,73245
2023-03-10,42.48,42.63,43.22,42.12,55793
2023-03-13,42.75,43.09,43.18,42.3,44005
2023-03-14,43.07,42.21,43.23,41.5,58347
2023-03-15,42.33,42.28,42.88,42.2,41373
2023-03-16,42.0,40.75,42.0,40.72,59286
2023-03-17,41.14,40.83,41.36,40.71,51154
2023-03-20,40.83,40.78,40.98,39.79,57766
2023-03-21,40.65,41.39,41.5,40.47,50609
2023-03-22,41.51,41.0,41.58,40.77,44441
2023-03-23,41.0,41.0,41.3,40.73,35682
2023-03-24,41.0,40.34,41.0,40.11,50493
2023-03-27,40.56,40.48,40.78,40.1,41210
2023-03-28,40.53,40.0,40.66,39.94,39996
2023-03-29,39.88,39.8,40.27,39.5,34528
2023-03-30,39.91,40.16,40.16,39.43,36927
2023-03-31,40.1,39.87,40.48,39.8,53202
2023-04-03,39.6,40.67,40.89,39.58,58153
2023-04-04,40.45,39.88,40.68,39.63,63673
2023-04-06,39.89,40.4,40.41,38.95,103491
2023-04-07,40.05,40.05,40.4,39.99,47141
2023-04-10,40.05,39.39,40.05,39.3,55932
2023-04-11,39.17,40.44,40.56,39.02,64070
2023-04-12,40.2,40.95,41.19,40.14,72473
2023-04-13,40.9,41.0,42.19,40.72,98239
2023-04-14,40.98,41.2,41.79,40.98,57539
2023-04-17,41.5,42.3,42.43,40.9,98029
2023-04-18,42.1,41.8,42.55,41.54,67670
2023-04-19,41.6,40.83,41.85,40.75,55369
2023-04-20,40.68,40.09,40.68,39.9,44461
2023-04-21,39.94,38.86,40.18,38.78,55677
2023-04-24,38.9,38.4,39.25,38.06,35064
2023-04-25,38.24,37.2,38.73,37.02,55624
2023-04-26,36.98,37.57,38.0,36.87,45519
2023-04-27,37.58,37.62,37.71,37.03,28892
2023-04-28,37.63,38.06,38.15,37.5,31408
2023-05-04,37.7,36.57,37.7,36.48,61179
2023-05-05,36.3,36.63,36.69,35.88,37226
2023-05-08,36.61,37.25,37.48,36.58,33413
2023-05-09,37.2,37.4,38.51,36.68,63233
2023-05-10,37.41,37.11,37.48,36.91,25064
2023-05-11,37.02,36.83,37.35,36.8,23366
2023-05-12,36.83,36.27,36.83,36.22,19427
2023-05-15,36.29,37.36,37.45,36.25,35755
2023-05-16,37.5,36.96,37.59,36.87,22683
2023-05-17,36.96,37.13,37.27,36.81,16337
2023-05-18,37.14,36.94,37.25,36.66,18861
2023-05-19,36.94,36.83,36.94,36.31,17801
2023-05-22,36.83,36.76,36.93,36.4,14764
2023-05-23,36.8,36.68,37.11,36.63,16087
2023-05-24,36.6,36.53,36.95,36.37,14408
2023-05-25,36.44,36.17,36.79,35.91,25564
2023-05-26,36.32,35.75,36.32,35.26,27087
2023-05-29,35.64,35.39,35.88,35.29,25674
2023-05-30,35.3,35.26,35.59,34.58,35434
2023-05-31,35.16,35.13,35.43,34.86,20414
2023-06-01,35.08,35.64,35.88,34.91,25597
2023-06-02,35.69,36.17,36.45,35.65,30373
2023-06-05,36.32,35.63,36.34,35.55,26466
2023-06-06,35.6,34.9,35.79,34.67,28632
2023-06-07,34.93,34.27,35.15,34.11,28909
2023-06-08,34.26,34.09,34.37,33.83,25080
2023-06-09,34.18,33.75,34.48,33.56,28411
2023-06-12,33.73,34.36,34.6,33.53,28782
2023-06-13,34.5,34.6,35.07,34.21,23071
2023-06-14,34.6,34.68,34.99,34.37,18102
2023-06-15,34.68,35.87,36.48,34.39,70329
2023-06-16,35.87,35.77,36.1,35.35,34385
2023-06-19,35.72,35.4,35.97,35.3,29001
2023-06-20,35.38,35.45,35.7,35.06,26453
2023-06-21,35.24,34.84,35.66,34.84,22058
2023-06-26,34.51,34.58,35.12,34.43,25810
2023-06-27,34.76,35.15,35.25,34.51,20796
